time_s,delta_w_mps,delta_q_rads,w_gust_mps,delta_w_aero_mps,delta_e_rad,delta_w_dot,delta_q_dot,perturbation_az_mps2,delta_alpha_rad,delta_CL,delta_Cm,delta_Lift_N,delta_PitchMom_Nm,total_thrust_N,propulsion_model_status
0.0,0.0,0.0,0.0,0.0,0.0,0.0,-0.0,-0.0,0.0,0.0,-0.0,0.0,-0.0,nan,MODEL_NOT_IDENTIFIED
0.02,0.0,0.0,0.0,0.0,0.0,0.0,-0.0,-0.0,0.0,0.0,-0.0,0.0,-0.0,nan,MODEL_NOT_IDENTIFIED
0.04,0.0,0.0,0.0,0.0,0.0,0.0,-0.0,-0.0,0.0,0.0,-0.0,0.0,-0.0,nan,MODEL_NOT_IDENTIFIED
0.06,0.0,0.0,0.0,0.0,0.0,0.0,-0.0,-0.0,0.0,0.0,-0.0,0.0,-0.0,nan,MODEL_NOT_IDENTIFIED
0.08,0.0,0.0,0.0,0.0,0.0,0.0,-0.0,-0.0,0.0,0.0,-0.0,0.0,-0.0,nan,MODEL_NOT_IDENTIFIED
0.1,0.0,0.0,0.0,0.0,0.0,0.0,-0.0,-0.0,0.0,0.0,-0.0,0.0,-0.0,nan,MODEL_NOT_IDENTIFIED
0.12,0.0,0.0,0.0,0.0,0.0,0.0,-0.0,-0.0,0.0,0.0,-0.0,0.0,-0.0,nan,MODEL_NOT_IDENTIFIED
0.14,0.0,0.0,0.0,0.0,0.0,0.0,-0.0,-0.0,0.0,0.0,-0.0,0.0,-0.0,nan,MODEL_NOT_IDENTIFIED
0.16,0.0,0.0,0.0,0.0,0.0,0.0,-0.0,-0.0,0.0,0.0,-0.0,0.0,-0.0,nan,MODEL_NOT_IDENTIFIED
0.18,0.0,0.0,0.0,0.0,0.0,0.0,-0.0,-0.0,0.0,0.0,-0.0,0.0,-0.0,nan,MODEL_NOT_IDENTIFIED
0.2,0.0,0.0,0.0,0.0,0.0,0.0,-0.0,-0.0,0.0,0.0,-0.0,0.0,-0.0,nan,MODEL_NOT_IDENTIFIED
0.22,0.0,0.0,0.0,0.0,0.0,0.0,-0.0,-0.0,0.0,0.0,-0.0,0.0,-0.0,nan,MODEL_NOT_IDENTIFIED
0.24,0.0,0.0,0.0,0.0,0.0,0.0,-0.0,-0.0,0.0,0.0,-0.0,0.0,-0.0,nan,MODEL_NOT_IDENTIFIED
0.26,0.0,0.0,0.0,0.0,0.0,0.0,-0.0,-0.0,0.0,0.0,-0.0,0.0,-0.0,nan,MODEL_NOT_IDENTIFIED
0.28,0.0,0.0,0.0,0.0,0.0,0.0,-0.0,-0.0,0.0,0.0,-0.0,0.0,-0.0,nan,MODEL_NOT_IDENTIFIED
0.3,0.0,0.0,0.0,0.0,0.0,0.0,-0.0,-0.0,0.0,0.0,-0.0,0.0,-0.0,nan,MODEL_NOT_IDENTIFIED
0.32,0.0,0.0,0.0,0.0,0.0,0.0,-0.0,-0.0,0.0,0.0,-0.0,0.0,-0.0,nan,MODEL_NOT_IDENTIFIED
0.34,0.0,0.0,0.0,0.0,0.0,0.0,-0.0,-0.0,0.0,0.0,-0.0,0.0,-0.0,nan,MODEL_NOT_IDENTIFIED
0.36,0.0,0.0,0.0,0.0,0.0,0.0,-0.0,-0.0,0.0,0.0,-0.0,0.0,-0.0,nan,MODEL_NOT_IDENTIFIED
0.38,0.0,0.0,0.0,0.0,0.0,0.0,-0.0,-0.0,0.0,0.0,-0.0,0.0,-0.0,nan,MODEL_NOT_IDENTIFIED
0.4,0.0,0.0,0.0,0.0,0.0,0.0,-0.0,-0.0,0.0,0.0,-0.0,0.0,-0.0,nan,MODEL_NOT_IDENTIFIED
0.42,0.0,0.0,0.0,0.0,0.0,0.0,-0.0,-0.0,0.0,0.0,-0.0,0.0,-0.0,nan,MODEL_NOT_IDENTIFIED
0.44,0.0,0.0,0.0,0.0,0.0,0.0,-0.0,-0.0,0.0,0.0,-0.0,0.0,-0.0,nan,MODEL_NOT_IDENTIFIED
0.46,0.0,0.0,0.0,0.0,0.0,0.0,-0.0,-0.0,0.0,0.0,-0.0,0.0,-0.0,nan,MODEL_NOT_IDENTIFIED
0.48,0.0,0.0,0.0,0.0,0.0,0.0,-0.0,-0.0,0.0,0.0,-0.0,0.0,-0.0,nan,MODEL_NOT_IDENTIFIED
0.5,0.0,0.0,0.0,0.0,0.0,0.0,-0.0,-0.0,0.0,0.0,-0.0,0.0,-0.0,nan,MODEL_NOT_IDENTIFIED
0.52,0.0,0.0,0.0,0.0,0.0,0.0,-0.0,-0.0,0.0,0.0,-0.0,0.0,-0.0,nan,MODEL_NOT_IDENTIFIED
0.54,0.0,0.0,0.0,0.0,0.0,0.0,-0.0,-0.0,0.0,0.0,-0.0,0.0,-0.0,nan,MODEL_NOT_IDENTIFIED
0.56,0.0,0.0,0.0,0.0,0.0,0.0,-0.0,-0.0,0.0,0.0,-0.0,0.0,-0.0,nan,MODEL_NOT_IDENTIFIED
0.58,0.0,0.0,0.0,0.0,0.0,0.0,-0.0,-0.0,0.0,0.0,-0.0,0.0,-0.0,nan,MODEL_NOT_IDENTIFIED
0.6,0.0,0.0,0.0,0.0,0.0,0.0,-0.0,-0.0,0.0,0.0,-0.0,0.0,-0.0,nan,MODEL_NOT_IDENTIFIED
0.62,0.0,0.0,0.0,0.0,0.0,0.0,-0.0,-0.0,0.0,0.0,-0.0,0.0,-0.0,nan,MODEL_NOT_IDENTIFIED
0.64,0.0,0.0,0.0,0.0,0.0,0.0,-0.0,-0.0,0.0,0.0,-0.0,0.0,-0.0,nan,MODEL_NOT_IDENTIFIED
0.66,0.0,0.0,0.0,0.0,0.0,0.0,-0.0,-0.0,0.0,0.0,-0.0,0.0,-0.0,nan,MODEL_NOT_IDENTIFIED
0.68,0.0,0.0,0.0,0.0,0.0,0.0,-0.0,-0.0,0.0,0.0,-0.0,0.0,-0.0,nan,MODEL_NOT_IDENTIFIED
0.7000000000000001,0.0,0.0,0.0,0.0,0.0,0.0,-0.0,-0.0,0.0,0.0,-0.0,0.0,-0.0,nan,MODEL_NOT_IDENTIFIED
0.72,0.0,0.0,0.0,0.0,0.0,0.0,-0.0,-0.0,0.0,0.0,-0.0,0.0,-0.0,nan,MODEL_NOT_IDENTIFIED
0.74,0.0,0.0,0.0,0.0,0.0,0.0,-0.0,-0.0,0.0,0.0,-0.0,0.0,-0.0,nan,MODEL_NOT_IDENTIFIED
0.76,0.0,0.0,0.0,0.0,0.0,0.0,-0.0,-0.0,0.0,0.0,-0.0,0.0,-0.0,nan,MODEL_NOT_IDENTIFIED
0.78,0.0,0.0,0.0,0.0,0.0,0.0,-0.0,-0.0,0.0,0.0,-0.0,0.0,-0.0,nan,MODEL_NOT_IDENTIFIED
0.8,0.0,0.0,0.0,0.0,0.0,0.0,-0.0,-0.0,0.0,0.0,-0.0,0.0,-0.0,nan,MODEL_NOT_IDENTIFIED
0.8200000000000001,0.0,0.0,0.0,0.0,0.0,0.0,-0.0,-0.0,0.0,0.0,-0.0,0.0,-0.0,nan,MODEL_NOT_IDENTIFIED
0.84,0.0,0.0,0.0,0.0,0.0,0.0,-0.0,-0.0,0.0,0.0,-0.0,0.0,-0.0,nan,MODEL_NOT_IDENTIFIED
0.86,0.0,0.0,0.0,0.0,0.0,0.0,-0.0,-0.0,0.0,0.0,-0.0,0.0,-0.0,nan,MODEL_NOT_IDENTIFIED
0.88,0.0,0.0,0.0,0.0,0.0,0.0,-0.0,-0.0,0.0,0.0,-0.0,0.0,-0.0,nan,MODEL_NOT_IDENTIFIED
0.9,0.0,0.0,0.0,0.0,0.0,0.0,-0.0,-0.0,0.0,0.0,-0.0,0.0,-0.0,nan,MODEL_NOT_IDENTIFIED
0.92,0.0,0.0,0.0,0.0,0.0,0.0,-0.0,-0.0,0.0,0.0,-0.0,0.0,-0.0,nan,MODEL_NOT_IDENTIFIED
0.9400000000000001,0.0,0.0,0.0,0.0,0.0,0.0,-0.0,-0.0,0.0,0.0,-0.0,0.0,-0.0,nan,MODEL_NOT_IDENTIFIED
0.96,0.0,0.0,0.0,0.0,0.0,0.0,-0.0,-0.0,0.0,0.0,-0.0,0.0,-0.0,nan,MODEL_NOT_IDENTIFIED
0.98,0.0,0.0,0.0,0.0,0.0,0.0,-0.0,-0.0,0.0,0.0,-0.0,0.0,-0.0,nan,MODEL_NOT_IDENTIFIED
1.0,0.0,0.0,0.0,0.0,0.0,0.0,-0.0,-0.0,0.0,0.0,-0.0,0.0,-0.0,nan,MODEL_NOT_IDENTIFIED
1.02,9.597036771199026e-05,3.8695146428194095e-05,0.005913974014141676,-0.005818003646429686,0.0,0.014732872915781892,0.005739414061169934,0.013092288479966177,-0.00013722457564729218,-0.0005377812310344056,0.0002228532062294993,-0.31315977564879555,0.036192224383760255,nan,MODEL_NOT_IDENTIFIED
1.04,0.0008176939312440905,0.0002987968319746029,0.023562629153526693,-0.022744935222282603,0.0,0.0636728744612485,0.021858384949494387,0.05100458199417552,-0.0005364665052965776,-0.0020950735186743953,0.0008487296990732357,-1.2199993514348433,0.1378369924747072,nan,MODEL_NOT_IDENTIFIED
1.06,0.002908076103356121,0.0009703553853281993,0.05266763558381149,-0.04975955948045537,0.0,0.15234145222075746,0.04657648039058917,0.11120063510733576,-0.0011736387340169408,-0.004567697582537935,0.001808497850007423,-2.659853240745793,0.2937070598733549,nan,MODEL_NOT_IDENTIFIED
1.08,0.007199118790764753,0.002206434741647118,0.09276998996710248,-0.08557087117633773,0.0,0.2841274293773046,0.07798534028476914,0.19057971526006745,-0.002018291358780427,-0.007828287166111265,0.003028058776755463,-4.558553759747911,0.49176848091962294,nan,MODEL_NOT_IDENTIFIED
1.1,0.01456948862292549,0.004121138267882654,0.14323725421878966,-0.12866776559586418,0.0,0.46031786635279553,0.11410672607415148,0.28559116483535246,-0.0030347831672833084,-0.01173099480909868,0.004430600316854009,-6.831171284070897,0.7195466627354875,nan,MODEL_NOT_IDENTIFIED
1.12,0.02590321403472453,0.006788768857903728,0.20327352943394167,-0.17737031539921713,0.0,0.6801792681658229,0.1529477424530052,0.39235121853445515,-0.004183491063643509,-0.016116290259275856,0.005938741207367773,-9.38480845115773,0.9644745883206701,nan,MODEL_NOT_IDENTIFIED
1.1400000000000001,0.0420504669761216,0.010244057825947332,0.2719320076884832,-0.22988154071236158,0.0,0.9410839271804641,0.1925523614214476,0.5067596415744533,-0.0054220311279381695,-0.020815751524378846,0.007476531689906321,-12.121390076773636,1.2142177225609296,nan,MODEL_NOT_IDENTIFIED
1.16,0.0637912755179376,0.014483381050896917,0.34812990376575215,-0.28433862824781453,0.0,1.2386756842692193,0.23104851152983863,0.624613929155228,-0.00670646668043663,-0.0256567557502524,0.008971281918364007,-14.940394738526965,1.4569709527312231,nan,MODEL_NOT_IDENTIFIED
1.18,0.09180289536238369,0.019466867423789842,0.4306655313261952,-0.3388626359638115,0.0,1.567069021804158,0.26669012952856014,0.7417190061678919,-0.007992480625444871,-0.03046698526609423,0.010355194764094994,-17.74147872783389,1.6817237623842438,nan,MODEL_NOT_IDENTIFIED
1.2,0.12663144394911366,0.02512129393516732,0.5182372542187892,-0.39160581026967556,0.0,1.9190751649083493,0.29789370535812576,0.8539905834591843,-0.0092364914841962,-0.03507867306523457,0.011566784805400802,-20.426948270464102,1.878490680742651,nan,MODEL_NOT_IDENTIFIED
1.22,0.1686682730674651,0.03134365367452715,0.6094640140607063,-0.44079574099324115,0.0,2.286448757035024,0.32326898252936676,0.9575505585115976,-0.010396694842577263,-0.039332521500884315,0.012552070379207365,-22.90404145422906,2.038504876511349,nan,MODEL_NOT_IDENTIFIED
1.24,0.2181314271037588,0.03800527753130657,0.7029071103530149,-0.48477568324925613,0.0,2.660148684810978,0.34164360270782096,1.0488130897274521,-0.011434014390628357,-0.043081237889136766,0.013265530494887373,-25.086987074807986,2.1543735643908613,nan,MODEL_NOT_IDENTIFIED
1.26,0.27505240657008007,0.04495638738284566,0.7970928896469851,-0.522040483076905,0.0,3.030606746644067,0.35208160420061235,1.1245602204301397,-0.012312949271679606,-0.04619264085424472,0.013670823103942086,-26.8988135170065,2.2201946548573894,nan,MODEL_NOT_IDENTIFIED
1.28,0.3392683324983067,0.052030957898536734,0.8905359859392936,-0.5512676534409869,0.0,3.387998080366258,0.3538957977311871,1.1820061772906252,-0.013002307047012641,-0.0485523014625222,0.013741265633562783,-28.27288673498424,2.231634794675555,nan,MODEL_NOT_IDENTIFIED
1.3,0.41041948856321314,0.059051765625487786,0.9817627457812106,-0.5713432572179975,0.0,3.7225075769323466,0.3466541482691278,1.2188497145079153,-0.013475814177049251,-0.05006569332145467,0.013460082783918184,-29.154162294007396,2.1859696101382395,nan,MODEL_NOT_IDENTIFIED
1.32,0.48795210613372864,0.06583550757402264,1.0693344686738044,-0.5813823625400758,0.0,4.024586899134272,0.33018038785287757,1.2333141163732841,-0.013712598485107577,-0.05065983573232786,0.012820430323180818,-29.500142208060176,2.08208757147109,nan,MODEL_NOT_IDENTIFIED
1.34,0.5711261543345504,0.07219787689954509,1.1518700962342479,-0.5807439418996975,0.0,4.28519718526038,0.3045491705901776,1.2241747037940747,-0.013697540570608992,-0.050284423553219555,0.011825206963151407,-29.281532879580546,1.920459440704819,nan,MODEL_NOT_IDENTIFIED
1.36,0.6590278038984307,0.07795849027665522,1.2280679923115176,-0.5690401884130869,0.0,4.496033036258227,0.27007615681608216,1.1907739122254872,-0.01342149354429504,-0.048912446542877595,0.010486669341353675,-28.482605754646155,1.7030757432752253,nan,MODEL_NOT_IDENTIFIED
1.3800000000000001,0.7505861511414993,0.08294556996905611,1.296726470566059,-0.5461403194245598,0.0,4.649723949825209,0.22730347837661796,1.1330242168595586,-0.012881372740785811,-0.0465403095163162,0.008825867658870615,-27.101267291759857,1.4333551134205542,nan,MODEL_NOT_IDENTIFIED
1.4000000000000001,0.8445937176110757,0.08700029319640282,1.3567627457812108,-0.5121690281701351,0.0,4.740009964618457,0.17698109099452888,1.0513993737711933,-0.012080119199214086,-0.04318747256453184,0.006871921619484241,-25.148849455257476,1.1160267038916167,nan,MODEL_NOT_IDENTIFIED
1.42,0.9397301824239824,0.08998073196615823,1.4072300100328976,-0.4674998276089152,0.0,4.7618889013278745,0.12004456261944428,0.9469146212609271,-0.011026542669526143,-0.038895637801245185,0.004661157983208448,-22.649636143168934,0.7569901213030198,nan,MODEL_NOT_IDENTIFIED
1.44,1.0345887584006281,0.09176531785461796,1.4473323644161884,-0.41274360601556026,0.0,4.711733223912851,0.05758987866367543,0.8210966424144714,-0.009735051682440177,-0.03372751553951493,0.002236132289774503,-19.640144709457203,0.36315655023579174,nan,MODEL_NOT_IDENTIFIED
1.46,1.127704589961979,0.09225577806962572,1.4764373708464733,-0.3487327808844942,0.0,4.5873751835243635,-0.009154133701509798,0.6759442267773542,-0.008225279800321485,-0.027765208423505806,-0.00035544186634604326,-16.16818501460653,-0.05772513664860914,nan,MODEL_NOT_IDENTIFIED
1.48,1.217584530347249,0.09137950129679738,1.4940860259858584,-0.2765014956386094,0.0,4.388159539714684,-0.07885514912979999,0.5138806851734841,-0.006521618532868057,-0.021108256810891325,-0.0030618322051674893,-12.291721216304376,-0.4972534165863691,nan,MODEL_NOT_IDENTIFIED
1.5,1.302737647793927,0.08909130411774845,1.5,-0.19726235220607302,0.0,4.114963769288262,-0.15010784157054394,0.3376991665212811,-0.004652668547101469,-0.013871392596413092,-0.00582847193418321,-8.077563780114845,-0.9465664309948116,nan,MODEL_NOT_IDENTIFIED
1.52,1.381705814485863,0.0853745809990256,1.4940860259858586,-0.11238021149999566,0.0,3.7701862640696464,-0.2214649301192072,0.15050209873887818,-0.0026506217203393126,-0.006182051675450453,-0.008599165214157222,-3.5999209418475733,-1.396537757788863,nan,MODEL_NOT_IDENTIFIED
1.54,1.453093747744143,0.08024183280174602,1.4764373708464733,-0.02334362310233029,0.0,3.357703577206654,-0.29146818503713373,-0.04436397253527737,-0.0005505872751134093,0.0018223026325844952,-0.011317291078347069,1.0611599115995558,-1.8379719325287691,nan,MODEL_NOT_IDENTIFIED
1.56,1.5155978993869528,0.07373458028483425,1.4473323644161886,0.06826553497076415,0.0,2.8827982964386356,-0.35867883115731874,-0.24337684341207563,0.001610124303281787,0.009996991637916609,-0.013926983953090858,5.821429752152434,-2.26179616953867,nan,MODEL_NOT_IDENTIFIED
1.58,1.568033625565407,0.06592268001390082,1.4072300100328976,0.16080361553250944,0.0,2.3520595959309425,-0.42170681871187143,-0.4429090960408202,0.0037927456297728894,0.018193014862882353,-0.016374270202004895,10.594122896176241,-2.659244941089094,nan,MODEL_NOT_IDENTIFIED
1.6,1.6093601147257561,0.056903070303198584,1.3567627457812104,0.25259736894454576,0.0,1.773258940570848,-0.47923847103970835,-0.6392992251616686,0.005957811110054743,0.026259971649178936,-0.01860814164677147,15.291658309425994,-3.022034321333445,nan,MODEL_NOT_IDENTIFIED
1.62,1.6387026045920206,0.04679798418585823,1.2967264705660586,0.34197613402596194,0.0,1.1552037836954439,-0.5300620638326264,-0.828922174461634,0.008065916201687496,0.03404895852209677,-0.02058154877253223,19.827326794848297,-3.3425232867131616,nan,MODEL_NOT_IDENTIFIED
1.6400000000000001,1.6553714790667182,0.03575267482073851,1.2280679923115172,0.427303486755201,0.0,0.5075724076459331,-0.5730909406969635,-1.0082580585477956,0.010078463886590045,0.04141539202683335,-0.02225229827195364,24.11693478142284,-3.613859480592478,nan,MODEL_NOT_IDENTIFIED
1.6600000000000001,1.658877901511199,0.02393270611309213,1.1518700962342472,0.5070078052769518,0.0,-0.1592666962036362,-0.6073838239686,-1.1739579115205603,0.011958385583290211,0.04822170942888799,-0.023583841685007257,28.080376991040527,-3.830107291415203,nan,MODEL_NOT_IDENTIFIED
1.68,1.6489457107501955,0.011520867578903318,1.0693344686738047,0.5796112420763908,0.0,-0.8344473268202639,-0.6321620370311432,-1.3229053837529816,0.013670824490311517,0.054339902982229356,-0.024545944116853725,31.643112188873626,-3.986356455080767,nan,MODEL_NOT_IDENTIFIED
1.7,1.625519379083377,-0.0012862224349021924,0.9817627457812106,0.6437566333021665,0.0,-1.506806250179497,-0.6468234139575996,-1.452273402975693,0.015183770274745375,0.059653847350361104,-0.02511522432925471,34.73751848292269,-4.078809767882707,nan,MODEL_NOT_IDENTIFIED
1.72,1.5887679063104145,-0.014281757186410718,0.8905359859392934,0.6982319203711211,0.0,-2.165088293451556,-0.650952733236754,-1.5595749224244138,0.016468635085012225,0.06406138414649075,-0.025275559867185434,37.30410718960715,-4.104848880640653,nan,MODEL_NOT_IDENTIFIED
1.74,1.5390845990277402,-0.02725255499232969,0.7970928896469849,0.7419917093807553,0.0,-2.7981521015661923,-0.6443285737825046,-1.6427069958189957,0.017500762055394428,0.067476132365413,-0.02501835326783198,39.292577081124065,-4.063077532073212,nan,MODEL_NOT_IDENTIFIED
1.76,1.4770827590058073,-0.03998297363677039,0.7029071103530153,0.774175648652792,0.0,-3.3951728661177754,-0.6269265525046316,-1.6999875444175478,0.018259858762384923,0.06982899863373519,-0.024342657770815086,40.66269383157692,-3.9533419646255195,nan,MODEL_NOT_IDENTIFIED
1.78,1.4035873771207168,-0.052258853459894325,0.6094640140607068,0.79412336306001,0.0,-3.9458384595331997,-0.5989189626195738,-1.7301843133737074,0.018730349468650407,0.07106936662649324,-0.023255163274317005,41.384982635868056,-3.776728643689808,nan,MODEL_NOT_IDENTIFIED
1.8,1.3196229989685124,-0.06387141781789567,0.5182372542187896,0.8013857447497228,0.0,-4.440535584916792,-0.5606708898132045,-1.7325356511273533,0.018901641428250855,0.07116595060519706,-0.02177004553125923,41.44122524040072,-3.5355397664802157,nan,MODEL_NOT_IDENTIFIED
1.82,1.2263979938825469,-0.07462106170535066,0.4306655313261955,0.7957324625563513,0.0,-4.8705227800140305,-0.5127329385921638,-1.7067628845703189,0.018768302005118,0.07010730374239588,-0.0199086837239697,40.82475594970338,-3.233247395064171,nan,MODEL_NOT_IDENTIFIED
1.84,1.125285519638355,-0.08432096250212001,0.3481299037657524,0.7771556158726027,0.0,-5.228087387702471,-0.45583075298483455,-1.653074202245587,0.018330144853977923,0.06790197762867707,-0.01769925356804982,39.54055451025146,-2.874427374853424,nan,MODEL_NOT_IDENTIFIED
1.86,1.0178015297981708,-0.09280045097530741,0.2719320076884825,0.7458695221096883,0.0,-5.506683920193411,-0.39085156354413225,-1.5721600958866393,0.017592224907346066,0.0645783350285045,-0.015176204951811333,37.60513707479204,-2.46467450122413,nan,MODEL_NOT_IDENTIFIED
1.8800000000000001,0.9055802186575783,-0.0999080857457769,0.20327352943394109,0.7023066892236373,0.0,-5.701051594121379,-0.31882803579209473,-1.4651805452593685,0.016564743382742577,0.06018402348244625,-0.012379634794573184,35.04624967136298,-2.010500669273701,nan,MODEL_NOT_IDENTIFIED
1.9000000000000001,0.7903473394645989,-0.10551438032122562,0.14323725421878916,0.6471100852458097,0.0,-5.807309192939827,-0.2409197333301337,-1.3337442606822059,0.015262865450322039,0.05478512266914263,-0.009354567285851479,31.902371696685023,-1.5192179818757485,nan,MODEL_NOT_IDENTIFIED
1.92,0.6738918644640652,-0.10951413839732213,0.09276998996710265,0.5811218744969626,0.0,-5.823025815261039,-0.1583925413921814,-1.1798804200156618,0.013706454563008227,0.04846498346873071,-0.006150154931475887,28.222039881714093,-0.9988089964729475,nan,MODEL_NOT_IDENTIFIED
1.94,0.5580364799824107,-0.11182836032072883,0.052667635583811656,0.5053688443985991,0.0,-5.74726648649405,-0.07259642329235048,-1.0060034506910915,0.011919728730406925,0.04132278134303018,-0.0028188148683937937,24.063005898656332,-0.45778645925392764,nan,MODEL_NOT_IDENTIFIED
1.96,0.44460742594601244,-0.11240569127254257,0.023562629153526776,0.42104479679248563,0.0,-5.5806120397384555,0.015058097252669133,-0.8148715109864023,0.009930845197012799,0.033471810904846924,0.0005846842929797015,19.491243257707083,0.09495499518813058,nan,MODEL_NOT_IDENTIFIED
1.98,0.3354041967886672,-0.11122338974292781,0.005913974014141676,0.3294902227745255,0.0,-5.325153103739697,0.10312432074600822,-0.6095394169037612,0.007771421048852803,0.025037552333810574,0.004004169288633374,14.579821345883806,0.6502926110721471,nan,MODEL_NOT_IDENTIFIED
2.0,0.2321696196518551,-0.10828780309980217,0.0,0.2321696196518551,0.0,-4.984458464209856,0.19014420852232544,-0.39330684048143555,0.005475998206785256,0.016155543560777495,0.00738302657092718,9.407666361367951,1.1990321288493535,nan,MODEL_NOT_IDENTIFIED
2.02,0.13646484587927732,-0.10367304052404384,0.0,0.13646484587927732,0.0,-4.578251356429847,0.2689338409924123,-0.18275495966440386,0.0032186866328364505,0.007506876077192895,0.010442314858279554,4.37139024661617,1.695872403323315,nan,MODEL_NOT_IDENTIFIED
2.04,0.04930384305936589,-0.09762577753042896,0.0,0.04930384305936589,0.0,-4.132337540850033,0.33344659972357693,0.006768934636285154,0.0011628901170857907,-0.0002780419944964632,0.012947252639858525,-0.16190890197111676,2.102684007213374,nan,MODEL_NOT_IDENTIFIED
2.06,-0.028651745681514684,-0.09042757924651561,0.0,-0.028651745681514684,0.0,-3.6598082922960136,0.38411819226862387,0.1741112757723965,-0.0006757856958568177,-0.007151826540113952,0.014914757814265937,-4.16463845432698,2.422214472819646,nan,MODEL_NOT_IDENTIFIED
2.08,-0.0969921408293757,-0.08234911221515377,0.0,-0.0969921408293757,0.0,-3.1727371998647027,0.4215965675071659,0.3186741081174783,-0.0022876756659651115,-0.013089915825216486,0.016369989306046273,-7.622495666503015,2.658549706994331,nan,MODEL_NOT_IDENTIFIED
2.1,-0.15553790424885094,-0.07364627070839092,0.0,-0.15553790424885094,0.0,-2.682069223069486,0.446704910222274,0.44036179561824557,-0.0036685475301679463,-0.0180883814858251,0.01734491019823755,-10.533192980824605,2.8168806382992435,nan,MODEL_NOT_IDENTIFIED
2.12,-0.2043165454849158,-0.06455703441108493,0.0,-0.2043165454849158,0.0,-2.197544097929714,0.4604056126704472,0.539524388780454,-0.004819050133991194,-0.022161602260400797,0.017876888800169848,-12.905103397780996,2.903276024994579,nan,MODEL_NOT_IDENTIFIED
2.14,-0.24353791877264036,-0.055299032066665615,0.0,-0.24353791877264036,0.0,-1.7276515511035557,0.4637657938930356,0.6168991147686718,-0.0057441331406020415,-0.025339860626504347,0.018007359811841962,-14.755860953912997,2.9244650229448728,nan,MODEL_NOT_IDENTIFIED
2.16,-0.2735690188501455,-0.04606777522276535,0.0,-0.2735690188501455,0.0,-1.2796154716820467,0.45792484170271214,0.6735513205246875,-0.006452452559907653,-0.027666916969549673,0.0177805640258656,-16.110948116230787,2.887632508330321,nan,MODEL_NOT_IDENTIFIED
2.18,-0.294908724333009,-0.037035517657502286,0.0,-0.294908724333009,0.0,-0.8594039718243183,0.44406435859071747,0.7108160544528133,-0.006955775040827918,-0.029197609981447683,0.017242381370201232,-17.002298450773225,2.800229559264406,nan,MODEL_NOT_IDENTIFIED
2.2,-0.30816297455113845,-0.02835068934977649,0.0,-0.30816297455113845,0.0,-0.4717621326918837,0.42338080277172035,0.730241322139348,-0.007268392387298985,-0.0299955258221827,0.0164392685992173,-17.46693933307135,2.6698009327048196,nan,MODEL_NOT_IDENTIFIED
2.22,-0.31402080097530616,-0.02013784889259564,0.0,-0.31402080097530616,0.0,-0.1202641739515069,0.39706103049775826,0.7335338992851174,-0.007406556230796264,-0.030130772321939944,0.01541730963686164,-17.54569582563208,2.503830836504001,nan,MODEL_NOT_IDENTIFIED
2.24,-0.3132315691236508,-0.012498094927501287,0.0,-0.3132315691236508,0.0,0.19261820433836285,0.36626086667199553,0.7225084336841856,-0.007387941253475445,-0.029677888284693935,0.01422138350436617,-17.281973227455712,2.3096077976435923,nan,MODEL_NOT_IDENTIFIED
2.2600000000000002,-0.30658372243167487,-0.005509875372482518,0.0,-0.30658372243167487,0.0,0.46543448756158634,0.3320867584832511,0.699040420443981,-0.007231143836919258,-0.028713911889767935,0.012894451957220911,-16.720632269190755,2.094108971718178,nan,MODEL_NOT_IDENTIFIED
2.2800000000000002,-0.29488525711954927,0.0007698672166725623,0.0,-0.29488525711954927,0.0,0.6976640769803578,0.29558050184688817,0.6650234930853839,-0.006955221538526383,-0.027316626373266574,0.011476966434806444,-15.90696754157797,1.8639038292571621,nan,MODEL_NOT_IDENTIFIED
2.3000000000000003,-0.27894609755650757,0.006304275022401294,0.0,-0.27894609755650757,0.0,0.8896179746991313,0.2577069732521995,0.6223313396673684,-0.0065792773933976475,-0.025562995687861047,0.010006391705644886,-14.8857965517386,1.6250767938673643,nan,MODEL_NOT_IDENTIFIED
2.32,-0.25956248579547064,0.011074938095819411,0.0,-0.25956248579547064,0.0,1.0423361106537048,0.21934475036545592,0.5727844292473441,-0.0061220917228365,-0.023527797752801415,0.008516841678885046,-13.70066383983964,1.383168096606754,nan,MODEL_NOT_IDENTIFIED
2.34,-0.23750344746093216,0.015080097499451977,0.0,-0.23750344746093216,0.0,1.1574827691943472,0.18127946343365506,0.5181216210437821,-0.005601802916124943,-0.021282458266699205,0.0070388212488573,-12.393161887101977,1.1431318505396555,nan,MODEL_NOT_IDENTIFIED
2.36,-0.21349934949311622,0.018332741213220777,0.0,-0.21349934949311622,0.0,1.2372423229715723,0.14419968603668645,0.459976627490626,-0.005035637551231959,-0.01889408389965466,0.005599066738881041,-11.002368126021175,0.9093101381926962,nan,MODEL_NOT_IDENTIFIED
2.38,-0.1882325237085673,0.020858641453745656,0.0,-0.1882325237085673,0.0,1.284217219106782,0.10869514777306526,0.39985921351613885,-0.004439689240273697,-0.01642469003140343,0.004220476502418286,-9.56439523826788,0.6854217409131932,nan,MODEL_NOT_IDENTIFIED
2.4,-0.16232989392307676,0.022694377509075377,0.0,-0.16232989392307676,0.0,1.3013298935256736,0.07525703265303879,0.33914093809669865,-0.003828744731388056,-0.013930615068778022,0.0029221225092495107,-8.112050101111016,0.4745640205090105,nan,MODEL_NOT_IDENTIFIED
2.42,-0.1363575135651181,0.023885383334412726,0.0,-0.1363575135651181,0.0,1.2917300197042938,0.044280114837993476,0.27904518041452997,-0.0032161550718133184,-0.011462110758342487,0.0017193332731679166,-6.674595219026036,0.2792263870275034,nan,MODEL_NOT_IDENTIFIED
2.44,-0.11081689524425828,0.02448405411740842,0.0,-0.11081689524425828,0.0,1.2587082331089945,0.016066477360328603,0.22064114153642975,-0.002613749036368459,-0.009063095798253009,0.0006238382445320637,-5.277605247407519,0.10131374866567598,nan,MODEL_NOT_IDENTIFIED
2.46,-0.08614299349007515,0.02454794092085234,0.0,-0.08614299349007515,0.0,1.2056172167937416,-0.009169441015903498,0.1648414729725387,-0.002031785547937414,-0.0067710584285052035,-0.000356036227382736,-3.9429102691014477,-0.05782166318447955,nan,MODEL_NOT_IDENTIFIED
2.48,-0.06270368662082022,0.02413805745040577,0.0,-0.06270368662082022,0.0,1.1358007907462022,-0.03129472121083971,0.1124031551422827,-0.0014789414567216938,-0.004617092514961467,-0.0012151290855764328,-2.688616806789531,-0.19734167286391158,nan,MODEL_NOT_IDENTIFIED
2.5,-0.04080059314630133,0.023317318066803597,0.0,-0.04080059314630133,0.0,1.0525314207552796,-0.05025100327335357,0.06393123090072196,-0.0009623307960789677,-0.0026260509083606675,-0.0019511742969513441,-1.5291971267251787,-0.3168782678152962,nan,MODEL_NOT_IDENTIFIED
2.52,-0.020671051909661103,0.022149121443975375,0.0,-0.020671051909661103,0.0,0.958956354248157,-0.06604691935720818,0.019884990985350966,-0.00048755148653561,-0.0008167995188598019,-0.002564507035642366,-0.4756371909524956,-0.41648588161714467,nan,MODEL_NOT_IDENTIFIED
2.54,-0.0024910929389296253,0.020696089831953694,0.0,-0.0024910929389296253,0.0,0.8580524025200564,-0.07875013454786037,-0.019413791426370158,-5.875540687437674e-05,0.0007974444397779957,-0.0030577546397511134,0.46436637696134064,-0.4965912041596968,nan,MODEL_NOT_IDENTIFIED
2.56,0.01362077270761626,0.019018969768607386,0.0,0.01362077270761626,0.0,0.7525892222645897,-0.08847919237048835,-0.05377097191450027,0.0003212622178292836,0.0022087062559265503,-0.0034355199841324294,1.2861697576347701,-0.5579417601583264,nan,MODEL_NOT_IDENTIFIED
2.58,0.027599111395815175,0.017175696337187903,0.0,0.027599111395815175,0.0,0.6451008049672661,-0.09539534261711054,-0.08310887211399873,0.0006509580570402714,0.003413795198886626,-0.0037040641666566156,1.9879149306456103,-0.6015543761727433,nan,MODEL_NOT_IDENTIFIED
2.6,0.039426633877319074,0.015220619715797792,0.0,0.039426633877319074,0.0,0.5378647607118198,-0.0996945087966398,-0.107454203400266,0.0009299243231544526,0.004413808469989178,-0.003870994615829719,2.5702408162514208,-0.6286645280757547,nan,MODEL_NOT_IDENTIFIED
2.62,0.04912892166138347,0.013203889827738416,0.0,0.04912892166138347,0.0,0.4328888829878228,-0.10159953155545896,-0.1269254126838857,0.0011587643866688806,0.005213611416150704,-0.0039449639139528935,3.035980594304711,-0.6406774287671014,nan,MODEL_NOT_IDENTIFIED
2.64,0.05676895261066599,0.011170992385925862,0.0,0.05676895261066599,0.0,0.3319044025115736,-0.10135280330812275,-0.14171975794934757,0.0013389636558100817,0.00582130664234302,-0.003935383810409179,3.389852558804444,-0.6391215828228581,nan,MODEL_NOT_IDENTIFIED
2.66,0.06244155312036384,0.009162427528939157,0.0,0.06244155312036384,0.0,0.23636527988490258,-0.09920938847672632,-0.15210039051025054,0.0014727587245425655,0.006247703399950416,-0.00385215809043748,3.638151133101774,-0.625605403349031,nan,MODEL_NOT_IDENTIFIED
2.68,0.06626789081520715,0.007213520561706143,0.0,0.06626789081520715,0.0,0.14745284785121066,-0.09543070352819351,-0.15838368859742663,0.0015630074762394345,0.006505797298923716,-0.003705437180055902,3.7884438968401772,-0.6017773588700518,nan,MODEL_NOT_IDENTIFIED
2.7,0.06839010767171054,0.005354353024509664,0.0,0.06839010767171054,0.0,0.06608509248185257,-0.09027881173162786,-0.16092705365834034,0.0016130624994506902,0.006610269026347156,-0.0035053966196823784,3.8492796806748744,-0.5692899965862178,nan,MODEL_NOT_IDENTIFIED
2.72,0.06896617918022496,0.0036098013984136148,0.0,0.06896617918022496,0.0,-0.0070701428065700345,-0.08401136948932278,-0.16011734736006297,0.0016266498350906218,0.006577009382662232,-0.0032620408374248464,3.8299119862417763,-0.5297680743955187,nan,MODEL_NOT_IDENTIFIED
2.74,0.06816507090516975,0.0019996701872700036,0.0,0.06816507090516975,0.0,-0.07157873770013398,-0.07687724442882729,-0.15636011440554767,0.0016077547381170326,0.006422676596102101,-0.0029850330058885455,3.7400412023145257,-0.4847809289797325,nan,MODEL_NOT_IDENTIFIED
2.7600000000000002,0.06616224984891397,0.0005389058665117574,0.0,0.06616224984891397,0.0,-0.1272213459814324,-0.0691128103330388,-0.1500697044599206,0.0015605158076789573,0.006164290569133108,-0.002683551179631982,3.5895783271398867,-0.43581911196971984,nan,MODEL_NOT_IDENTIFIED
2.7800000000000002,0.06313559460489378,-0.0007621217752905229,0.0,0.06313559460489378,0.0,-0.17397257136975777,-0.06093891053667021,-0.14166037621995828,0.0014891285231855558,0.005818867467589059,-0.0023661703882122955,3.3884321830556483,-0.38427524139902935,nan,MODEL_NOT_IDENTIFIED
2.8000000000000003,0.059261735591612096,-0.0018972840885531118,0.0,0.059261735591612096,0.0,-0.21197888199602055,-0.05255846969272892,-0.13153843834045406,0.0013977589243470891,0.005403096899928329,-0.002040769904507123,3.1463214321103883,-0.33142894171997717,nan,MODEL_NOT_IDENTIFIED
2.82,0.05471284484784497,-0.002864316490313686,0.0,0.05471284484784497,0.0,-0.24153582984260968,-0.04415472383399029,-0.12009545586756692,0.0012904678946547303,0.0049330628634502195,-0.0017144645205432372,2.872612077978307,-0.27843568273186964,nan,MODEL_NOT_IDENTIFIED
2.84,0.0496538840623525,-0.003664411862388704,0.0,0.0496538840623525,0.0,-0.2630650887838842,-0.03589003040824222,-0.10770252725412384,0.0011711462528693197,0.004424008665931028,-0.0013935583428738773,2.576180575559457,-0.22631927577121042,nan,MODEL_NOT_IDENTIFIED
2.86,0.04424030979710364,-0.004301795580299621,0.0,0.04424030979710364,0.0,-0.277091768542473,-0.02790521340738506,-0.09470561610351541,0.00104346062796605,0.00389014517148433,-0.0010835193648820879,2.2653021690623842,-0.17596774415521513,nan,MODEL_NOT_IDENTIFIED
2.88,0.03861622629886351,-0.0047832923835695014,0.0,0.03861622629886351,0.0,-0.28422240342189165,-0.02031939376752956,-0.08142190359687464,0.0009108098909860989,0.0033445009721940577,-0.0007889728814600668,1.9475636442255508,-0.12813225370021536,nan,MODEL_NOT_IDENTIFIED
2.9,0.03291296890882417,-0.005117894264877198,0.0,0.03291296890882417,0.0,-0.2851239554459462,-0.013230251795936065,-0.06813711212984751,0.0007762917430582091,0.0027988124533300375,-0.0005137116786703719,1.6297993112961866,-0.08342876756212968,nan,MODEL_NOT_IDENTIFIED
2.92,0.027248094876893454,-0.00531633746831038,0.0,0.027248094876893454,0.0,-0.28050411274541054,-0.006714666368919284,-0.05510373799197691,0.0006426789125464755,0.002263451198563816,-0.0002607208528826766,1.3180487317693204,-0.04234207696046204,nan,MODEL_NOT_IDENTIFIED
2.94,0.02172475334658141,-0.005390695572534564,0.0,0.02172475334658141,0.0,-0.2710931067481447,-0.0008296749168997395,-0.042540120886407434,0.0005124042953902527,0.0017473857693902357,-3.2215085614786896e-05,1.0175344618509667,-0.005231854756945734,nan,MODEL_NOT_IDENTIFIED
2.96,0.016431402358642704,-0.005353994517425913,0.0,0.016431402358642704,0.0,-0.25762721686321316,0.004386301366932798,-0.030630270591634888,0.0003875542802965328,0.0012581745850538209,0.00017031378337435243,0.7326579063099796,0.02765961848977769,nan,MODEL_NOT_IDENTIFIED
2.98,0.011441837870511545,-0.005219854334156835,0.0,0.011441837870511545,0.0,-0.24083407966349352,0.008912021230960762,-0.01952436595729891,0.0002698694331980322,0.0008019864193910256,0.0003460409867867468,0.4670112541614653,0.056198397374037624,nan,MODEL_NOT_IDENTIFIED
3.0,0.006815497934150217,-0.005002161277567406,0.0,0.006815497934150217,0.0,-0.22141987167664595,0.01274182782978818,-0.009339838521951874,0.00016075167165161434,0.00038364491171147925,0.0004947468774388682,0.2234033981611428,0.08034881034196231,nan,MODEL_NOT_IDENTIFIED
3.02,0.0025980042364745735,-0.004714773051708905,0.0,0.0025980042364745735,0.0,-0.20005839125983021,0.015883942788630055,-0.00016295214085260495,6.127703771703012e-05,6.693451877530916e-06,0.0006167506892316083,0.0038977185653202686,0.10016270221628262,nan,MODEL_NOT_IDENTIFIED
3.04,-0.0011780969047328138,-0.004371258877664877,0.0,-0.0011780969047328138,0.0,-0.17738202599241154,0.018358695121196818,0.007949209099983059,-2.778682476807254e-05,-0.0003265231637754008,0.0007128417685749962,-0.19014036714400984,0.11576826591318604,nan,MODEL_NOT_IDENTIFIED
3.06,-0.004492431374698835,-0.003984675287331959,0.0,-0.004492431374698835,0.0,-0.15397455778028601,0.020196726226696788,0.014966429955922423,-0.00010595936793472744,-0.0006147638083442962,0.0007842098769994167,-0.357988128235331,0.1273587233162586,nan,MODEL_NOT_IDENTIFIED
3.08,-0.007335767952836738,-0.0035673777453327457,0.0,-0.007335767952836738,0.0,-0.13036572851724793,0.021437207848998118,0.02088281156849132,-0.00017302286240277153,-0.0008577861792418893,0.0008323759970688703,-0.4995044675124444,0.13518108788862906,nan,MODEL_NOT_IDENTIFIED
3.1,-0.009708897092909508,-0.0031308675087183954,0.0,-0.009708897092909508,0.0,-0.10702746468127011,0.022126105343046414,0.025714054075769627,-0.00022899595196976597,-0.0010562351782053298,0.0008591248975099086,-0.6150649229667613,0.13952521298855672,nan,MODEL_NOT_IDENTIFIED
3.12,-0.011621449786703568,-0.0026856725333996643,0.0,-0.011621449786703568,0.0,-0.08437163955356873,0.02231451396926459,0.02949464510229956,-0.00027410579509783476,-0.0012115274251945397,0.0008664405339122519,-0.7054944181233652,0.14071330069285004,nan,MODEL_NOT_IDENTIFIED
3.14,-0.013090685921091569,-0.002241260728052167,0.0,-0.013090685921091569,0.0,-0.06274923665401035,0.022057091323773,0.03227501849051245,-0.0003087594868655919,-0.0013257345499257463,0.0008564451822452583,-0.7719993005818431,0.13909001684404654,nan,MODEL_NOT_IDENTIFIED
3.16,-0.014140278695768255,-0.0018059834394626474,0.0,-0.014140278695768255,0.0,-0.04245076723978696,0.02141060449715516,0.034118740711849734,-0.0003335153880063309,-0.0014014676203811883,0.0008313430271190692,-0.8161000426389852,0.1350133295653928,nan,MODEL_NOT_IDENTIFIED
3.18,-0.014799118652414598,-0.0013870467251985929,0.0,-0.014799118652414598,0.0,-0.0237077880135892,0.020432606211554342,0.03509977518642868,-0.0003490549165052097,-0.0014417647715044286,0.0007933687580891277,-0.8395658054376727,0.12884616110147779,nan,MODEL_NOT_IDENTIFIED
3.2,-0.015100157753126385,-0.0009905077260057226,0.0,-0.015100157753126385,0.0,-0.006695362189260277,0.019180250077586603,0.03529986741545803,-0.00035615528380624563,-0.0014499837964222252,0.0007447415677833979,-0.8443518928850875,0.12094891693580771,nan,MODEL_NOT_IDENTIFIED
3.22,-0.015079310806986218,-0.0006212932862472821,0.0,-0.015079310806986218,0.0,0.008464692606746961,0.017709251289640338,0.03480608654320763,-0.0003556635836438743,-0.0014297011631953143,0.0006876247971932816,-0.8325409472730793,0.11167293202965196,nan,MODEL_NOT_IDENTIFIED
3.24,-0.014774428441322854,-0.00028323787987540424,0.0,-0.014774428441322854,0.0,0.021699922854448963,0.01607299558001639,0.03370855184928479,-0.0003484725683415426,-0.0013846186278002252,0.0006240913376424138,-0.806288568321792,0.10135485196768701,nan,MODEL_NOT_IDENTIFIED
3.2600000000000002,-0.014224352803162678,2.0862124931881265e-05,0.0,-0.014224352803162678,0.0,0.03298287153949503,0.014321796107707117,0.032098365842513105,-0.00033549837640084733,-0.0013184783335162202,0.0005560947768450599,-0.7677738740110878,0.09031194696605337,nan,MODEL_NOT_IDENTIFIED
3.2800000000000002,-0.013468064303212164,0.0002891807944954945,0.0,-0.013468064303212164,0.0,0.04232636396840353,0.012502295185027426,0.030065769181237788,-0.00031766040743767495,-0.0012349870220950186,0.00048544616881031447,-0.7191553673685336,0.07883833921476686,nan,MODEL_NOT_IDENTIFIED
3.3000000000000003,-0.01254392501795611,0.0005207843972648109,0.0,-0.01254392501795611,0.0,0.04977857688352106,0.010657005354172402,0.02769852665929473,-0.0002958634769156263,-0.0011377497362258936,0.00041379621450384537,-0.6625323302110229,0.06720210894812491,nan,MODEL_NOT_IDENTIFIED
3.3200000000000003,-0.011489021875817063,0.0007155453254165929,0.0,-0.011489021875817063,0.0,0.0554180097647666,0.008823982317124241,0.02508054803225803,-0.0002709823244058888,-0.0010302131683429044,0.00034262256218585093,-0.5999118341265772,0.05564323197037195,nan,MODEL_NOT_IDENTIFIED
3.34,-0.01033861049399243,0.0008740507186144828,0.0,-0.01033861049399243,0.0,0.05934846522970107,0.007036620589817779,0.022290742558114182,-0.00024384849581374335,-0.0009156186095285786,0.00027322187295574743,-0.5331813417666252,0.044372291069405746,nan,MODEL_NOT_IDENTIFIED
3.36,-0.009125658519688863,0.0009975081422560399,0.0,-0.009125658519688863,0.0,0.06169413283041586,0.005323561482344481,0.0194021018176498,-0.00021523957253531003,-0.0007969642752767653,0.00020670624775562908,-0.4640867684536384,0.03356989574829181,nan,MODEL_NOT_IDENTIFIED
3.38,-0.007880485572572767,0.00108765045477379,0.0,-0.007880485572572767,0.0,0.06259485760895361,0.0037087020830556135,0.016481001675599988,-0.0001858706790695332,-0.0006769766327213682,0.00014400357621009336,-0.3942157855057934,0.023386738878202987,nan,MODEL_NOT_IDENTIFIED
3.4,-0.006630495387939277,0.001146641765584529,0.0,-0.006630495387939277,0.0,0.062201661795889186,0.0022112933230996187,0.013586711144001314,-0.00015638816529440472,-0.0005580902266177977,8.586134433140758e-05,-0.32498607253966005,0.013944215084495653,nan,MODEL_NOT_IDENTIFIED
3.42,-0.0053999945206091166,0.0011769861432929679,0.0,-0.0053999945206091166,0.0,0.06067257527052458,0.000846114893082694,0.010771093402755186,-0.00012736533038150004,-0.000442435398409065,3.285342628225925e-05,-0.25763816605939543,0.005335523755302647,nan,MODEL_NOT_IDENTIFIED
3.44,-0.00421009098143972,0.0011814404883978742,0.0,-0.00421009098143972,0.0,0.058168818063864716,-0.00037628525353169766,0.008078482297727932,-9.930003201683959e-05,-0.0003318332132392033,-1.4610616051166295e-05,-0.19323250536454584,-0.0023728206717574395,nan,MODEL_NOT_IDENTIFIED
3.46,-0.003078665431105806,0.0011629327410743048,0.0,-0.003078665431105806,0.0,0.05485136646160791,-0.0014492988754230415,0.005545716244016679,-7.261400697174482e-05,-0.0002277968525700019,-5.627419414778992e-05,-0.1326502434960577,-0.009139147226424345,nan,MODEL_NOT_IDENTIFIED
3.48,-0.0020204070356302575,0.001124486357047543,0.0,-0.0020204070356302575,0.0,0.050877923305154324,-0.0023699245558062424,0.003202310574686847,-4.7653716798425234e-05,-0.00013153869360920441,-9.202076730386392e-05,-0.07659736971586266,-0.014944529246743138,nan,MODEL_NOT_IDENTIFIED
3.5,-0.001046905778490129,0.001069151756934105,0.0,-0.001046905778490129,0.0,0.04640030301331959,-0.0031384050308363603,0.00107074895138963,-2.469252512142478e-05,-4.398227934621569e-05,-0.00012185976061572138,-0.02561167987601705,-0.01979049740488631,nan,MODEL_NOT_IDENTIFIED
3.52,-0.0001667929063715398,0.0009999452398731174,0.0,-0.0001667929063715398,0.0,0.04156223274458778,-0.0037578450893449417,-0.0008331255530758921,-3.934010218755833e-06,3.422161726920111e-05,-0.00014591172857523232,0.01992786911835593,-0.023696630217555727,nan,MODEL_NOT_IDENTIFIED
3.54,0.0006140787602920255,0.000919795653360387,0.0,0.0006140787602920255,0.0,0.036497563049117866,-0.004233819563370076,-0.002499638727446746,1.4483782138362889e-05,0.00010267561656959905,-0.00016439313390500894,0.05978987587144017,-0.026698082069828686,nan,MODEL_NOT_IDENTIFIED
3.56,0.001292422716009854,0.0008314989298862956,0.0,0.001292422716009854,0.0,0.031328874354539196,-0.00457398000950439,-0.0039247511951224,3.0483335786530155e-05,0.0001612137963845211,-0.0001776010755599514,0.09387772089062982,-0.028843102983420618,nan,MODEL_NOT_IDENTIFIED
3.58,0.0018672825879557497,0.0007376804386637177,0.0,0.0018672825879557497,0.0,0.026166459698935173,-0.00478766770525851,-0.005109479481788758,4.4042093528602265e-05,0.00020987791170856433,-0.00018589826193177633,0.12221571886744934,-0.030190598206862526,nan,MODEL_NOT_IDENTIFIED
3.6,0.002339779170361537,0.0006407649582865589,0.0,0.002339779170361537,0.0,0.021107659255952323,-0.004885539577521224,-0.006059288400694551,5.51864906372598e-05,0.00024889243620809895,-0.00018969848618828925,0.14493458489372954,-0.03080776935430693,nan,MODEL_NOT_IDENTIFIED
3.62,0.0027128474340663926,0.0005429539539773013,0.0,0.0027128474340663926,0.0,0.016236518359575066,-0.00487921266456466,-0.006783469635889283,6.398575191063267e-05,0.0002786390367929377,-0.00018945282124359667,0.16225657054121015,-0.030767872415187365,nan,MODEL_NOT_IDENTIFIED
3.64,0.002990969673731792,0.00044620974112635395,0.0,0.002990969673731792,0.0,0.011623737882699136,-0.004780931709178229,-0.0072945199344588586,7.054559763014845e-05,0.00029963103212712216,-0.0001856367128768308,0.17448059058859852,-0.030148121626677266,nan,MODEL_NOT_IDENTIFIED
3.66,0.0031799103115360545,0.0003522460346803327,0.0,0.0031799103115360545,0.0,0.00732688389392838,-0.0046032635061197934,-0.007607530765717267,7.500198858843348e-05,0.0003124883221584891,-0.00017873811168259404,0.18196762403141642,-0.029027762056446218,nan,MODEL_NOT_IDENTIFIED
3.68,0.003286457202526229,0.0002625243208560729,0.0,0.003286457202526229,0.0,0.0033908224401875235,-0.004358820697228176,-0.007739599707685582,7.751502446657999e-05,0.00031791321012225593,-0.00016924674843180645,0.18512663479567343,-0.027486327879697053,nan,MODEL_NOT_IDENTIFIED
3.7,0.00331817359950936,0.00017825544262209798,0.0,0.00331817359950936,0.0,-0.0001516549999966907,-0.004060016834727846,-0.007709272214546762,7.826309362940048e-05,0.0003166674724791129,-0.00015764462353155432,0.18440121914646312,-0.025602097830586125,nan,MODEL_NOT_IDENTIFIED
3.72,0.0032831642490558917,0.00010040576215522565,0.0,0.0032831642490558917,0.0,-0.0032790494606635273,-0.0037188537274192254,-0.0075360208346768945,7.743735621986607e-05,0.000309550967180028,-0.00014439774998302926,0.1802571488921364,-0.02345075422659155,nan,MODEL_NOT_IDENTIFIED
3.74,0.003189858417788163,2.9707250628380888e-05,0.0,0.003189858417788163,0.0,-0.005980248908966804,-0.003346741353101572,-0.007239767414788696,7.523662657457113e-05,0.00029738200763644487,-0.00012994916083951366,0.17317094279078593,-0.02110424735258967,nan,MODEL_NOT_IDENTIFIED
3.7600000000000002,0.003046812000791661,-3.332914332925304e-05,0.0,0.003046812000791661,0.0,-0.008253530718551366,-0.0029543499689456115,-0.006840452365003561,7.186270571388956e-05,0.0002809796697737697,-0.0001147131668645186,0.1636195636262303,-0.01862986288228157,nan,MODEL_NOT_IDENTIFIED
3.7800000000000002,0.0028625302510968263,-8.839748196562243e-05,0.0,0.0028625302510968263,0.0,-0.010105501844692853,-0.0025514934827229915,-0.006357653691508622,6.751620020474767e-05,0.00026114814334726396,-9.907082800410185e-05,0.15207130569511562,-0.016089486427746734,nan,MODEL_NOT_IDENTIFIED
3.8000000000000003,0.002645312098369741,-0.00013537879526882404,0.0,0.002645312098369741,0.0,-0.011550004083669272,-0.002147042662978153,-0.0058102572430761565,6.239285023071406e-05,0.00023866318692789297,-8.336658346247111e-05,0.1389779072992302,-0.013539056250660481,nan,MODEL_NOT_IDENTIFIED
3.8200000000000003,0.002403116502168163,-0.00017432158550613442,0.0,0.002403116502168163,0.0,-0.012607009275907795,-0.001748866364832469,-0.0052161784765260705,5.6680377373671455e-05,0.0002142606990896833,-6.790596958435849e-05,0.12476789554038306,-0.011028192637546974,nan,MODEL_NOT_IDENTIFIED
3.84,0.002143450814707862,-0.00020542141878581225,0.0,0.002143450814707862,0.0,-0.013301526610836226,-0.0013637986280585356,-0.00459213503200937,5.055585151611743e-05,0.00018862737667056035,-5.2954342320491826e-05,0.10984114645606587,-0.008599990423220566,nan,MODEL_NOT_IDENTIFIED
3.86,0.0018732807128856912,-0.00022900009757395064,0.0,0.0018732807128856912,0.0,-0.013662541383180571,-0.0009976292619689874,-0.0039534685262714335,4.418356648018692e-05,0.00016239339471990624,-3.8736511652347785e-05,0.09456462242000148,-0.006290959619948856,nan,MODEL_NOT_IDENTIFIED
3.88,0.0015989609007831802,-0.0002454848585853745,0.0,0.0015989609007831802,0.0,-0.013722001701435782,-0.0006551153630571936,-0.0033140132222878216,3.771340556330394e-05,0.00013612701194855173,-2.5437188805600522e-05,0.07926923079772204,-0.004131098046649975,nan,MODEL_NOT_IDENTIFIED
3.9,0.001326185482243764,-0.0002553879882730386,0.0,0.001326185482243764,0.0,-0.013513866818269556,-0.00034001111085858667,-0.0026860086156255125,3.1279671016050026e-05,0.00011033098011019686,-1.3202143180630553e-05,0.06424773306417325,-0.0021440792188910517,nan,MODEL_NOT_IDENTIFIED
3.92,0.0010599566574881589,-0.0002592871945681162,0.0,0.0010599566574881589,0.0,-0.013073227991378526,-5.511314915140622e-05,-0.002080052487981796,2.5000345714391892e-05,8.544061562000642e-05,-2.1399644393824897e-06,0.049753621872207714,-0.0003475385186230569,nan,MODEL_NOT_IDENTIFIED
3.94,0.0008045702062556844,-0.0002578070197509934,0.0,0.0008045702062556844,0.0,-0.01243551013614448,0.0001976811231154061,-0.0015050906109881814,1.8976750762204072e-05,6.182337662618024e-05,7.675674141610296e-06,0.03600087477368091,0.00124655922851611,nan,MODEL_NOT_IDENTIFIED
3.96,0.0005636160799708742,-0.00025160152640644925,0.0,0.0005636160799708742,0.0,-0.011635760035350202,0.00041730496069135634,-0.0009684390312580174,1.3293559458226822e-05,3.977977839463626e-05,1.6203352376111204e-05,0.02316448726457341,0.0026314872237531424,nan,MODEL_NOT_IDENTIFIED
3.98,0.0003399923336027304,-0.00024133843724152444,0.0,0.0003399923336027304,0.0,-0.010708024556048478,0.0006034458822436589,-0.0004758347221822428,8.01912589563227e-06,1.954547389141718e-05,2.343093706268957e-05,0.011381684345904593,0.0038052749881521447,nan,MODEL_NOT_IDENTIFIED
4.0,0.00013593058034947785,-0.00022768486089024773,0.0,0.00013593058034947785,0.0,-0.009684820212362673,0.0007564638405501386,-3.151033949343404e-05,3.2060853412139023e-06,1.2943244558826557e-06,2.9372404650818186e-05,0.0007537086324885706,0.004770192351274764,nan,MODEL_NOT_IDENTIFIED
4.0200000000000005,-4.696885520674333e-05,-0.00021129469032650733,0.0,-4.696885520674333e-05,0.0,-0.008596693521921687,0.0008773061401843203,0.0003617111442406666,-1.1078166354089027e-06,-1.4857712975563127e-05,3.4064537616763104e-05,-0.008651916046106625,0.005532212929821136,nan,MODEL_NOT_IDENTIFIED
4.04,-0.00020769388179065667,-0.00019279771865263667,0.0,-0.00020769388179065667,0.0,-0.007471869943093632,0.0009674210974598019,0.0007023060370708896,-4.8987086508190225e-06,-2.8848050954331983e-05,3.756357200320738e-05,-0.016798743882130124,0.006100469675071951,nan,MODEL_NOT_IDENTIFIED
4.0600000000000005,-0.00034577142138356214,-0.00017279047919720842,0.0,-0.00034577142138356214,0.0,-0.006335987754901169,0.0010286722291835415,0.000989927689148731,-8.155432594037271e-06,-4.0662450427980814e-05,3.994186549176575e-05,-0.02367848321679726,0.006486713754951591,nan,MODEL_NOT_IDENTIFIED
4.08,-0.00046121367679172735,-0.00015182878329210667,0.0,-0.00046121367679172735,0.0,-0.00521191205117884,0.00106325453883936,0.001225276117629246,-1.0878276282846781e-05,-5.032966542892853e-05,4.128464691570252e-05,-0.029307878045289847,0.006704786662295886,nan,MODEL_NOT_IDENTIFIED
4.1,-0.0005544614326464989,-0.0001304218999468429,0.0,-0.0005544614326464989,0.0,-0.004119623060441337,0.0010736142464536698,0.0014099629184969264,-1.3077636150055827e-05,-5.791589416796132e-05,4.1686899485885366e-05,-0.033725476787749425,0.006770114038667618,nan,MODEL_NOT_IDENTIFIED
4.12,-0.0006263258121344655,-0.00010902829693780202,0.0,-0.0006263258121344655,0.0,-0.0030761722645210607,0.0010623730863263004,0.0015463745799928494,-1.4772643506306608e-05,-6.351916447161993e-05,4.125042138038119e-05,-0.03698836282752092,0.006699228302714879,nan,MODEL_NOT_IDENTIFIED
4.14,-0.0006779297755940875,-8.805284253286249e-05,0.0,-0.0006779297755940875,0.0,-0.002095699260535948,0.0010322580792240064,0.0016375369802627455,-1.5989784714495876e-05,-6.726376786286163e-05,4.008109889957687e-05,-0.03916891337525832,0.006509325799994489,nan,MODEL_NOT_IDENTIFIED
4.16,-0.0007106505023643779,-6.78453510508839e-05,0.0,-0.0007106505023643779,0.0,-0.0011895019777790896,0.0009860374761445365,0.0016869835055639498,-1.6761542196751754e-05,-6.929484236045963e-05,3.828641925452243e-05,-0.04035164493465163,0.00621786287015947,nan,MODEL_NOT_IDENTIFIED
4.18,-0.0007260636476807004,-4.870034351765266e-05,0.0,-0.0007260636476807004,0.0,-0.0003661527072537829,0.000926463372402687,0.001698628873097729,-1.7125079666639787e-05,-6.97731896026356e-05,3.597324235429829e-05,-0.040630195219409464,0.005842193976591803,nan,MODEL_NOT_IDENTIFIED
4.2,-0.0007258903153874596,-3.085788657670641e-05,0.0,-0.0007258903153874596,0.0,0.00036834759110584894,0.0008562213060392495,0.001676650391661343,-1.712099141715914e-05,-6.887039748793289e-05,3.3245843784611115e-05,-0.04010448297847832,0.005399253878541742,nan,MODEL_NOT_IDENTIFIED
4.22,-0.0007119474378133664,-1.4505368252745705e-05,0.0,-0.0007119474378133664,0.0,0.0010103840888819279,0.000777886985335734,0.0016253780503439994,-1.6792131970743833e-05,-6.676432543843216e-05,3.0204234599329615e-05,-0.038878078982836364,0.004905284758761393,nan,MODEL_NOT_IDENTIFIED
4.24,-0.0006861021089843554,2.1993217847285768e-07,0.0,-0.0006861021089843554,0.0,0.001558519110143204,0.0006938901379394566,0.0015491944960186088,-1.6182538973461644e-05,-6.363499585694778e-05,2.694275763392407e-05,-0.037055813546417495,0.0043756082593671575,nan,MODEL_NOT_IDENTIFIED
4.26,-0.0006502302786949814,1.322762143557255e-05,0.0,-0.0006502302786949814,0.0,0.0020132661098817635,0.0006064853396867407,0.0014524456490952178,-1.5336458945276755e-05,-5.9660922563402796e-05,2.3548954830560943e-05,-0.03474163850794577,0.0038244415310452837,nan,MODEL_NOT_IDENTIFIED
4.28,-0.0006061800846969924,2.447045378441771e-05,0.0,-0.0006061800846969924,0.0,0.0023768528867061343,0.0005177295651317812,0.0013393624176996034,-1.4297482425854253e-05,-5.5015895112140944e-05,2.0102695557375932e-05,-0.032036754680517074,0.003264755668723523,nan,MODEL_NOT_IDENTIFIED
4.3,-0.0005557399798918492,3.394020792344523e-05,0.0,-0.0005557399798918492,0.0,0.002652979780731239,0.0004294661041166453,0.0012139937060595433,-1.3107792216268653e-05,-4.98662270321749e-05,1.6675552111982847e-05,-0.02903800945193033,0.0027081742909206624,nan,MODEL_NOT_IDENTIFIED
4.32,-0.0005006117020681197,4.1663302287978514e-05,0.0,-0.0005006117020681197,0.0,0.0028465780336933816,0.00034331440916747296,0.0010801506755444008,-1.1807525837926029e-05,-4.43684662834754e-05,1.333040551044715e-05,-0.025836563541812015,0.0021649095183480208,nan,MODEL_NOT_IDENTIFIED
4.34,-0.0004423880361991544,4.769626250695902e-05,0.0,-0.0004423880361991544,0.0,0.0029635728828386575,0.0002606653764757553,0.0009413620078726114,-1.0434251029753383e-05,-3.8667557640317184e-05,1.012126225456547e-05,-0.022516820924071812,0.001643732216205502,nan,MODEL_NOT_IDENTIFIED
4.36,-0.0003825352340885432,5.2121144320185554e-05,0.0,-0.0003825352340885432,0.0,0.003010655338261339,0.00018268151786081794,0.0008008397401402943,-9.022551094506661e-06,-3.289543932467898e-05,7.093261008921903e-06,-0.01915561162104963,0.0011519730785614195,nan,MODEL_NOT_IDENTIFIED
4.38,-0.0003223798834086693,5.5041004089357105e-05,0.0,-0.0003223798834086693,0.0,0.0029950659688259915,0.0001103014513331088,0.0006614550905667378,-7.603715189337466e-06,-2.7170050020153037e-05,4.282846963012061e-06,-0.0158216134696849,0.000695550945437196,nan,MODEL_NOT_IDENTIFIED
4.4,-0.00026309995785027385,5.6575497411464536e-05,0.0,-0.00026309995785027385,0.0,0.0029243934067684726,4.424812243965012e-05,0.0005257235716763709,-6.205527232864483e-06,-2.1594717378290896e-05,1.718091054281146e-06,-0.012574996037658432,0.00027902464586593604,nan,MODEL_NOT_IDENTIFIED
4.42,-0.00020571973188976671,5.685667454156156e-05,0.0,-0.00020571973188976671,0.0,0.002806389686114558,-1.4959833902069197e-05,0.0003957985930372837,-4.852145963877427e-06,-1.625789524352323e-05,-5.808688681815208e-07,-0.009467267604691895,-9.433535541380796e-05,nan,MODEL_NOT_IDENTIFIED
4.44,-0.00015110820709210286,5.602502959842727e-05,0.0,-0.00015110820709210286,0.0,0.0026488039641463365,-6.699417234877196e-05,0.0002734726872416885,-3.5640678238078794e-06,-1.123321401175711e-05,-2.601287509054916e-06,-0.006541304487273387,-0.0004224591730461092,nan,MODEL_NOT_IDENTIFIED
4.46,-9.998067124309103e-05,5.422584907610037e-05,0.0,-9.998067124309103e-05,0.0,0.002459235645656248,-0.00011170111910298166,0.00016018544879944812,-2.358163730729866e-06,-6.579806729815389e-06,-4.337194052601322e-06,-0.0038315409322821755,-0.0007043771234146099,nan,MODEL_NOT_IDENTIFIED
4.48,-5.2902996156919596e-05,5.1605894201316486e-05,0.0,-5.2902996156919596e-05,0.0,0.0022450074424777665,-0.00014908399167318397,5.703725401649438e-05,-1.2477804482915008e-06,-2.342872655666665e-06,-5.788717312911311e-06,-0.0013642972883435036,-0.000940110126426852,nan,MODEL_NOT_IDENTIFIED
4.5,-1.0298273841870561e-05,4.831044131574874e-05,0.0,-1.0298273841870561e-05,0.0,0.0020130584601116695,-0.0001792848567370395,-3.519217145222476e-05,-2.4289710762170384e-07,1.445560057381213e-06,-6.961373535071513e-06,0.000841775869317014,-0.0011305540416637182,nan,MODEL_NOT_IDENTIFIED
4.5200000000000005,2.754460713370733e-05,4.448069484711461e-05,0.0,2.754460713370733e-05,0.0,0.0017698570121286795,-0.00020256568647875552,-0.00011602125417693467,6.496725088190516e-07,4.7657102112364084e-06,-7.865334722804138e-06,0.002775159589871382,-0.0012773608419524138,nan,MODEL_NOT_IDENTIFIED
4.54,6.0460833761435354e-05,4.0251578660481854e-05,0.0,6.0460833761435354e-05,0.0,0.00152133252309012,-0.00021928942973049916,-0.0001852410284518183,1.4260410890745756e-06,7.6089942924291225e-06,-8.51469365806979e-06,0.004430855537570116,-0.0013828192497014659,nan,MODEL_NOT_IDENTIFIED
4.5600000000000005,8.839836213182018e-05,3.574990371915228e-05,0.0,8.839836213182018e-05,0.0,0.0012728255924882438,-0.0002299013674221354,-0.0002428873854271846,2.084981115283199e-06,9.976886572399825e-06,-8.92673995995426e-06,0.005809722207442237,-0.0014497371660582258,nan,MODEL_NOT_IDENTIFIED
4.58,0.0001114057843199863,3.109290307669817e-05,0.0,0.0001114057843199863,0.0,0.0010290550551271336,-0.00023491107344712891,-0.000289211899789731,2.6276386896638283e-06,1.1879720778893387e-05,-9.121259650995593e-06,0.006917777116789295,-0.0014813279177657759,nan,MODEL_NOT_IDENTIFIED
4.6000000000000005,0.00012961969529979943,2.638711928827685e-05,0.0,0.00012961969529979943,0.0,0.0007941006859944744,-0.00023487525318733254,-0.0003246519537117153,3.0572355680735224e-06,1.3335462901842671e-05,-9.119868801745388e-06,0.00776548218776849,-0.0014811020384571537,nan,MODEL_NOT_IDENTIFIED
4.62,0.00014325185805329384,2.1727624369593954e-05,0.0,0.00014325185805329384,0.0,0.0005714000577892097,-0.00023038168358841676,-0.0003498008073930365,3.3787664337599095e-06,1.4368481805492737e-05,-8.945389946959702e-06,0.008367027852509852,-0.0014527659962279833,nan,MODEL_NOT_IDENTIFIED
4.64,0.00015257643418134883,1.7197548426748633e-05,0.0,0.00015257643418134883,0.0,0.0003637579640022113,-0.000222034431699572,-0.00036537819097958075,3.598697716038916e-06,1.5008341256671627e-05,-8.621278142721778e-06,0.008739629629244457,-0.0014001289830888313,nan,MODEL_NOT_IDENTIFIED
4.66,0.00015791751497356616,1.2867889994679281e-05,0.0,0.00015791751497356616,0.0,0.00017336676641467412,-0.00021044048371853796,-0.0003722019158549398,3.724673495662172e-06,1.5288633825027883e-05,-8.171101791461143e-06,0.008902849081239155,-0.0013270185989361861,nan,MODEL_NOT_IDENTIFIED
4.68,0.00015963715484782452,8.797578907645363e-06,0.0,0.00015963715484782452,0.0,1.836009310337346e-06,-0.00019619787442341592,-0.0003711609259907603,3.7652332591741936e-06,1.5245873935379145e-05,-7.6180817248369526e-06,0.008877949221079644,-0.0012372059968263792,nan,MODEL_NOT_IDENTIFIED
4.7,0.00015812407603222296,5.033761122817711e-06,0.0,0.00015812407603222296,0.0,-0.0001497703404517124,-0.00017988536791133778,-0.0003631901337333784,3.729545485324267e-06,1.4918464217891356e-05,-6.984690521638909e-06,0.008687292597611222,-0.001134340810649807,nan,MODEL_NOT_IDENTIFIED
4.72,0.0001537831809605597,1.6122742597719224e-06,0.0,0.0001537831809605597,0.0,-0.0002808906222957567,-0.00016205370516888677,-0.00034924731043380357,3.6271602823682733e-06,1.4345746263378342e-05,-6.292312663515134e-06,0.008353788533513718,-0.001021895963104033,nan,MODEL_NOT_IDENTIFIED
4.74,0.00014702597762862842,-1.4417173695889563e-06,0.0,0.00014702597762862842,0.0,-0.0003914177035140799,-0.00014321840242764234,-0.00033029223182780564,3.467783558643502e-06,1.3567143995128149e-05,-5.5609649054595025e-06,0.007900394295161666,-0.000903122252777196,nan,MODEL_NOT_IDENTIFIED
4.76,0.00013826199356857568,-4.1129588626004755e-06,0.0,0.00013826199356857568,0.0,-0.00048164812568803804,-0.00012385405666519119,-0.0003072682119783391,3.2610745108830404e-06,1.262140515375191e-05,-4.809075166593162e-06,0.007349673395478971,-0.0007810124451539959,nan,MODEL_NOT_IDENTIFIED
4.78,0.00012789122651435462,-6.3952414657599725e-06,0.0,0.00012789122651435462,0.0,-0.0005522294998347541,-0.00010439009105865428,-0.0002810860986467318,3.016467564129797e-06,1.1545943888129808e-05,-4.0533173322345e-06,0.006723412772709783,-0.0006582744438316135,nan,MODEL_NOT_IDENTIFIED
4.8,0.0001162976545435562,-8.290467914031547e-06,0.0,0.0001162976545435562,0.0,-0.0006041073533900368,-8.520785366161042e-05,-0.00025261074772065987,2.743019300668249e-06,1.0376285176546086e-05,-3.308498599690355e-06,0.006042299266757427,-0.0005373129950396,nan,MODEL_NOT_IDENTIFIED
4.82,0.0001038438057027698,-9.8076724334132e-06,0.0,0.0001038438057027698,0.0,-0.0006384725025578557,-6.663896695993971e-05,-0.00022264994518118164,2.44928037814262e-06,9.145609783385108e-06,-2.5874953938794636e-06,0.0053256546392060275,-0.0004202192800887578,nan,MODEL_NOT_IDENTIFIED
4.84,9.086636699581973e-05,-1.0962019299118912e-05,0.0,9.086636699581973e-05,0.0,-0.0006567098886605461,-4.896481410798852e-05,-0.00019194570226267814,2.143191962291798e-06,7.884396697532378e-06,-1.9012334186204967e-06,0.004591227358708956,-0.0003087676756230047,nan,MODEL_NOT_IDENTIFIED
4.86,7.767279521071765e-05,-1.1773801468997112e-05,0.0,7.767279521071765e-05,0.0,-0.0006603496800930567,-3.241703934110725e-05,-0.00016116781302698722,1.8320057892487902e-06,6.620158502113911e-06,-1.2587070869323126e-06,0.0038550385019830193,-0.0002044189091754394,nan,MODEL_NOT_IDENTIFIED
4.88,6.453887739557804e-05,-1.2267458306358682e-05,0.0,6.453887739557804e-05,0.0,-0.0006510213051705383,-1.7178935048871685e-05,-0.00013090953348420082,1.5222266264469668e-06,5.377263889273476e-06,-6.670333790953202e-07,0.003131278400940546,-0.00010832880592623945,nan,MODEL_NOT_IDENTIFIED
4.9,5.170717682608366e-05,-1.2470628831261313e-05,0.0,5.170717682608366e-05,0.0,-0.0006304109480675521,-3.3875859871382286e-06,-0.00010168521748096083,1.2195756189037621e-06,4.176840551488799e-06,-1.3153509932649635e-07,0.002432250094539541,-2.136180990935454e-05,nan,MODEL_NOT_IDENTIFIED
4.92,3.938629095077887e-05,-1.2413254351519677e-05,0.0,3.938629095077887e-05,0.0,-0.0006002229123324541,8.863358205122334e-06,-7.39297265781153e-05,9.28972786972751e-07,3.0367509415984526e-06,3.4415147137326694e-07,0.0017683552134072132,5.5891532747863874e-05,nan,MODEL_NOT_IDENTIFIED
4.94,2.7750840929395163e-05,-1.2126741774914913e-05,0.0,2.7750840929395163e-05,0.0,-0.0005621451359226828,1.9520407963045313e-05,-4.799941870720827e-05,6.545367795925429e-07,1.9716328830362766e-06,7.579494100109835e-07,0.0011481176279168558,0.00012309392170201154,nan,MODEL_NOT_IDENTIFIED
4.96,1.694210783492439e-05,-1.1643196436280863e-05,0.0,1.694210783492439e-05,0.0,-0.0005178190298005031,2.8566576916848655e-05,-2.4174513117926654e-05,3.9959987987371924e-07,9.929967128443207e-07,1.1091991602403463e-06,0.0005782400163281717,0.0001801382424462651,nan,MODEL_NOT_IDENTIFIED
4.98,7.069228187860491e-06,-1.0994730924687697e-05,0.0,7.069228187860491e-06,0.0,-0.000468813709975738,3.601745707656654e-05,-2.6626265447249224e-06,1.6673620320405483e-07,1.0937053389849783e-07,1.3985061374209442e-06,6.368844779570102e-05,0.00022712281678137554,nan,MODEL_NOT_IDENTIFIED
5.0,-1.78913897269811e-06,-1.0212854197553202e-05,0.0,-1.78913897269811e-06,0.0,-0.00041660460128786666,4.191713181713504e-05,1.6396722866650774e-05,-4.2198982885339715e-08,-6.735147809835171e-07,1.627582035698072e-06,-0.00039219988637991725,0.0002643256304703975,nan,MODEL_NOT_IDENTIFIED
5.0200000000000005,-9.582760018318444e-06,-9.327943244489196e-06,0.0,-9.582760018318444e-06,0.0,-0.00036255631069597696,4.633402317823629e-05,3.292684204203773e-05,-2.2602085817710884e-07,-1.352508973090411e-06,1.7990835846189291e-06,-0.0007875905333499422,0.00029217814668824345,nan,MODEL_NOT_IDENTIFIED
5.04,-1.6287473442477325e-05,-8.36879773219606e-06,0.0,-1.6287473442477325e-05,0.0,-0.00030790959863299933,4.9356760010729826e-05,4.690800960137487e-05,-3.84159544637285e-07,-1.9268019634155103e-06,1.9164521151918693e-06,-0.0011220117693996959,0.00031123925092792654,nan,MODEL_NOT_IDENTIFIED
5.0600000000000005,-2.1902615108799997e-05,-7.362276435142731e-06,0.0,-2.1902615108799997e-05,0.0,-0.0002537722190790009,5.1090143036651446e-05,5.837122128972135e-05,-5.165993778150125e-07,-2.397666938839798e-06,1.9837568889603057e-06,-0.001396204994367995,0.0003221698070349673,nan,MODEL_NOT_IDENTIFIED
5.08,-2.6448296718159532e-05,-6.3330128421681496e-06,0.0,-2.6448296718159532e-05,0.0,-0.00020111335220095535,5.1651272197556335e-05,6.73916997171804e-05,-6.238147162335187e-07,-2.7681937570245095e-06,2.00554472849998e-06,-0.0016119694884753819,0.00032570823661737675,nan,MODEL_NOT_IDENTIFIED
5.1000000000000005,-2.996260627493217e-05,-5.303206128721071e-06,0.0,-2.996260627493217e-05,0.0,-0.000150761317291601,5.116589097600072e-05,7.40823191279538e-05,-7.067039110378721e-07,-3.043018861024792e-06,1.98669807267163e-06,-0.0017720051366995559,0.00032264746666856703,nan,MODEL_NOT_IDENTIFIED
5.12,-3.249879281122136e-05,-4.292482696100476e-06,0.0,-3.249879281122136e-05,0.0,-0.00010340422775964036,4.976499189001273e-05,7.858707999516487e-05,-7.665229043481002e-07,-3.2280572405557205e-06,1.932303172845783e-06,-0.0018797563449536332,0.0003138135241234379,nan,MODEL_NOT_IDENTIFIED
5.14,-3.412249068249056e-05,-3.317822696868363e-06,0.0,-3.412249068249056e-05,0.0,-5.9593233391923636e-05,4.758171725582226e-05,8.107475160663822e-05,-8.0481976095132e-07,-3.3302412936855174e-06,1.8475297539700411e-06,-0.0019392599745084633,0.000300045992349317,nan,MODEL_NOT_IDENTIFIED
5.16,-3.490903156004686e-05,-2.3935453804507074e-06,0.0,-3.490903156004686e-05,0.0,-1.9747987239999724e-05,4.474857973759926e-05,8.173278386582763e-05,-8.233712684290004e-07,-3.3572707468593255e-06,1.7375230925066962e-06,-0.00195499971588162,0.0002821804841847649,nan,MODEL_NOT_IDENTIFIED
5.18,-3.494088497997619e-05,-1.5313466930098954e-06,0.0,-3.494088497997619e-05,0.0,1.5836025580092463e-05,4.139501827496991e-05,8.076157263938424e-05,-8.241225694419173e-07,-3.3173770972693103e-06,1.6073091166078572e-06,-0.0019317689193523496,0.00026103322984022094,nan,MODEL_NOT_IDENTIFIED
5.2,-3.4305261111532865e-05,-7.403823370081282e-07,0.0,-3.4305261111532865e-05,0.0,4.6978653051625e-05,3.764529679378057e-05,7.836914645374778e-05,-8.091306201549912e-07,-3.2191053626341253e-06,1.461712816071852e-06,-0.0018745435038952534,0.00023738782635871172,nan,MODEL_NOT_IDENTIFIED
5.22,-3.309190240928817e-05,-2.7389422901118545e-08,0.0,-3.309190240928817e-05,0.0,7.36050784617713e-05,3.361674573203836e-05,7.476632644931759e-05,-7.805121037115278e-07,-3.0711152705931e-06,1.30528996332066e-06,-0.0017883661861545991,0.00021198414883796335,nan,MODEL_NOT_IDENTIFIED
5.24,-3.139108412247074e-05,6.031600886239709e-07,0.0,-3.139108412247074e-05,0.0,9.573498489648285e-05,2.9418339896793598e-05,7.016239647023209e-05,-7.403962698541698e-07,-2.8820034025237827e-06,1.1422718936248463e-06,-0.0016782429115598354,0.00018550938252492042,nan,MODEL_NOT_IDENTIFIED
5.26,-2.9291837343173692e-05,1.1488807679450634e-06,0.0,-2.9291837343173692e-05,0.0,0.00011347118534312488,2.5149600532965745e-05,6.476130618563582e-05,-6.908830233912254e-07,-2.6601472322581506e-06,9.765228740126954e-07,-0.001549052035238156,0.00015859109936136782,nan,MODEL_NOT_IDENTIFIED
5.28,-2.6880402455542796e-05,1.6092762440784422e-06,0.0,-2.6880402455542796e-05,0.0,0.00012698799657621132,2.0899804736235495e-05,5.875841734817162e-05,-6.340064469457478e-07,-2.413571474802604e-06,8.115094059080906e-07,-0.001405466494447368,0.00013179227261335142,nan,MODEL_NOT_IDENTIFIED
5.3,-2.4238915556306168e-05,1.985528823721508e-06,0.0,-2.4238915556306168e-05,0.0,0.0001365196075004949,1.6747481466263428e-05,5.2337791801574005e-05,-5.717038186123903e-07,-2.1498366880429148e-06,6.502806560475154e-07,-0.001251888939325956,0.00010560809877625686,nan,MODEL_NOT_IDENTIFIED
5.32,-2.1444325692170485e-05,2.280281700399203e-06,0.0,-2.1444325692170485e-05,0.0,0.00014234866356255328,1.2760170385696463e-05,4.567000971917201e-05,-5.05790073706167e-07,-1.8759496543107823e-06,4.954590925449816e-07,-0.0010923995464520323,8.046447683546304e-05,nan,MODEL_NOT_IDENTIFIED
5.34,-1.8567536625482643e-05,2.4974187532938194e-06,0.0,-1.8567536625482643e-05,0.0,0.00014479525895073566,8.994417523931313e-06,3.891049782258538e-05,-4.3793756227894173e-07,-1.5982947099898905e-06,3.492403165221884e-07,-0.0009307160308260537,5.6717980922427296e-05,nan,MODEL_NOT_IDENTIFIED
5.36,-1.567276330594022e-05,2.6418463993764872e-06,0.0,-1.567276330594022e-05,0.0,0.0001442064982481071,5.495980291126985e-06,3.21983399981906e-05,-3.696608707349133e-07,-1.3225848901807893e-06,2.1340102250823157e-07,-0.0007701651965220871,3.4657153114449685e-05,nan,MODEL_NOT_IDENTIFIED
5.38,-1.281709029028167e-05,2.719281404066353e-06,0.0,-1.281709029028167e-05,0.0,0.00014094675957388022,2.3002135878672396e-06,2.5655536774324297e-05,-3.0230640663077956e-07,-1.0538315108513578e-06,8.931399052334335e-08,-0.0006136652238217087,1.4504938207175742e-05,nan,MODEL_NOT_IDENTIFIED
5.4,-1.0050217000014592e-05,2.7360479880381696e-06,0.0,-1.0050217000014592e-05,0.0,0.00013538876255904812,-5.67391396694491e-07,1.9386675497561963e-05,-2.3704639027452897e-07,-7.963306209374294e-07,-2.2030993162850232e-08,-0.0004637177800261999,-3.5779186731818156e-06,nan,MODEL_NOT_IDENTIFIED
5.42,-7.414372916074303e-06,2.6988870028354864e-06,0.0,-7.414372916074303e-06,0.0,0.00012790551718723462,-3.090543700540675e-06,1.3478969684856586e-05,-1.7487685449001696e-07,-5.536646187784227e-07,-1.2000137388893616e-07,-0.00032240896073636703,-1.9488688198074415e-05,nan,MODEL_NOT_IDENTIFIED
5.44,-4.944384547628406e-06,2.6147793960500683e-06,0.0,-4.944384547628406e-06,0.0,0.00011886320395105792,-5.261391530991195e-06,8.002623846733855e-06,-1.1661922415633132e-07,-3.287172376614894e-07,-2.0429227782027508e-07,-0.0001914180162069992,-3.3177857675184574e-05,nan,MODEL_NOT_IDENTIFIED
5.46,-2.6678752424127275e-06,2.4907856569624844e-06,0.0,-2.6678752424127275e-06,0.0,0.00010861501221174533,-7.07968944482475e-06,3.011478979260144e-06,-6.292502897358364e-08,-1.2370006016739855e-07,-2.748941747490389e-07,-7.203279113191422e-05,-4.464387936182565e-05,nan,MODEL_NOT_IDENTIFIED
5.48,-6.055785853932277e-07,2.333902433206301e-06,0.0,-6.055785853932277e-07,0.0,9.749594231813153e-05,-8.551917937593529e-06,-1.4561061961705994e-06,-1.428329534524596e-08,5.981128386314578e-08,-3.320586930115646e-07,3.482919662298672e-05,-5.392761867503202e-05,nan,MODEL_NOT_IDENTIFIED
5.5,1.2282537849858642e-06,2.1509370442873336e-06,0.0,1.2282537849858642e-06,0.0,8.581855808615518e-05,-9.6903777049208e-06,-5.376182417685027e-06,2.8969834787796506e-08,2.2083305017853152e-07,-3.762634509551752e-07,0.00012859509491755348,-6.110664268547136e-05,nan,MODEL_NOT_IDENTIFIED
5.5200000000000005,2.825368676651601e-06,1.9484001933458482e-06,0.0,2.825368676651601e-06,0.0,7.386965974509541e-05,-1.0512278729232657e-05,-8.737988164319988e-06,6.663970001782175e-08,3.5892319657962574e-07,-4.081766874840397e-07,0.00020900749455280473,-6.628947598101399e-05,nan,MODEL_NOT_IDENTIFIED
5.54,4.182970151450174e-06,1.73241679776874e-06,0.0,4.182970151450174e-06,0.0,6.190783344914449e-05,-1.1038842098624503e-05,-1.1542619569279267e-05,9.866035479889875e-08,4.741267480339587e-07,-4.286223869755416e-07,0.00027609261438487877,-6.960993681798902e-05,nan,MODEL_NOT_IDENTIFIED
5.5600000000000005,5.303137634473253e-06,1.5086545242936867e-06,0.0,5.303137634473253e-06,0.0,5.016182190918974e-05,-1.1294430139070608e-05,-1.3801629842366219e-05,1.2508084485927657e-07,5.669182662959524e-07,-4.385465035631013e-07,0.00033012680034027884,-7.122165181381308e-05,nan,MODEL_NOT_IDENTIFIED
5.58,6.192219114957819e-06,1.2822693261302407e-06,0.0,6.192219114957819e-06,0.0,3.882965155246901e-05,-1.1305718090291149e-05,-1.5535593010616577e-05,1.460508951187381e-07,6.381428538550254e-07,-4.389847984995616e-07,0.000371602170943628,-7.129283261015441e-05,nan,MODEL_NOT_IDENTIFIED
5.6000000000000005,6.860213864441568e-06,1.0578670383759341e-06,0.0,6.860213864441568e-06,0.0,2.8078444761980376e-05,-1.1100918226910675e-05,-1.6772663413630198e-05,1.6180635035788676e-07,6.889569835029396e-07,-4.31032713895929e-07,0.0004011921613003416,-7.000138325134676e-05,nan,MODEL_NOT_IDENTIFIED
5.62,7.320157618426678e-06,8.394798927578784e-07,0.0,7.320157618426678e-06,0.0,1.8044841046779278e-05,-1.0709065061728591e-05,-1.7547158812803565e-05,1.72654673992225e-07,7.207702978700405e-07,-4.1581761819081023e-07,0.0004197176319097994,-6.753039274106012e-05,nan,MODEL_NOT_IDENTIFIED
5.64,7.587521614582098e-06,6.305566618386812e-07,0.0,7.587521614582098e-06,0.0,8.83594828712382e-06,-1.01593681025685e-05,-1.7898191283380798e-05,1.7896077366926911e-07,7.351893716972741e-07,-3.944736746283098e-07,0.00042811412041519876,-6.406405358571135e-05,nan,MODEL_NOT_IDENTIFIED
5.66,7.679635291591474e-06,4.339650339950248e-07,0.0,7.679635291591474e-06,0.0,5.307443042883178e-07,-9.480636597841579e-06,-1.7868366338221865e-05,1.811333849302951e-07,7.339642768066713e-07,-3.6811950495431797e-07,0.0004274007254156155,-5.9784034292174496e-05,nan,MODEL_NOT_IDENTIFIED
5.68,7.615140862469342e-06,2.5200475088115806e-07,0.0,7.615140862469342e-06,0.0,-6.81815027022193e-06,-8.700778822320468e-06,-1.7502567056560988e-05,1.7961220666954753e-07,7.189386387523228e-07,-3.3783874740213357e-07,0.00041865102354701544,-5.486632190929637e-05,nan,MODEL_NOT_IDENTIFIED
5.7,7.413486414891149e-06,8.643000548466755e-08,0.0,7.413486414891149e-06,0.0,-1.3182404709519275e-05,-7.8463767416906e-06,-1.6846836424456454e-05,1.7485594529915668e-07,6.920037276327158e-07,-3.046635415277715e-07,0.00040296633572867705,-4.9478539901144066e-05,nan,MODEL_NOT_IDENTIFIED
5.72,7.094462685097377e-06,-6.15204022813319e-08,0.0,7.094462685097377e-06,0.0,-1.8555690020574862e-05,-6.942335364902285e-06,-1.5947367691179683e-05,1.6733138900754422e-07,6.550569857855035e-07,-2.6956091306532193e-07,0.0003814515770868182,-4.3777736994748295e-05,nan,MODEL_NOT_IDENTIFIED
5.74,6.677787223413798e-06,-1.9108662797981737e-07,0.0,6.677787223413798e-06,0.0,-2.2951239058362933e-05,-6.011604754907106e-06,-1.484960935299559e-05,1.575035998057865e-07,6.099652639379226e-07,-2.3342198000303597e-07,0.000355193848697441,-3.790863420502675e-05,nan,MODEL_NOT_IDENTIFIED
5.76,6.182738336502317e-06,-3.0194648622216783e-07,0.0,6.182738336502317e-06,0.0,-2.6399318928878453e-05,-5.0749715242157945e-06,-1.3597488428906575e-05,1.4582727961771297e-07,5.585329163394935e-07,-1.9705385665524861e-07,0.0003252438588027872,-3.200231002468764e-05,nan,MODEL_NOT_IDENTIFIED
5.78,5.627839968318477e-06,-3.941706452904731e-07,0.0,5.627839968318477e-06,0.0,-2.89446739037536e-05,-4.1509156909890595e-06,-1.2232753019334615e-05,1.3273933782033538e-07,5.024747955824608e-07,-1.6117409558994017e-07,0.00029260019720493143,-2.6175297771724795e-05,nan,MODEL_NOT_IDENTIFIED
5.8,5.030597578863479e-06,-4.6817557227686117e-07,0.0,5.030597578863479e-06,0.0,-3.0643990854604025e-05,-3.2555280096223865e-06,-1.0794432757392793e-05,1.1865266162826548e-07,4.433940899997496e-07,-1.2640747769405587e-07,0.0002581964295801913,-2.0529064283585104e-05,nan,MODEL_NOT_IDENTIFIED
5.82,4.40728410413972e-06,-5.246753843888747e-07,0.0,4.40728410413972e-06,0.0,-3.1563432735772755e-05,-2.4024823094924382e-06,-9.318413684576247e-06,1.039510677032262e-07,3.8276486118126005e-07,-9.328493812675102e-08,0.00022289092875778902,-1.5149835487812943e-05,nan,MODEL_NOT_IDENTIFIED
5.84,3.7727742359822172e-06,-5.646336483783575e-07,0.0,3.7727742359822172e-06,0.0,-3.177627905371973e-05,-1.6030569666058635e-06,-7.837122312541608e-06,8.898539344563705e-08,3.2191906643785787e-07,-6.224440003268036e-08,0.00018745931766499236,-1.0108731800319512e-05,nan,MODEL_NOT_IDENTIFIED
5.86,3.140424547455002e-06,-5.892160497948357e-07,0.0,3.140424547455002e-06,0.0,-3.136070569803593e-05,-8.661993831592144e-07,-6.3793121679704175e-06,7.40706696086909e-08,2.620377908792273e-07,-3.363327819071775e-08,0.0001525893636068435,-5.4621747276380745e-06,nan,MODEL_NOT_IDENTIFIED
5.88,2.521996406485187e-06,-5.997447299914039e-07,0.0,2.521996406485187e-06,0.0,-3.0397730094466668e-05,-1.986272457016545e-07,-4.969944950604724e-06,5.948430212420083e-08,2.0414636583965204e-07,-7.712410723007711e-09,0.00011887813563685398,-1.2525253917117084e-06,nan,MODEL_NOT_IDENTIFIED
5.9,1.9276181633107297e-06,-5.976549642821354e-07,0.0,1.9276181633107297e-06,0.0,-2.896934147896658e-05,3.950396412486693e-07,-3.630157552921174e-06,4.546518024832325e-08,1.491130141721287e-07,1.5338821995022893e-08,8.683121568716856e-05,2.4910841392819073e-06,nan,MODEL_NOT_IDENTIFIED
5.92,1.3657827601722774e-06,-5.844547318186789e-07,0.0,1.3657827601722774e-06,0.0,-2.715683027126013e-05,9.121230083273099e-07,-2.3773055771259605e-06,3.221362018328072e-08,9.765063776039406e-08,3.5416426609932095e-08,5.686373946927572e-05,5.7517649417061285e-06,nan,MODEL_NOT_IDENTIFIED
5.94,8.43376686932168e-07,-5.616876087558638e-07,0.0,8.43376686932168e-07,0.0,-2.5039325117562513e-05,1.351711083660051e-06,-1.225073621566198e-06,1.9892048030273542e-08,5.032134766368586e-08,5.248500032914323e-08,2.930303445955837e-05,8.523767464839092e-06,nan,MODEL_NOT_IDENTIFIED
5.96,3.657360851456022e-07,-5.308993029263412e-07,0.0,3.657360851456022e-07,0.0,-2.2692541229867997e-05,1.7144703644542256e-06,-1.8364247217392095e-07,8.626323071111489e-09,7.543331703010863e-09,6.657042228213087e-08,4.392619019476711e-06,1.0811294579604879e-05,nan,MODEL_NOT_IDENTIFIED
5.98,-6.327422421187246e-08,-4.936080420386437e-07,0.0,-6.327422421187246e-08,0.0,-2.0187739213134736e-05,2.0024493084862382e-06,7.400965986462283e-07,-1.492398268298465e-09,-3.0400342958634015e-08,7.775223114277921e-08,-1.7702671702135324e-05,1.2627263674903151e-05,nan,MODEL_NOT_IDENTIFIED
6.0,-4.411629580399231e-07,-4.5127892953783626e-07,0.0,-4.411629580399231e-07,0.0,-1.7590889667160135e-05,2.218878614950898e-06,1.542289978127592e-06,-1.0405356095897772e-08,-6.335138461993512e-08,8.615587032155709e-08,-3.689066157340511e-05,1.3992047246763774e-05,nan,MODEL_NOT_IDENTIFIED
6.0200000000000005,-7.666998733323396e-07,-4.053022936131621e-07,0.0,-7.666998733323396e-07,0.0,-1.4962035489273778e-05,2.3679722855918314e-06,2.2218414586031115e-06,-1.8083533658736506e-08,-9.126476525469497e-08,9.194496345488716e-08,-5.314512995707688e-05,1.4932218407883166e-05,nan,MODEL_NOT_IDENTIFIED
6.04,-1.0397924036793918e-06,-3.5697597601405103e-07,0.0,-1.0397924036793918e-06,0.0,-1.2354840987733238e-05,2.4547331545547182e-06,2.7801122109981744e-06,-2.4524747667310848e-08,-1.1419639656826779e-07,9.5313763408605e-08,-6.649863525440088e-05,1.5479324576521353e-05,nan,MODEL_NOT_IDENTIFIED
6.0600000000000005,-1.2613550379185896e-06,-3.0749143869791755e-07,0.0,-1.2613550379185896e-06,0.0,-9.816314634043151e-06,2.484766061326527e-06,3.2206089866107746e-06,-2.975056743478864e-08,-1.3229032251697577e-07,9.647989805147218e-08,-7.703505687663633e-05,1.5668709362005936e-05,nan,MODEL_NOT_IDENTIFIED
6.08,-1.433174766865493e-06,-2.579235079991254e-07,0.0,-1.433174766865493e-06,0.0,-7.386690516470743e-06,2.4641013265602003e-06,3.548667840153615e-06,-3.380314127719944e-08,-1.4576572785806401e-07,9.567751607493654e-08,-8.488203008779661e-05,1.5538399419297024e-05,nan,MODEL_NOT_IDENTIFIED
6.1000000000000005,-1.5577756117460072e-06,-2.092235278875359e-07,0.0,-1.5577756117460072e-06,0.0,-5.099452280340698e-06,2.3990306853669076e-06,3.771139903506125e-06,-3.67420012544556e-08,-1.5490403093498996e-07,9.315091651846916e-08,-9.02034298991592e-05,1.5128069859212499e-05,nan,MODEL_NOT_IDENTIFIED
6.12,-1.638284914732067e-06,-1.6221565570295057e-07,0.0,-1.638284914732067e-06,0.0,-2.9814825205821127e-06,2.295957345297122e-06,3.896084940901761e-06,-3.864090947268971e-08,-1.6003629609436864e-07,8.914872673628555e-08,-9.319204109109263e-05,1.4478098727659588e-05,nan,MODEL_NOT_IDENTIFIED
6.140000000000001,-1.6783037266169503e-06,-1.1759600507736604e-07,0.0,-1.6783037266169503e-06,0.0,-1.0533201909223404e-06,2.161261373907999e-06,3.9324776016262e-06,-3.958480102253119e-08,-1.6153116766819276e-07,8.391867558988954e-08,-9.406253195181323e-05,1.362871815184694e-05,nan,MODEL_NOT_IDENTIFIED
6.16,-1.6817832771288618e-06,-7.593432102869173e-08,0.0,-1.6817832771288618e-06,0.0,6.704914290624762e-07,2.001181189397238e-06,3.889930473054219e-06,-3.966687038368283e-08,-1.5978349404983094e-07,7.770299189956508e-08,-9.304482987027945e-05,1.2619267030973079e-05,nan,MODEL_NOT_IDENTIFIED
6.18,-1.6529091667975161e-06,-3.767786076124577e-08,0.0,-1.6529091667975161e-06,0.0,2.1809833566534793e-06,1.8217115318722045e-06,3.778437240293334e-06,-3.8985839951561406e-08,-1.5520377767267474e-07,7.073444281526865e-08,-9.037797786719497e-05,1.1487547652305605e-05,nan,MODEL_NOT_IDENTIFIED
6.2,-1.5959945818985541e-06,-3.1571497939740665e-09,0.0,-1.5959945818985541e-06,0.0,3.474282665344043e-06,1.6285179358071598e-06,3.6081384920210213e-06,-3.764344138402276e-08,-1.482085552079663e-07,6.323301290496071e-08,-8.630453280953107e-05,1.0269286362255663e-05,nan,MODEL_NOT_IDENTIFIED
6.22,-1.5153835111443428e-06,2.740671414535789e-08,0.0,-1.5153835111443428e-06,0.0,4.551093082573847e-06,1.4268674083774053e-06,3.3891119863874896e-06,-3.574213285123957e-08,-1.3921178248874274e-07,5.540321249386613e-08,-8.106554869531046e-05,8.997696430242011e-06,nan,MODEL_NOT_IDENTIFIED
6.24,-1.4153646389091773e-06,5.38935283095866e-08,0.0,-1.4153646389091773e-06,0.0,5.416149082467961e-06,1.2215747448590108e-06,3.1311885151271673e-06,-3.338306810441461e-08,-1.2861727091047346e-07,4.743199316853623e-08,-7.489617223236149e-05,7.703139518472002e-06,nan,MODEL_NOT_IDENTIFIED
6.26,-1.3000963084369311e-06,7.627452829917936e-08,0.0,-1.3000963084369311e-06,0.0,6.07765692827915e-06,1.0169636814127306e-06,2.843793885299599e-06,-3.066432664327225e-08,-1.1681219664420994e-07,3.948723939523273e-08,-6.802186313527822e-05,6.412880714921233e-06,nan,MODEL_NOT_IDENTIFIED
6.28,-1.1735426924015747e-06,9.460229475000866e-08,0.0,-1.1735426924015747e-06,0.0,6.54673480156157e-06,8.168418967562153e-07,2.5358169814850234e-06,-2.7679408222373833e-08,-1.0416168113525173e-07,3.171679787075715e-08,-6.0655238251388386e-05,5.150930896146396e-06,nan,MODEL_NOT_IDENTIFIED
6.3,-1.0394210793008734e-06,1.0900028916806472e-07,0.0,-1.0394210793008734e-06,0.0,6.836862760191106e-06,6.24488726162936e-07,2.215503380136032e-06,-2.4515989537655678e-08,-9.100442118683898e-08,2.424800047467171e-08,-5.299352687914041e-05,3.937969252877082e-06,nan,MODEL_NOT_IDENTIFIED
6.32,-9.011599836456802e-07,1.1965226085089752e-07,0.0,-9.011599836456802e-07,0.0,6.963351830678826e-06,4.426543419806823e-07,1.8903735638459454e-06,-2.125493620513387e-08,-7.764932951451398e-08,1.7187632450009345e-08,-4.521661450190866e-05,2.791338122439787e-06,nan,MODEL_NOT_IDENTIFIED
6.34,-7.618676162693856e-07,1.2679174113247265e-07,0.0,-7.618676162693856e-07,0.0,6.942840093950572e-06,2.73569081995279e-07,1.5671644267731593e-06,-1.7969559095436013e-08,-6.437313201225577e-08,1.0622294610241335e-08,-3.748564363243574e-05,1.7251018125732143e-06,nan,MODEL_NOT_IDENTIFIED
6.36,-6.24310108224419e-07,1.3069181436798704e-07,0.0,-6.24310108224419e-07,0.0,6.792822196479847e-06,1.1896156762758864e-07,1.25179247228653e-06,-1.4725100718351073e-08,-5.1418856052245435e-08,4.619106842849297e-09,-2.9942133522336927e-05,7.501608531348783e-07,nan,MODEL_NOT_IDENTIFIED
6.38,-4.908987670201983e-07,1.3165532777749701e-07,0.0,-4.908987670201983e-07,0.0,6.531217335267661e-06,-1.991575501030335e-08,9.493368778622316e-07,-1.1578434645957001e-08,-3.89951348554786e-08,-7.733001681399172e-10,-2.2707575084476945e-05,-1.2558694431570036e-07,nan,MODEL_NOT_IDENTIFIED
6.4,-3.63685556293837e-07,1.30005675066107e-07,0.0,-3.63685556293837e-07,0.0,6.1759794468349e-06,-1.422550001247785e-07,6.640404371981166e-07,-8.577958895247028e-09,-2.7276246190226823e-08,-5.523557377479488e-09,-1.5883453427786637e-05,-8.970471252562564e-07,nan,MODEL_NOT_IDENTIFIED
6.42,-2.44365927909097e-07,1.2607826213944933e-07,0.0,-2.44365927909097e-07,0.0,5.744752094603151e-06,-2.476564606669862e-07,3.993262814586621e-07,-5.763662726571289e-09,-1.64027992169468e-08,-9.61614473443958e-09,-9.551647819525092e-06,-1.5616991732986023e-06,nan,MODEL_NOT_IDENTIFIED
6.44,-1.34288097155159e-07,1.2021273767149746e-07,0.0,-1.34288097155159e-07,0.0,5.254569409661066e-06,-3.360887059540229e-07,1.578282259409712e-07,-3.1673454102950676e-09,-6.482981013471454e-09,-1.3049841830737324e-08,-3.775157559532299e-06,-2.1193448894077734e-06,nan,MODEL_NOT_IDENTIFIED
6.46,-3.4467835126711455e-08,1.1274604712228701e-07,0.0,-3.4467835126711455e-08,0.0,4.721603407371486e-06,-4.0784632618936555e-07,-5.856741978415958e-08,-8.129651227782146e-10,2.405726024004897e-09,-1.583608718094389e-08,1.4008979459932915e-06,-2.571841932681349e-06,nan,MODEL_NOT_IDENTIFIED
6.48,5.4392144703154205e-08,1.0400634634166593e-07,0.0,5.4392144703154205e-08,0.0,4.1609570837534035e-06,-4.635064004148485e-07,-2.4867070640971956e-07,1.2829037981124015e-09,1.0214443320573678e-08,-1.79972879355715e-08,5.948055815364715e-06,-2.9228293112038862e-06,nan,MODEL_NOT_IDENTIFIED
6.5,1.3187910858271516e-07,9.430779036087585e-08,0.0,1.3187910858271516e-07,0.0,3.586501895254125e-06,-5.038846634123153e-07,-4.119296219733742e-07,3.1105265331196224e-09,1.6920496332124115e-08,-1.9565117904808672e-08,9.853112249830925e-06,-3.1774509745053342e-06,nan,MODEL_NOT_IDENTIFIED
6.5200000000000005,1.9784440118629866e-07,8.39461945324298e-08,0.0,1.9784440118629866e-07,0.0,3.010757544860239e-06,-5.299922392810148e-07,-5.483663481434695e-07,4.666396868562116e-09,2.2524796196913494e-08,-2.0578837585460815e-08,1.3116597821743224e-05,-3.34208297942526e-06,nan,MODEL_NOT_IDENTIFIED
6.54,2.5237554149962986e-07,7.319554893718754e-08,0.0,2.5237554149962986e-07,0.0,2.44481143548918e-06,-5.429936976832523e-07,-6.585100257740372e-07,5.952579044410681e-09,2.7049078001233804e-08,-2.108366554519987e-08,1.575116926650648e-05,-3.424068996603115e-06,nan,MODEL_NOT_IDENTIFIED
6.5600000000000005,2.957670790270577e-07,6.230535298831425e-08,0.0,2.957670790270577e-07,0.0,1.8982747051254855e-06,-5.441670756569802e-07,-7.433277131601058e-07,6.9760203630731145e-09,3.053306480810634e-08,-2.112922612695567e-08,1.7779958044993554e-05,-3.431468211655298e-06,nan,MODEL_NOT_IDENTIFIED
6.58,3.284909082130296e-07,5.149872542861083e-08,0.0,3.284909082130296e-07,0.0,1.3792714222560114e-06,-5.348663957466329e-07,-8.041550588740935e-07,7.74785101951403e-09,3.3031619962056635e-08,-2.076809408175999e-08,1.923491207890843e-05,-3.3728189679085945e-06,nan,MODEL_NOT_IDENTIFIED
6.6000000000000005,3.5116666805584904e-07,4.097123540090981e-08,0.0,3.5116666805584904e-07,0.0,8.944572883320539e-07,-5.164871020229189e-07,-8.426280394003919e-07,8.282685940736593e-09,3.461194313173437e-08,-2.0054452499028727e-08,2.0155162955490643e-05,-3.256920809076663e-06,nan,MODEL_NOT_IDENTIFIED
6.62,3.645327793183125e-07,3.089039289373031e-08,0.0,3.645327793183125e-07,0.0,4.490640585363311e-07,-4.904347310773504e-07,-8.606169344463207e-07,8.597941663749349e-09,3.535085826773612e-08,-1.9042876346267804e-08,2.0585446656111284e-05,-3.0926369213937494e-06,nan,MODEL_NOT_IDENTIFIED
6.640000000000001,3.694185953497219e-07,2.1395731517400618e-08,0.0,3.694185953497219e-07,0.0,4.6965844417988963e-08,-4.580970367265524e-07,-8.601635338226769e-07,8.713179479389484e-09,3.5332234300970655e-08,-1.7787250111370247e-08,2.057460158209718e-05,-2.8887183545289347e-06,nan,MODEL_NOT_IDENTIFIED
6.66,3.66718065989575e-07,1.259941311469354e-08,0.0,3.66718065989575e-07,0.0,-3.0923650732329047e-07,-4.2081969609940666e-07,-8.434223927478705e-07,8.64948426398744e-09,3.4644572134810276e-08,-1.633982450486588e-08,2.0174163416446187e-05,-2.6536508263756335e-06,nan,MODEL_NOT_IDENTIFIED
6.68,3.5736523879698697e-07,4.587281999642817e-09,0.0,3.5736523879698697e-07,0.0,-6.181166661822684e-07,-3.7988564188866807e-07,-8.126067804728847e-07,8.428886646556768e-09,3.3378784420945015e-08,-1.4750413960930365e-08,1.9437072246993145e-05,-2.395524394105286e-06,nan,MODEL_NOT_IDENTIFIED
6.7,3.423118492173043e-07,-2.579703521447982e-09,0.0,3.423118492173043e-07,0.0,-8.793132473225553e-07,-3.3649799145177984e-07,-7.699398029253307e-07,8.07383444606649e-09,3.1626187864189326e-08,-1.3065733798883598e-08,1.8416503449043875e-05,-2.1219258066257974e-06,nan,MODEL_NOT_IDENTIFIED
6.72,3.2250718233644005e-07,-8.863733441844546e-09,0.0,3.2250718233644005e-07,0.0,-1.0934127599188567e-06,-2.9176647852751264e-07,-7.17611025846233e-07,7.606717686827204e-09,2.9476721466532092e-08,-1.132887338623074e-08,1.7164830136533086e-05,-1.8398529442175843e-06,nan,MODEL_NOT_IDENTIFIED
6.74,2.988803244670037e-07,-1.4248170798131271e-08,0.0,2.988803244670037e-07,0.0,-1.2618281684966095e-06,-2.4669723776094755e-07,-6.577387824120953e-07,7.049449980918855e-09,2.7017398268141548e-08,-9.5788994864367e-09,1.573272158269888e-05,-1.555650400674883e-06,nan,MODEL_NOT_IDENTIFIED
6.76,2.723248636518848e-07,-1.873540403079848e-08,0.0,2.723248636518848e-07,0.0,-1.38667588470599e-06,-2.0218574596771014e-07,-5.923382199374861e-07,6.423107671266088e-09,2.4330992827888916e-08,-7.850582178352645e-09,1.4168378916159451e-05,-1.2749649715583842e-06,nan,MODEL_NOT_IDENTIFIED
6.78,2.436860447737508e-07,-2.2344587818773602e-08,0.0,2.436860447737508e-07,0.0,-1.470653708947821e-06,-1.5901268691445033e-07,-5.232950248755596e-07,5.74762686953038e-09,2.1494961946674534e-08,-6.174234291580168e-09,1.2516906638508818e-05,-1.0027195778760888e-06,nan,MODEL_NOT_IDENTIFIED
6.8,2.1375033766694453e-07,-2.5109328282338093e-08,0.0,2.1375033766694453e-07,0.0,-1.5169219300656742e-06,-1.1784247799240683e-07,-4.5234466453615424e-07,5.041557407550237e-09,1.8580591996451847e-08,-4.575654199321498e-09,1.0819816098525024e-05,-7.431039754204689e-07,nan,MODEL_NOT_IDENTIFIED
6.82,1.8323733562951704e-07,-2.707536300183728e-08,0.0,1.8323733562951704e-07,0.0,-1.5289894743773928e-06,-7.922417703542181e-08,-3.8105689794165623e-07,4.321871754056284e-09,1.5652362685316044e-08,-3.076161028820825e-09,9.114655001028767e-06,-4.995804730806015e-07,nan,MODEL_NOT_IDENTIFIED
6.84,1.527938670741811e-07,-2.8298280528023938e-08,0.0,1.527938670741811e-07,0.0,-1.510606679328919e-06,-4.359447510246307e-08,-3.10825236951529e-07,3.6038261309152082e-09,1.2767514160731807e-08,-1.6927108668120054e-09,7.434755323232536e-06,-2.7490280505724213e-07,nan,MODEL_NOT_IDENTIFIED
6.86,1.2299017465853684e-07,-2.8841318111182874e-08,0.0,1.2299017465853684e-07,0.0,-1.4656659579059994e-06,-1.1282475648433652e-08,-2.428609818498636e-07,2.9008703933455047e-09,9.975802014238957e-09,-4.380823278582487e-10,5.8090906495321885e-06,-7.114626788038107e-08,nan,MODEL_NOT_IDENTIFIED
6.88,9.431799390801473e-08,-2.8773270383980806e-08,0.0,9.431799390801473e-08,0.0,-1.3981113227115532e-06,1.7484038570277252e-08,-1.7819141241805774e-07,2.2246027119411892e-09,7.319422977623703e-09,6.788801107045886e-10,4.262232903038287e-06,1.1025276105289481e-07,nan,MODEL_NOT_IDENTIFIED
6.9,6.719034680726404e-08,-2.8166535816169764e-08,0.0,6.719034680726404e-08,0.0,-1.3118574575678065e-06,4.2571143020228186e-08,-1.1766168532530202e-07,1.5847647042777822e-09,4.8330928604765386e-09,1.6529763515578357e-09,2.8143977300312243e-06,2.6844976578448475e-07,nan,MODEL_NOT_IDENTIFIED
6.92,4.194285472772574e-08,-2.709532202147264e-08,0.0,4.194285472772574e-08,0.0,-1.210718763089134e-06,6.393039422604096e-08,-6.193997052578373e-08,9.892724018796722e-10,2.5442575337812006e-09,2.482325404117113e-09,1.4815673595360276e-06,4.0313926615349987e-07,nan,MODEL_NOT_IDENTIFIED
6.94,1.8836368960081292e-08,-2.5634025526366974e-08,0.0,1.8836368960081292e-08,0.0,-1.0983485635751786e-06,8.15898034899948e-08,-1.1525352196439893e-08,4.442782944746338e-10,4.734174702757962e-10,3.1680149070258496e-09,2.756795890675176e-07,5.14497898890896e-07,nan,MODEL_NOT_IDENTIFIED
6.96,-1.9392844368100035e-09,-2.3855796479892495e-08,0.0,-1.9392844368100035e-09,0.0,-9.781884477396096e-07,9.564440849900453e-08,3.3241977559998763e-08,-4.574034326430134e-11,-1.365453537140545e-09,3.713735037193379e-09,-7.95128388038575e-07,6.031249630284352e-07,nan,MODEL_NOT_IDENTIFIED
6.98,-2.0260646272908667e-08,-2.183129405094057e-08,0.0,-2.0260646272908667e-08,0.0,-8.534275264758422e-07,1.0624666871959922e-07,7.216869268183985e-08,-4.778715786549799e-10,-2.96441439187443e-09,4.1254055767741e-09,-1.7262323270446479e-06,6.69981854130758e-07,nan,MODEL_NOT_IDENTIFIED
7.0,-3.6065247141015986e-08,-1.9627633968343058e-08,0.0,-3.6065247141015986e-08,0.0,-7.269712276940679e-07,1.1359688754325743e-07,1.051949164528712e-07,-8.506419960011016e-10,-4.321005587002822e-09,4.4108040188246035e-09,-2.5162000124106684e-06,7.163316672127837e-07,nan,MODEL_NOT_IDENTIFIED
7.0200000000000005,-4.934569738660928e-08,-1.7307525839607293e-08,0.0,-4.934569738660928e-08,0.0,-6.014191113012609e-07,1.1793384001961975e-07,1.3237983083814047e-07,-1.1638773014610535e-09,-5.437658091723126e-09,4.579201655642828e-09,-3.1664470416408577e-06,7.436800960756097e-07,nan,MODEL_NOT_IDENTIFIED
7.04,-6.014341841942121e-08,-1.492859455401774e-08,0.0,-6.014341841942121e-08,0.0,-4.79051076190138e-07,1.195257603000531e-07,1.538866985608488e-07,-1.4185544685327405e-09,-6.321078115450107e-09,4.641013634143647e-09,-3.680878562246112e-06,7.537186009432577e-07,nan,MODEL_NOT_IDENTIFIED
7.0600000000000005,-6.85421761862345e-08,-1.2542877241365439e-08,0.0,-6.85421761862345e-08,0.0,-3.618212447698971e-07,1.186618181469747e-07,1.6996765078879756e-07,-1.6166492172740228e-09,-6.98162224404802e-09,4.6074680009555985e-09,-4.06552540222595e-06,7.48270660103731e-07,nan,MODEL_NOT_IDENTIFIED
7.08,-7.466156266977735e-08,-1.019648491494446e-08,0.0,-7.466156266977735e-08,0.0,-2.513587478568126e-07,1.1564418952180666e-07,1.8094855669182985e-07,-1.7609822676565639e-09,-7.432675939010669e-09,4.490297814737751e-09,-4.3281821588560956e-06,7.292417677560204e-07,nan,MODEL_NOT_IDENTIFIED
7.1000000000000005,-7.865055529314137e-08,-7.929416063942384e-09,0.0,-7.865055529314137e-08,0.0,-1.4897459208960055e-07,1.1078080275946291e-07,1.8721425277628824e-07,-1.855067430414621e-09,-7.690046814907854e-09,4.301459490551488e-09,-4.4780538931289115e-06,6.985736920444948e-07,nan,MODEL_NOT_IDENTIFIED
7.12,-8.068126751643049e-08,-5.775508055601719e-09,0.0,-8.068126751643049e-08,0.0,-5.567377164807726e-08,1.0437881951893159e-07,1.891943707307466e-07,-1.9029642073913124e-09,-7.771382501390125e-09,4.052879674532933e-09,-4.525417140228547e-06,6.582033665246887e-07,nan,MODEL_NOT_IDENTIFIED
7.140000000000001,-8.094298709825741e-08,-3.762511234845267e-09,0.0,-8.094298709825741e-08,0.0,2.7828216036928088e-08,9.673888885371258e-08,1.8734996336830257e-07,-1.9091371768044244e-09,-7.695621287953535e-09,3.75623213769917e-09,-4.481300010002474e-06,6.100266568527586e-07,nan,MODEL_NOT_IDENTIFIED
7.16,-7.963658180440931e-08,-1.9122700366440015e-09,0.0,-7.963658180440931e-08,0.0,1.0108527677837692e-07,8.815019359726538e-08,1.8216108986559757e-07,-1.8783240451932582e-09,-7.482482172951868e-09,3.4227454342085367e-09,-4.357185233241819e-06,5.558671237415142e-07,nan,MODEL_NOT_IDENTIFIED
7.18,-7.696933608216732e-08,-2.409952185596421e-10,0.0,-7.696933608216732e-08,0.0,1.638978463597624e-07,7.888629097349566e-08,1.7411548451778415e-07,-1.81541386420595e-09,-7.1519994193076205e-09,3.0630413982386837e-09,-4.164739125020524e-06,4.974497942274917e-07,nan,MODEL_NOT_IDENTIFIED
7.2,-7.31502666407254e-08,1.2403885608566457e-09,0.0,-7.31502666407254e-08,0.0,2.162879954698776e-07,6.920173403219202e-08,1.63698398191017e-07,-1.725336542960025e-09,-6.724105280160528e-09,2.687003959176179e-09,-3.915568598263771e-06,4.36379856749324e-07,nan,MODEL_NOT_IDENTIFIED
7.22,-6.838595020204988e-08,2.5258351879740704e-09,0.0,-6.838595020204988e-08,0.0,2.5847322103166383e-07,5.9329447235250446e-08,1.5138366899919936e-07,-1.612964440555471e-09,-6.2182632163559475e-09,2.3036772393982515e-09,-3.6210075796315836e-06,3.7412611183256314e-07,nan,MODEL_NOT_IDENTIFIED
7.24,-6.2876883086204e-08,3.613724285351993e-09,0.0,-6.2876883086204e-08,0.0,2.9083957466132565e-07,4.9478818296746853e-08,1.3762604880274314e-07,-1.483026502539856e-09,-5.653152698307453e-09,1.9211914631629107e-09,-3.2919334639201723e-06,3.120089394062875e-07,nan,MODEL_NOT_IDENTIFIED
7.26,-5.681437990381756e-08,4.506377016183288e-09,0.0,-5.681437990381756e-08,0.0,3.1391471586687664e-07,3.983445918294833e-08,1.228547851753828e-07,-1.340035112860363e-09,-5.046405577694349e-09,1.54671484801858e-09,-2.9386135985145383e-06,2.5119248578157586e-07,nan,MODEL_NOT_IDENTIFIED
7.28,-5.037800754073411e-08,5.209553352323273e-09,0.0,-5.037800754073411e-08,0.0,3.2834141065091345e-07,3.055558194618255e-08,1.0746843467618404e-07,-1.1882255713221598e-09,-4.414393036476093e-09,1.1864293693295477e-09,-2.570581219931077e-06,1.9268072771651337e-07,nan,MODEL_NOT_IDENTIFIED
7.3,-4.3733540894849e-08,5.731942513180375e-09,0.0,-4.3733540894849e-08,0.0,3.348519271366284e-07,2.177592970787923e-08,9.183086268441112e-08,-1.031507877196323e-09,-3.772061275379234e-09,8.455280804465741e-10,-2.19653977224002e-06,1.3731703720151254e-07,nan,MODEL_NOT_IDENTIFIED
7.32,-3.7031418488952896e-08,6.084657050221202e-09,0.0,-3.7031418488952896e-08,0.0,3.342437102450524e-07,1.3604199504845237e-08,7.62683677200299e-08,-8.734303030013174e-10,-3.1328133919615828e-09,5.28231531220546e-10,-1.8242941225173877e-06,8.578684788956206e-08,nan,MODEL_NOT_IDENTIFIED
7.34,-3.040566913277629e-08,6.2807397637468806e-09,0.0,-3.040566913277629e-08,0.0,3.273566487007184e-07,6.124891732865411e-09,6.106785403410258e-08,-7.171540785433611e-10,-2.50843431760174e-09,2.378207506777055e-10,-1.4607068502910322e-06,3.86230116105122e-08,nan,MODEL_NOT_IDENTIFIED
7.36,-2.397327521320592e-08,6.33469132586563e-09,0.0,-2.397327521320592e-08,0.0,3.150521809406565e-07,-6.004795880055951e-10,4.647596520782977e-08,-5.654383733545307e-10,-1.9090552290552233e-09,-2.3315760117006777e-11,-1.1116775237435645e-06,-3.786569805792349e-09,nan,MODEL_NOT_IDENTIFIED
7.38,-1.7833933902257425e-08,6.262025174023269e-09,0.0,-1.7833933902257425e-08,0.0,2.981944228766316e-07,-6.531880702972742e-09,3.2699083396448765e-08,-4.206346644971476e-10,-1.3431535173967034e-09,-2.536235479531422e-10,-7.821426816268569e-07,-4.1189447133520496e-08,nan,MODEL_NOT_IDENTIFIED
7.4,-1.2070174517494843e-08,6.078854957567553e-09,0.0,-1.2070174517494843e-08,0.0,2.776334407634453e-07,-1.164901920286991e-08,1.9904093506082612e-08,-2.846895046496611e-10,-8.175841774877143e-10,-4.523146877225629e-10,-4.7609411191904796e-07,-7.34576582814203e-08,nan,MODEL_NOT_IDENTIFIED
7.42,-6.747788363574548e-09,5.801518586745504e-09,0.0,-6.747788363574548e-09,0.0,2.541907373339342e-07,-1.5949432419196733e-08,8.219808779046053e-09,-1.5915466043364987e-10,-3.3763836557886636e-10,-6.192935575437779e-10,-1.9661295097957636e-07,-1.0057567388534454e-07,nan,MODEL_NOT_IDENTIFIED
7.44,-1.9165265289845786e-09,5.446241767010346e-09,0.0,-1.9165265289845786e-09,0.0,2.2864696938479043e-07,-1.9446459542150997e-08,-2.261046255548776e-09,-4.520357078464148e-11,9.287514864917609e-11,-7.550780990171668e-10,5.4082885448383695e-08,-1.2262760966853443e-07,nan,MODEL_NOT_IDENTIFIED
7.46,2.388978797257226e-09,5.0288428159625975e-09,0.0,2.388978797257226e-09,0.0,2.0173187049062787e-07,-2.216714951523286e-08,-1.1479397990853236e-08,5.63469226914592e-11,4.715298469401649e-10,-8.607185837767121e-10,2.745803917244666e-07,-1.3978403381479185e-07,nan,MODEL_NOT_IDENTIFIED
7.48,6.148112999908431e-09,4.564479566868699e-09,0.0,6.148112999908431e-09,0.0,1.7411631369586093e-07,-2.415015192310325e-08,-1.9407030346776787e-08,1.450105996344241e-10,7.971667204386753e-10,-9.377157196942158e-10,4.642046559473372e-07,-1.5228866709865576e-07,nan,MODEL_NOT_IDENTIFIED
7.5,9.353039570470448e-09,4.067438269636545e-09,0.0,9.353039570470448e-09,0.0,1.4640641596176802e-07,-2.5443632918331503e-08,-2.604353021403592e-08,2.2060262661708017e-10,1.0697688001923827e-09,-9.879397293076259e-10,6.229457967879414e-07,-1.604452409085418e-07,nan,MODEL_NOT_IDENTIFIED
7.5200000000000005,1.2007362119033625e-08,3.5509636126730375e-09,0.0,1.2007362119033625e-08,0.0,1.191395587881208e-07,-2.610325286458208e-08,-3.1413060153634595e-08,2.832079990941397e-10,1.290328591966917e-09,-1.0135518246100698e-09,7.5138176837513e-07,-1.646047444481485e-07,nan,MODEL_NOT_IDENTIFIED
7.54,1.4124724746614479e-08,3.0271283098748697e-09,0.0,1.4124724746614479e-08,0.0,9.278217763979387e-08,-2.619023693357252e-08,-3.556103976122169e-08,3.331485295095033e-10,1.4607117593625351e-09,-1.0169292911003436e-09,8.505989804993095e-07,-1.651532580959115e-07,nan,MODEL_NOT_IDENTIFIED
7.5600000000000005,1.5727384539026548e-08,2.506740126412823e-09,0.0,1.5727384539026548e-08,0.0,6.772915635473658e-08,-2.576956449252527e-08,-3.8550809368073834e-08,3.7094917785658433e-10,1.5835200813867953e-09,-1.0005951842976955e-09,9.22112496318648e-07,-1.6250053584653562e-07,nan,MODEL_NOT_IDENTIFIED
7.58,1.6844786544504358e-08,1.9992837531668437e-09,0.0,1.6844786544504358e-08,0.0,4.430465128239487e-08,-2.4908297855820536e-08,-4.046034151357196e-08,3.973044408209213e-10,1.6619563722978247e-09,-9.671534375684097e-10,9.677873727310792e-07,-1.570694665705353e-07,nan,MODEL_NOT_IDENTIFIED
7.6000000000000005,1.7512168017174158e-08,1.5128945790390199e-09,0.0,1.7512168017174158e-08,0.0,2.2764163133293155e-08,-2.367406593310793e-08,-4.1379057102537915e-08,4.1304543119279537e-10,1.6996937015020077e-09,-9.192299843594531e-10,9.897625047460727e-07,-1.4928651203679165e-07,nan,MODEL_NOT_IDENTIFIED
7.62,1.7769215036143515e-08,1.0543611477600007e-09,0.0,1.7769215036143515e-08,0.0,3.2976719974871135e-09,-2.2133713556241076e-08,-4.1404794549674116e-08,4.191081926214716e-10,1.7007508975778324e-09,-8.594203135029069e-10,9.903781292171708e-07,-1.3957318969073679e-07,nan,MODEL_NOT_IDENTIFIED
7.640000000000001,1.765879092595534e-08,6.291529147948488e-10,0.0,1.765879092595534e-08,0.0,-1.396634773407931e-08,-2.035212286537054e-08,-4.064097168661857e-08,4.165037078905105e-10,1.6693759702521175e-09,-7.90243705330435e-10,9.721079393419693e-07,-1.283386404219807e-07,nan,MODEL_NOT_IDENTIFIED
7.66,1.7225752279767695e-08,2.4146983313659383e-10,0.0,1.7225752279767695e-08,0.0,-2.8956211201973182e-08,-1.8391209123513596e-08,-3.9193971916951885e-08,4.0628997340816044e-10,1.6099387436260309e-09,-7.141042405950355e-10,9.374965630401046e-07,-1.1597329626208947e-07,nan,MODEL_NOT_IDENTIFIED
7.68,1.651586488379139e-08,-1.0568971399736388e-10,0.0,1.651586488379139e-08,0.0,-4.165177685418567e-08,-1.630908973961411e-08,-3.7170778180833915e-08,3.8954642998841894e-10,1.5268336684746901e-09,-6.332585348297318e-10,8.891029687906148e-07,-1.028436403193875e-07,nan,MODEL_NOT_IDENTIFIED
7.7,1.557482851264157e-08,-4.104460589232676e-10,0.0,1.557482851264157e-08,0.0,-5.207883150517424e-08,-1.4159422131627119e-08,-3.4676870841684396e-08,3.673509614828351e-10,1.4243934754568055e-09,-5.497900285219736e-10,8.29450184328065e-07,-8.928803140363921e-08,nan,MODEL_NOT_IDENTIFIED
7.72,1.4447416453334974e-08,-6.71943783950894e-10,0.0,1.4447416453334974e-08,0.0,-6.03032562487052e-08,-1.199090336202832e-08,-3.1814398718766064e-08,3.407595994246613e-10,1.3068140481152638e-09,-4.6558955867898894e-10,7.609815488266609e-07,-7.561354877296503e-08,nan,MODEL_NOT_IDENTIFIED
7.74,1.3176732754563739e-08,-8.902487901924645e-10,0.0,1.3176732754563739e-08,0.0,-6.642510955426595e-08,-9.84692222734769e-09,-2.86806262272987e-08,3.1078900436447794e-10,1.1780906373210473e-09,-3.823418499639736e-10,6.860235694127502e-07,-6.209379824200352e-08,nan,MODEL_NOT_IDENTIFIED
7.76,1.1803587612765961e-08,-1.066239841162516e-09,0.0,1.1803587612765961e-08,0.0,-7.057274958677167e-08,-7.765352671449901e-09,-2.5366653997912478e-08,2.784017336034887e-10,1.0419653092044027e-09,-3.015174932304261e-10,6.06755319140922e-07,-4.8967609464799275e-08,nan,MODEL_NOT_IDENTIFIED
7.78,1.0365989014388176e-08,-1.2014972844236204e-09,0.0,1.0365989014388176e-08,0.0,-7.289710284364858e-08,-5.778476002678505e-09,-2.1956405457786942e-08,2.4449425096817035e-10,9.01885317776752e-10,-2.2436992532555283e-10,5.251841966158932e-07,-3.643854544317088e-08,nan,MODEL_NOT_IDENTIFIED
7.8,8.898746764046584e-09,-1.2981913935911945e-09,0.0,8.898746764046584e-09,0.0,-7.356617096234302e-08,-3.913018404909395e-09,-1.8525867678109498e-08,2.0988758734078336e-10,7.609719218423431e-10,-1.5193688559060742e-10,4.4312776751395193e-07,-2.4675139068010746e-08,nan,MODEL_NOT_IDENTIFIED
7.82,7.4331833436493035e-09,-1.3589724960355678e-09,0.0,7.4331833436493035e-09,0.0,-7.275985233878589e-08,-2.1902896143401265e-09,-1.514257132306861e-08,1.7532052092589271e-10,6.219990232881854e-10,-8.504580048148202e-11,3.622013252713098e-07,-1.3811767602537934e-08,nan,MODEL_NOT_IDENTIFIED
7.84,5.996944664449199e-09,-1.386864765738307e-09,0.0,5.996944664449199e-09,0.0,-7.066514029901282e-08,-6.264083559512055e-10,-1.1865291757965116e-08,1.4144511361115038e-10,4.873808897462783e-10,-2.4322536942772838e-11,2.838107417673902e-07,-3.950074264170978e-09,nan,MODEL_NOT_IDENTIFIED
7.86,4.613902683642019e-09,-1.385165272439733e-09,0.0,4.613902683642019e-09,0.0,-6.747174522846076e-08,7.673998383084316e-10,-8.743951260448145e-09,1.0882441406326994e-10,3.591681378044913e-10,2.979703373974253e-11,2.091501282755892e-07,4.839153761012773e-09,nan,MODEL_NOT_IDENTIFIED
7.88,3.3041410461582478e-09,-1.3573495932165842e-09,0.0,3.3041410461582478e-09,0.0,-6.336817449357162e-08,1.984446509577423e-09,-5.819700792244716e-09,7.79321190725117e-11,2.390510918770524e-10,7.70532083130661e-11,1.3920379139454937e-07,1.2513739658217951e-08,nan,MODEL_NOT_IDENTIFIED
7.9,2.0840143636154817e-09,-1.3069850159804376e-09,0.0,2.0840143636154817e-09,0.0,-5.8538291356677085e-08,3.0221793995596357e-09,-3.1251588843436044e-09,4.9153971717685536e-11,1.2836959669595936e-10,1.1734688625258719e-10,7.475194704008017e-08,1.905758911817281e-08,nan,MODEL_NOT_IDENTIFIED
7.92,9.662714359051884e-10,-1.2376521003726999e-09,0.0,9.662714359051884e-10,0.0,-5.315836251877784e-08,3.8817496481868565e-09,-6.847848158482218e-10,2.279066769467547e-11,2.812834607364814e-11,1.507227646688268e-10,1.6379646661993268e-08,2.4477961124854526e-08,nan,MODEL_NOT_IDENTIFIED
7.94,-3.9767365775198004e-11,-1.1528751136961825e-09,0.0,-3.9767365775198004e-11,0.0,-4.739459352130107e-08,4.567558998745302e-09,1.4846366291532959e-09,-9.379608925582249e-13,-6.098320513534028e-11,1.7735175693271065e-10,-3.551162765906541e-08,2.880261267209498e-08,nan,MODEL_NOT_IDENTIFIED
7.96,-9.279882263997825e-10,-1.056061630692001e-09,0.0,-9.279882263997825e-10,0.0,-4.1401142059550056e-08,5.086797938522757e-09,3.373421018807583e-09,-2.188771240312636e-11,-1.3856725744072266e-10,1.9751305934012474e-10,-8.069023005681917e-08,3.2076886320401985e-08,nan,MODEL_NOT_IDENTIFIED
7.98,-1.6952269167948113e-09,-9.504513782795503e-10,0.0,-1.6952269167948113e-09,0.0,-3.5318591339151514e-08,5.448984603644193e-09,4.978342052703811e-09,-3.998395470683328e-11,-2.044912867380021e-10,2.1157624744881281e-10,-1.1907898933889957e-07,3.4360802572683815e-08,nan,MODEL_NOT_IDENTIFIED
8.0,-2.340985691151891e-09,-8.390742213121985e-10,0.0,-2.340985691151891e-09,0.0,-2.927285894658264e-08,5.665513118584571e-09,6.301941384861135e-09,-5.5214947873371633e-11,-2.5885969447153856e-10,2.1998373875024002e-10,-1.5073870036203724e-07,3.572621174419201e-08,nan,MODEL_NOT_IDENTIFIED
8.02,-2.8671324711963317e-09,-7.247170238450744e-10,0.0,-2.8671324711963317e-09,0.0,-2.3374511285593668e-08,5.749218852720841e-09,7.351809181942172e-09,-6.762474907108907e-11,-3.019842557124224e-10,2.2323391220579649e-10,-1.7585091541121572e-07,3.6254052509778764e-08,nan,MODEL_NOT_IDENTIFIED
8.040000000000001,-3.2775900927203835e-09,-6.098989826974539e-10,0.0,-3.2775900927203835e-09,0.0,-1.7718449411584487e-08,5.713966884266567e-09,8.139852489147701e-09,-7.730588307474331e-11,-3.3435406642243726e-10,2.2186512889234178e-10,-1.9470044394579133e-07,3.6031756794803575e-08,nan,MODEL_NOT_IDENTIFIED
8.06,-3.5780226741959474e-09,-4.968549160626733e-10,0.0,-3.5780226741959474e-09,0.0,-1.2383929016334862e-08,5.574268789119515e-09,8.681566721317222e-09,-8.4391944894059e-11,-3.5660561908954856e-10,2.1644085246344653e-10,-2.0765792709868354e-07,3.515083328037163e-08,nan,MODEL_NOT_IDENTIFIED
8.08,-3.7755254003860885e-09,-3.875258989834876e-10,0.0,-3.7755254003860885e-09,0.0,-7.434875301767854e-09,5.344931738590328e-09,8.995323755046381e-09,-8.905028294911628e-11,-3.694935602697911e-10,2.0753602411808967e-10,-2.1516280926204304e-07,3.370465464544489e-08,nan,MODEL_NOT_IDENTIFIED
8.1,-3.878323216757162e-09,-2.835565687105848e-10,0.0,-3.878323216757162e-09,0.0,-2.920452447868885e-09,5.040742812635855e-09,9.101688214220501e-09,-9.147489241763138e-11,-3.7386260620706146e-10,1.9572480493683344e-10,-2.1770698404271203e-07,3.178646687473103e-08,nan,MODEL_NOT_IDENTIFIED
8.120000000000001,-3.895483121724744e-09,-1.8629837502794843e-10,0.0,-3.895483121724744e-09,0.0,1.1241527679297839e-09,4.676190428018786e-09,9.022771656884733e-09,-9.187962930341339e-11,-3.706210152951313e-10,1.8156975933728959e-10,-2.1581934679517806e-07,2.9487632609930423e-08,nan,MODEL_NOT_IDENTIFIED
8.14,-3.836643940066678e-09,-9.681802204354499e-11,0.0,-3.836643940066678e-09,0.0,4.6767730049139705e-09,4.265223854727912e-09,8.781632521749137e-09,-9.049183681905892e-11,-3.6071594017077617e-10,1.6561251744205114e-10,-2.1005144169785593e-07,2.6896114682099232e-08,nan,MODEL_NOT_IDENTIFIED
8.16,-3.7117666768834804e-09,-1.59103369990107e-11,0.0,-3.7117666768834804e-09,0.0,7.727166532166434e-09,3.821050957174871e-09,8.40172790894265e-09,-8.754645718547525e-11,-3.4511090895997225e-10,1.4836592165980417e-10,-2.0096434867386163e-07,2.4095200685985183e-08,nan,MODEL_NOT_IDENTIFIED
8.18,-3.530907799875078e-09,5.588519349709234e-11,0.0,-3.530907799875078e-09,0.0,1.027582412872333e-08,3.3559735546434882e-09,7.906421578095528e-09,-8.328068422317159e-11,-3.24765615717336e-10,1.303076339679977e-10,-1.8911691499694088e-07,2.1162464777957477e-08,nan,MODEL_NOT_IDENTIFIED
8.2,-3.3040170889484545e-09,1.182649606914265e-10,0.0,-3.3040170889484545e-09,0.0,1.2332710927464412e-08,2.8812591512748e-09,7.318550968856733e-09,-7.79291953934379e-11,-3.006181352818757e-10,1.1187515537235668e-10,-1.7505539867903756e-07,1.8168958816929074e-08,nan,MODEL_NOT_IDENTIFIED
8.22,-3.0407610347505785e-09,1.711395546293459e-10,0.0,-3.0407610347505785e-09,0.0,1.3915974673821488e-08,2.4070472403767584e-09,6.6600546013039615e-09,-7.171998644148875e-11,-2.7356961830823137e-10,9.346218783777457e-11,-1.5930455610908335e-07,1.51786215278339e-08,nan,MODEL_NOT_IDENTIFIED
8.24,-2.750372168150773e-09,2.1461053854175913e-10,0.0,-2.750372168150773e-09,0.0,1.505064884643678e-08,1.942287939930768e-09,5.9516599087156084e-09,-6.4870817652069e-11,-2.444714686286432e-10,7.541625159315109e-11,-1.4236017519804346e-07,1.2247891542698105e-08,nan,MODEL_NOT_IDENTIFIED
8.26,-2.4415241656350517e-09,2.4894629784861734e-10,0.0,-2.4415241656350517e-09,0.0,1.5767375874407463e-08,1.4947103629824432e-09,5.212630401037095e-09,-5.758626806077718e-11,-2.1411495769335032e-10,5.803745699908539e-11,-1.2468302767898412e-07,9.42550794719367e-09,nan,MODEL_NOT_IDENTIFIED
8.28,-2.1222321039509226e-09,2.745575302521375e-10,0.0,-2.1222321039509226e-09,0.0,1.610117236768103e-08,1.0708178638377926e-09,4.460570058460585e-09,-5.005538284054511e-11,-1.832231898055718e-10,4.157831996450027e-11,-1.0669419031750976e-07,6.752480303582813e-09,nan,MODEL_NOT_IDENTIFIED
8.3,-1.799776832499906e-09,2.9197288429637495e-10,0.0,-1.799776832499906e-09,0.0,1.6090254928836496e-08,6.759071231091462e-10,3.7112820117617653e-09,-4.244988953404776e-11,-1.5244529724922804e-10,2.624450299156946e-11,-8.877166462923278e-08,4.262208999286172e-09,nan,MODEL_NOT_IDENTIFIED
8.32,-1.480652093836418e-09,3.018151919111026e-10,0.0,-1.480652093836418e-09,0.0,1.5774941803027503e-08,3.1410793516884464e-10,2.9786778772419875e-09,-3.492295082741362e-11,-1.2235271611447752e-10,1.219636006540985e-11,-7.124820822536147e-08,1.9807361429562233e-09,nan,MODEL_NOT_IDENTIFIED
8.34,-1.1705327498578603e-09,3.04778677333672e-10,0.0,-1.1705327498578603e-09,0.0,1.5196642406893007e-08,-1.1559466758421662e-11,2.2747335744767313e-09,-2.7608415126909308e-11,-9.343737145948914e-11,-4.488374949014333e-13,-5.441027799944691e-08,-7.289294869102597e-11,nan,MODEL_NOT_IDENTIFIED
8.36,-8.742622614377493e-10,3.016074617590545e-10,0.0,-8.742622614377493e-10,0.0,1.439694370674136e-08,-2.9911267754376835e-10,1.60948705746873e-09,-2.0620521251109712e-11,-6.611158411487377e-11,-1.1614115744932218e-11,-3.8497975857911266e-08,-1.88617740875881e-09,nan,MODEL_NOT_IDENTIFIED
8.38,-5.958574190239447e-10,2.9307562129383007e-10,0.0,-5.958574190239447e-10,0.0,1.3416799532688241e-08,-5.475240183605678e-10,9.91073125271248e-10,-1.4054010007716098e-11,-4.070950057119917e-11,-2.125957139158548e-11,-2.3705881369511078e-08,-3.4526367877985756e-09,nan,MODEL_NOT_IDENTIFIED
8.4,-3.385282270159758e-10,2.799689963103591e-10,0.0,-3.385282270159758e-10,0.0,1.2295826251713023e-08,-7.566289676958058e-10,4.2579033622523743e-10,-7.984593190381545e-12,-1.7489841560407874e-11,-2.93788163007628e-11,-1.0184652314204512e-08,-4.771233628074823e-09,nan,MODEL_NOT_IDENTIFIED
8.42,-1.0471080088778378e-10,2.630688939756429e-10,0.0,-1.0471080088778378e-10,0.0,1.1071705803805723e-08,-9.270288499405732e-10,-8.180498092751295e-11,-2.4697294967032106e-12,3.3602363265415675e-12,-3.59951990350719e-11,1.9567266267784047e-09,-5.845759826644967e-09,nan,MODEL_NOT_IDENTIFIED
8.44,1.0388886205022397e-10,2.4313777326794756e-10,0.0,1.0388886205022397e-10,0.0,9.77969494895848e-09,-1.0599902983682943e-09,-5.287825579685135e-10,2.450343085994893e-12,2.172036885751266e-11,-4.1157901145641665e-11,1.2648165175538793e-08,-6.684202658020843e-09,nan,MODEL_NOT_IDENTIFIED
8.46,2.862423350161005e-10,2.2090695374055832e-10,0.0,2.862423350161005e-10,0.0,8.452237689146644e-09,-1.1573437777307726e-09,-9.137046453203514e-10,6.751367881829866e-12,3.753149876846457e-11,-4.4937996950247764e-11,2.1855273214887392e-08,-7.298104866865551e-09,nan,MODEL_NOT_IDENTIFIED
8.48,4.4193945676920365e-10,1.9706634604604428e-10,0.0,4.4193945676920365e-10,0.0,7.118676222684229e-09,-1.221383203657618e-09,-1.2364796557452214e-09,1.0423670747295692e-11,5.0789864005301916e-11,-4.742455589873821e-11,2.957586003241458e-08,-7.701931677032847e-09,nan,MODEL_NOT_IDENTIFIED
8.5,5.711241821700169e-10,1.722561640582576e-10,0.0,5.711241821700169e-10,0.0,5.805054456736145e-09,-1.2547684381621547e-09,-1.4982072650333623e-09,1.3470647029979397e-11,6.154063505148283e-11,-4.8720856613543775e-11,3.583622922082567e-08,-7.912455937073138e-09,nan,MODEL_NOT_IDENTIFIED
8.52,6.744273706313544e-10,1.4706054545827836e-10,0.0,6.744273706313544e-10,0.0,4.534007040604049e-09,-1.2604321788802458e-09,-1.7010189063614905e-09,1.5907176303782527e-11,6.987136304517512e-11,-4.8940771532528015e-11,4.06873633975945e-08,-7.948170972220613e-09,nan,MODEL_NOT_IDENTIFIED
8.540000000000001,7.528981455828768e-10,1.2200297990532373e-10,0.0,7.528981455828768e-10,0.0,3.3247260766360734e-09,-1.2414924996101533e-09,-1.8479172244362726e-09,1.7758003399782176e-11,7.590538516835278e-11,-4.8205370983741304e-11,4.420108404329196e-08,-7.828739072972012e-09,nan,MODEL_NOT_IDENTIFIED
8.56,8.079352951875082e-10,9.754342131326737e-11,0.0,8.079352951875082e-10,0.0,2.1929971025987394e-09,-1.2011720460335825e-09,-1.9426176603463504e-09,1.9056120410067444e-11,7.979531755726605e-11,-4.6639785671303536e-11,4.6466262305199594e-08,-7.574481950634202e-09,nan,MODEL_NOT_IDENTIFIED
8.58,8.412200126879984e-10,7.40769431285509e-11,0.0,8.412200126879984e-10,0.0,1.1512956015411187e-09,-1.1427246472585164e-09,-1.9893949286013812e-09,1.9841180288355364e-11,8.171674916527794e-11,-4.437035710699771e-11,4.758514681913499e-08,-7.205917956371153e-09,nan,MODEL_NOT_IDENTIFIED
8.6,8.546510982339268e-10,5.19337826117824e-11,0.0,8.546510982339268e-10,0.0,2.0893516278917264e-10,-1.0693698744383127e-09,-1.9929367335747417e-09,2.0157968507567554e-11,8.18622329927671e-11,-4.1522096615422955e-11,4.7669864693519335e-08,-6.7433494137928886e-09,nan,MODEL_NOT_IDENTIFIED
8.620000000000001,8.502835667404934e-10,3.138061165760384e-11,0.0,8.502835667404934e-10,0.0,-6.277415306547866e-10,-9.842358649345417e-10,-1.9582066619181438e-09,2.0054955052740938e-11,8.04356542309274e-11,-3.821646527834172e-11,4.683914197725096e-08,-6.206502073313401e-09,nan,MODEL_NOT_IDENTIFIED
8.64,8.3027143171836e-10,1.2622867291347185e-11,0.0,8.3027143171836e-10,0.0,-1.3551374997610788e-09,-8.903105364139558e-10,-1.8903177878620835e-09,1.958294490921107e-11,7.764703845002135e-11,-3.456947964812132e-11,4.521528037345437e-08,-5.61421747267204e-09,nan,MODEL_NOT_IDENTIFIED
8.66,7.96815266093033e-10,-4.1920257336758994e-12,0.0,7.96815266093033e-10,0.0,-1.972150311576838e-09,-7.904011414126478e-10,-1.7944181459686819e-09,1.8793841221808198e-11,7.370784725727389e-11,-3.0690141309539706e-11,4.2921417815652344e-08,-4.984197891684363e-09,nan,MODEL_NOT_IDENTIFIED
8.68,7.521149803495753e-10,-1.897070526248275e-11,0.0,7.521149803495753e-10,0.0,-2.4799027572058174e-09,-6.871019602128372e-10,-1.675588866112758e-09,1.773953151091228e-11,6.882679407076362e-11,-2.6679182440583796e-11,4.007909191692717e-08,-4.332802626454071e-09,nan,MODEL_NOT_IDENTIFIED
8.700000000000001,6.983281079876881e-10,-3.166935462261701e-11,0.0,6.983281079876881e-10,0.0,-2.88146259553929e-09,-5.827697987971353e-10,-1.5387554324430532e-09,1.6470903785011068e-11,6.320619897631847e-11,-2.2628114433198497e-11,3.6806117336904026e-08,-3.6748934816954735e-09,nan,MODEL_NOT_IDENTIFIED
8.72,6.375337499074097e-10,-4.2288769905188504e-11,0.0,6.375337499074097e-10,0.0,-3.1815579590641795e-09,-4.795068491475227e-10,-1.3886122250303667e-09,1.5036996125906174e-11,5.7038889186482766e-11,-1.8618562383308477e-11,3.321478086272721e-08,-3.0237266893337645e-09,nan,MODEL_NOT_IDENTIFIED
8.74,5.717022042006572e-10,-5.086915370895721e-11,0.0,5.717022042006572e-10,0.0,-3.386294332934694e-09,-3.7915038081035185e-10,-1.229560232111513e-09,1.3484280371016933e-11,5.050564049728204e-11,-1.4721864829090048e-11,2.9410351522877316e-08,-2.3908879044491207e-09,nan,MODEL_NOT_IDENTIFIED
8.76,5.026701967377214e-10,-5.7484766079239744e-11,0.0,5.026701967377214e-10,0.0,-3.5028783007819827e-09,-2.832686646715701e-10,-1.0656575836795215e-09,1.1856077897133083e-11,4.37731453969462e-11,-1.099891547701653e-11,2.5489897379986447e-08,-1.7862665009730611e-09,nan,MODEL_NOT_IDENTIFIED
8.78,4.3212153138501317e-10,-6.223855087435702e-11,0.0,4.3212153138501317e-10,0.0,-3.5393525178771516e-09,-1.9316248119928522e-10,-9.005823542424425e-10,1.0192103232653606e-11,3.6992485145241386e-11,-7.500221764751246e-12,2.1541395794889782e-08,-1.2180650825292339e-09,nan,MODEL_NOT_IDENTIFIED
8.8,3.615728968139811e-10,-6.52568425016078e-11,0.0,3.615728968139811e-10,0.0,-3.5043456399409747e-09,-1.0987153469409166e-10,-7.376069137474075e-10,8.528129294196783e-12,3.02980762073457e-11,-4.2661539172768576e-12,1.764311991594119e-08,-6.92839930114066e-10,nan,MODEL_NOT_IDENTIFIED
8.82,2.923644995088214e-10,-6.668424422694613e-11,0.0,2.923644995088214e-10,0.0,-3.40684021795821e-09,-3.418508083373756e-11,-5.795829701823008e-10,6.895766454881998e-12,2.3807055861025456e-11,-1.3273575991936895e-12,1.3863280906916034e-08,-2.1556801842929112e-10,nan,MODEL_NOT_IDENTIFIED
8.84,2.2565513934185668e-10,-6.667875539066038e-11,0.0,2.2565513934185668e-10,0.0,-3.255960877770174e-09,3.334392463710107e-11,-4.289363439186804e-10,5.322346395884319e-12,1.7619067546591447e-11,1.2946967119737752e-12,1.0259902952393209e-08,2.102637637639196e-10,nan,MODEL_NOT_IDENTIFIED
8.86,1.6242130432939327e-10,-6.540721113452113e-11,0.0,1.6242130432939327e-10,0.0,-3.060784448057913e-09,9.238183457389695e-11,-2.8767044068404884e-10,3.83090075516852e-12,1.181640352334166e-11,3.587053976718927e-12,6.88090632919201e-09,5.825514678410137e-10,nan,MODEL_NOT_IDENTIFIED
8.88,1.0345983409388225e-10,-6.304108490797512e-11,0.0,1.0345983409388225e-10,0.0,-2.8301730897978444e-09,1.427951300093958e-10,-1.5737734501668575e-10,2.44022394843025e-12,6.464460546336684e-12,5.544529845275757e-12,3.7643727552324546e-09,9.004531353074739e-10,nan,MODEL_NOT_IDENTIFIED
8.9,4.9393686180701604e-11,-5.975269128013544e-11,0.0,4.9393686180701604e-11,0.0,-2.572630920777142e-09,1.84629669732731e-10,-3.9255436743169245e-11,1.1650091745751561e-12,1.6124634840454815e-12,7.168904948573355e-12,9.38966765229582e-10,1.1642579475272156e-09,nan,MODEL_NOT_IDENTIFIED
8.92,6.803346394634788e-13,-5.571181461311697e-11,0.0,6.803346394634788e-13,0.0,-2.2961841249875343e-09,2.180889467502512e-10,6.586756319872303e-11,1.6046506305615752e-14,-2.705588047227118e-12,8.468080627833448e-12,-1.5755130468908105e-09,1.375249112937163e-09,nan,MODEL_NOT_IDENTIFIED
8.94,-4.23776649675178e-11,-5.108277808855315e-11,0.0,-4.23776649675178e-11,0.0,-2.0082840917594395e-09,2.435118802484051e-10,1.575071871500489e-10,-9.995279215164085e-13,-6.469793965503778e-12,9.455216628379827e-12,-3.767478502055555e-09,1.5355638251799393e-09,nan,MODEL_NOT_IDENTIFIED
8.96,-7.962039691776e-11,-4.602195752748834e-11,0.0,-7.962039691776e-11,0.0,-1.7157327449629222e-09,2.6135061899291717e-10,2.354914832611196e-10,-1.8779423052808552e-12,-9.673091145224308e-12,1.0147869237502533e-11,-5.632816614001531e-09,1.6480532933527674e-09,nan,MODEL_NOT_IDENTIFIED
8.98,-1.1101702569791196e-10,-4.0675735477455e-11,0.0,-1.1101702569791196e-10,0.0,-1.4246288987622499e-09,2.7214877650161825e-10,2.999279177755343e-10,-2.618469352519099e-12,-1.2319893889424098e-11,1.056714618747304e-11,-7.174097911539403e-09,1.7161454949818707e-09,nan,MODEL_NOT_IDENTIFIED
9.0,-1.366513620366341e-10,-3.517888320347027e-11,0.0,-1.366513620366341e-10,0.0,-1.1403342123562515e-09,2.7652046121552973e-10,3.51168820461856e-10,-3.2230858395231555e-12,-1.4424674559979216e-11,1.0736892427200006e-11,-8.39974991377299e-09,1.7437129421837351e-09,nan,MODEL_NOT_IDENTIFIED
9.02,-1.5670693054027213e-10,-2.965335152939744e-11,0.0,-1.5670693054027213e-10,0.0,-8.674571099269262e-10,2.7513040752549977e-10,3.897761991439769e-10,-3.696120413670562e-12,-1.6010518292834092e-11,1.0682918638525281e-11,-9.323215514533439e-09,1.7349473897216108e-09,nan,MODEL_NOT_IDENTIFIED
9.040000000000001,-1.7145188059435524e-10,-2.420744592626878e-11,0.0,-1.7145188059435524e-10,0.0,-6.098528808403236e-10,2.686754570092778e-10,4.164866651589238e-10,-4.043897698986247e-12,-1.7107682269704994e-11,1.0432282179252367e-11,-9.962114020131993e-09,1.6942430573665497e-09,nan,MODEL_NOT_IDENTIFIED
9.06,-1.8122404541558097e-10,-1.8935356807486882e-11,0.0,-1.8122404541558097e-10,0.0,-3.7063807546512845e-10,2.578675845691241e-10,4.32177123144522e-10,-4.274385896010842e-12,-1.7752186385536274e-11,1.0012628012444139e-11,-1.0337420469429655e-08,1.626089594261055e-09,nan,MODEL_NOT_IDENTIFIED
9.08,-1.8641641584821656e-10,-1.3917012622066734e-11,0.0,-1.8641641584821656e-10,0.0,-1.5221725969674237e-10,2.4341861215752344e-10,4.3783178800960403e-10,-4.39685416391219e-12,-1.7984458431549018e-11,9.451595162343336e-12,-1.0472676699326202e-08,1.5349756850602236e-09,nan,MODEL_NOT_IDENTIFIED
9.1,-1.8746325659914357e-10,-9.218220975983362e-12,0.0,-1.8746325659914357e-10,0.0,4.367981812454774e-11,2.2602670411642102e-10,4.3451100123357806e-10,-4.4215451552807504e-12,-1.7848053187870898e-11,8.776292347787692e-12,-1.0393245449140332e-08,1.4253038907661216e-09,nan,MODEL_NOT_IDENTIFIED
9.120000000000001,-1.8482705390692981e-10,-4.8910615858524215e-12,0.0,-1.8482705390692981e-10,0.0,2.1595256554419534e-10,2.063646933693642e-10,4.2332222952145885e-10,-4.359367161291132e-12,-1.7388461158997275e-11,8.01284470501433e-12,-1.0125616665638159e-08,1.3013170347544948e-09,nan,MODEL_NOT_IDENTIFIED
9.14,-1.7898644585412166e-10,-9.744942968538435e-13,0.0,-1.7898644585412166e-10,0.0,3.6407724545365e-10,1.85070247195798e-10,4.053935428134843e-10,-4.221609433679429e-12,-1.6652019151673764e-11,7.186011938797533e-12,-9.696773112752944e-09,1.1670361890396426e-09,nan,MODEL_NOT_IDENTIFIED
9.16,-1.7042525027003656e-10,2.504854410431762e-12,0.0,-1.7042525027003656e-10,0.0,4.880498027295377e-10,1.627378453545462e-10,3.8184978698946326e-10,-4.019683394705478e-12,-1.568493154055139e-11,6.318876844502899e-12,-9.133620436804615e-09,1.0262100890488487e-09,nan,MODEL_NOT_IDENTIFIED
9.18,-1.5962267094520204e-10,5.5317621344537885e-12,0.0,-1.5962267094520204e-10,0.0,5.883254711727279e-10,1.3991251206319772e-10,3.5379159036003923e-10,-3.7648916390048236e-12,-1.4532407934990258e-11,5.432601929847751e-12,-8.462485014221646e-09,8.822756080530301e-10,nan,MODEL_NOT_IDENTIFIED
9.200000000000001,-1.470447311015428e-10,8.101372755702392e-12,0.0,-1.470447311015428e-10,0.0,6.657566826759414e-10,1.1708521682844032e-10,3.222772730189532e-10,-3.468225881735576e-12,-1.3237920084311465e-11,4.546250835747375e-12,-7.708681233976426e-09,7.383287552200647e-10,nan,MODEL_NOT_IDENTIFIED
9.22,-1.3313695405315523e-10,1.021808246966223e-11,0.0,-1.3313695405315523e-10,0.0,7.215306557097428e-10,9.46898373104395e-11,2.8830766494739385e-10,-3.140194323207195e-12,-1.1842578263480562e-11,3.676670408700161e-12,-6.896148355645402e-09,5.971055237130959e-10,nan,MODEL_NOT_IDENTIFIED
9.24,-1.1831828498005585e-10,1.1894379674837336e-11,0.0,-1.1831828498005585e-10,0.0,7.571078860708233e-10,7.310156015964593e-11,2.528137828185659e-10,-2.7906782866434163e-12,-1.0384625083282953e-11,2.8384286075772257e-12,-6.047155745883011e-09,4.609718065125185e-10,nan,MODEL_NOT_IDENTIFIED
9.26,-1.0297622486709868e-10,1.3149666123870806e-11,0.0,-1.0297622486709868e-10,0.0,7.741626033947183e-10,5.263658288308498e-11,2.166472669680035e-10,-2.42881744631071e-12,-8.899042677571172e-12,2.0438029275185544e-12,-5.1820741364232416e-09,3.3192151641184764e-10,nan,MODEL_NOT_IDENTIFIED
9.28,-8.746312800115575e-11,1.4009083912534998e-11,0.0,-8.746312800115575e-11,0.0,7.745260958426364e-10,3.355297101622494e-11,1.8057343902582955e-10,-2.062922499560253e-12,-7.417267537300527e-12,1.3028136826857522e-12,-4.3192095667606565e-09,2.1158199126575661e-10,nan,MODEL_NOT_IDENTIFIED
9.3,-7.209359797146793e-11,1.45023699109499e-11,0.0,-7.209359797146793e-11,0.0,7.601336458812515e-10,1.6052519885622308e-11,1.452668071551692e-10,-1.7004137483812305e-12,-5.9670058828818536e-12,6.232962958320714e-13,-3.4746958721190022e-09,1.012257340964155e-10,nan,MODEL_NOT_IDENTIFIED
9.32,-5.714290381964283e-11,1.4662756206189342e-11,0.0,-5.714290381964283e-11,0.0,7.329756650286021e-10,2.8346870051181473e-13,1.1130881948057228e-10,-1.3477837424038963e-12,-4.572141383597379e-12,1.1006682581442791e-14,-2.6624409467914773e-09,1.7875279088341528e-12,nan,MODEL_NOT_IDENTIFIED
9.34,-4.284632772322863e-11,1.4525932090654062e-11,0.0,-4.284632772322863e-11,0.0,6.950534672668143e-10,-1.3656083762999222e-11,7.918764678553234e-11,-1.0105818932363429e-12,-3.2527262316443625e-12,-5.302461224591674e-13,-1.894121546394267e-09,-8.61140253144839e-11,nan,MODEL_NOT_IDENTIFIED
9.36,-2.939934821182942e-11,1.4129080153830389e-11,0.0,-2.939934821182942e-11,0.0,6.483399815382801e-10,-2.5714208409951768e-11,4.929976248182857e-11,-6.93418795835749e-13,-2.025046041244125e-12,-9.98445787102384e-13,-1.1792210797961449e-09,-1.62151465411792e-10,nan,MODEL_NOT_IDENTIFIED
9.38,-1.695855821280543e-11,1.3509996166111644e-11,0.0,-1.695855821280543e-11,0.0,5.94745574957889e-10,-3.5880760026595526e-11,2.195308070586067e-11,-3.9998788171441055e-13,-9.017487496598383e-13,-1.3931983872667509e-12,-5.251046705216649e-10,-2.2626081758556558e-10,nan,MODEL_NOT_IDENTIFIED
9.4,-5.643214981845257e-12,1.2706299724191731e-11,0.0,-5.643214981845257e-12,0.0,5.360890413146773e-10,-4.418270804428544e-11,-2.6285883756920473e-12,-1.3310197590635283e-13,1.079723758551072e-13,-1.7155511072438316e-12,6.287427497983762e-11,-2.7861214862323236e-10,nan,MODEL_NOT_IDENTIFIED
9.42,4.462681051571913e-12,1.1754740092375016e-11,0.0,4.462681051571913e-12,0.0,4.740737049612811e-10,-5.067930554911494e-11,-2.43000039584053e-11,1.0525767097567397e-13,9.9815139751075e-13,-1.9678046592795423e-12,5.812416828061452e-10,-3.1957910311019225e-10,nan,MODEL_NOT_IDENTIFIED
9.44,1.3307879560017152e-11,1.0690599349733553e-11,0.0,1.3307879560017152e-11,0.0,4.1026849881926844e-10,-5.545720713314453e-11,-4.298811141894284e-11,3.1388225865229306e-13,1.7657875102659664e-12,-2.153323716748094e-12,1.0282501296943884e-09,-3.497081170425785e-10,nan,MODEL_NOT_IDENTIFIED
9.46,2.087104312329429e-11,9.547192859015527e-12,0.0,2.087104312329429e-11,0.0,3.460937971736842e-10,-5.862563428602547e-11,-5.868503056114132e-11,4.922685185438046e-13,2.4105570257449614e-12,-2.276349193251211e-12,1.403711126025937e-09,-3.696879312254379e-10,nan,MODEL_NOT_IDENTIFIED
9.48,2.7157671914562027e-11,8.355465222540205e-12,0.0,2.7157671914562027e-11,0.0,2.82811719124381e-10,-6.031167463812223e-11,-7.144062163200735e-11,6.405461788136055e-13,2.9345080125536115e-12,-2.3418157189788366e-12,1.7088172993380074e-09,-3.8031994872631874e-10,nan,MODEL_NOT_IDENTIFIED
9.5,3.219687639651925e-11,7.143678289844406e-12,0.0,3.219687639651925e-11,0.0,2.215205666943848e-10,-6.065578878032097e-11,-8.135481946138556e-11,7.594018445471368e-13,3.341745412001399e-12,-2.355177176974476e-12,1.9459590314910007e-09,-3.824899012886093e-10,nan,MODEL_NOT_IDENTIFIED
9.52,3.603807702215682e-11,5.9371864328647424e-12,0.0,3.603807702215682e-11,0.0,1.63153022146464e-10,-5.980758586373564e-11,-8.856990833447685e-11,8.500011562462102e-13,3.638113719355081e-12,-2.322242675737999e-12,2.118539678200768e-09,-3.7714121064652676e-10,nan,MODEL_NOT_IDENTIFIED
9.540000000000001,3.874770212948541e-11,4.758293203311814e-12,0.0,3.874770212948541e-11,0.0,1.0847770133267843e-10,-5.792191695492623e-11,-9.326289124751081e-11,9.139109057261012e-13,3.830883541992028e-12,-2.249024859818686e-12,2.230793046159945e-09,-3.65250353577539e-10,nan,MODEL_NOT_IDENTIFIED
9.56,4.040594697037225e-11,3.6261826256952373e-12,0.0,4.040594697037225e-11,0.0,5.810364306062338e-11,-5.515532338706011e-11,-9.563808752516308e-11,9.530225939337306e-13,3.92844753778228e-12,-2.141602004390967e-12,2.2876063324367964e-09,-3.4780446552699684e-10,nan,MODEL_NOT_IDENTIFIED
9.58,4.1103648328554955e-11,2.556917746633631e-12,0.0,4.1103648328554955e-11,0.0,1.2487307557688998e-11,-5.1662866270311366e-11,-9.592007285040476e-11,9.694787150748568e-13,3.940030418466139e-12,-2.005994909696036e-12,2.294351254176343e-09,-3.2578134778834295e-10,nan,MODEL_NOT_IDENTIFIED
9.6,4.093932064967574e-11,1.5634986420798668e-12,0.0,4.093932064967574e-11,0.0,-2.805834087442037e-11,-4.7595353039568154e-11,-9.43470559817571e-11,9.656028501954762e-13,3.875416890483336e-12,-1.8480592118719866e-12,2.2567256236052434e-09,-3.0013197836456524e-10,nan,MODEL_NOT_IDENTIFIED
9.620000000000001,4.00163911943676e-11,6.559718619886619e-13,0.0,4.00163911943676e-11,0.0,-6.335308207377213e-11,-4.309696752744418e-11,-9.116476716737159e-11,9.438344549599789e-13,3.7447006143543745e-12,-1.6733933620920512e-12,2.1806071625212553e-09,-2.717655674236093e-10,nan,MODEL_NOT_IDENTIFIED
9.64,3.844066357981322e-11,-1.5841675194112015e-13,0.0,3.844066357981322e-11,0.0,-9.33374175720238e-11,-3.8303301629891566e-11,-8.662091481658481e-11,9.066690342446383e-13,3.5580565059096306e-12,-1.4872621989668649e-12,2.0719209091644774e-09,-2.4153714516030277e-10,nan,MODEL_NOT_IDENTIFIED
9.66,3.6318031319554506e-11,-8.750338254056651e-13,0.0,3.6318031319554506e-11,0.0,-1.180596537317699e-10,-3.333977922756006e-11,-8.096024961304465e-11,8.566042132388967e-13,3.3255379888992782e-12,-1.2945357516740823e-12,1.9365211547307007e-09,-2.1023762318743015e-10,nan,MODEL_NOT_IDENTIFIED
9.68,3.375245570761261e-11,-1.491642485349545e-12,0.0,3.375245570761261e-11,0.0,-1.37662439922756e-10,-2.8320456660813e-11,-7.442025915450129e-11,7.960920434234282e-13,3.0569001472316007e-12,-1.0996426641257604e-12,1.7800884617086482e-09,-1.785862304400055e-10,nan,MODEL_NOT_IDENTIFIED
9.700000000000001,3.0844215701933335e-11,-2.008165997343842e-12,0.0,3.0844215701933335e-11,0.0,-1.5236908088235185e-10,-2.334717873002487e-11,-6.72275015400868e-11,7.274977239776642e-13,2.7614491227349335e-12,-9.065374236718903e-13,1.608041965462178e-09,-1.4722519098971775e-10,nan,MODEL_NOT_IDENTIFIED
9.72,2.7688431404274675e-11,-2.426437869991868e-12,0.0,2.7688431404274675e-11,0.0,-1.6246990955979337e-10,-1.8509064885741483e-11,-5.959457320799655e-11,6.530647762866901e-13,2.4479175655048795e-12,-7.186804106021445e-13,1.4254668467059423e-09,-1.167164840066937e-10,nan,MODEL_NOT_IDENTIFIED
9.74,2.437385735031063e-11,-2.749944748314851e-12,0.0,2.437385735031063e-11,0.0,-1.6830897228093785e-10,-1.3882296948702072e-11,-5.171769482420424e-11,5.748865822448453e-13,2.1243654714285766e-12,-5.390296556191702e-13,1.2370565873952177e-09,-8.754050514121632e-11,nan,MODEL_NOT_IDENTIFIED
9.76,2.0981937138714022e-11,-2.983567819436296e-12,0.0,2.0981937138714022e-11,0.0,-1.7027124283346106e-10,-9.530177306442304e-12,-4.377488916670321e-11,4.948840865517647e-13,1.7981053366252384e-12,-3.7004309952911025e-13,1.0470693867976153e-09,-6.009643350622292e-11,nan,MODEL_NOT_IDENTIFIED
9.78,1.7586106949044862e-11,-3.1333278161812796e-12,0.0,1.7586106949044862e-11,0.0,-1.687705468210128e-10,-5.50342500831613e-12,-3.5924716735460085e-11,4.147893693486262e-13,1.4756502211298624e-12,-2.1369009018611467e-13,8.592979180330648e-10,-3.4704098825651454e-11,nan,MODEL_NOT_IDENTIFIED
9.8,1.4251332218838201e-11,-3.206138044096142e-12,0.0,1.4251332218838201e-11,0.0,-1.6423834304021478e-10,-1.8406764522150214e-12,-2.8305528210800653e-11,3.361347181930285e-13,1.1626830427374447e-12,-7.147082343866324e-14,6.770514473217509e-10,-1.1607138719468912e-11,nan,MODEL_NOT_IDENTIFIED
9.82,1.1033859151261692e-11,-3.2095691900224117e-12,0.0,1.1033859151261692e-11,0.0,-1.5711347527729525e-10,1.4308426547951393e-12,-2.1035187820865838e-11,2.602467670698418e-13,8.640452139941229e-13,5.555756560383558e-14,5.031492170977308e-10,9.02276397351349e-12,nan,MODEL_NOT_IDENTIFIED
9.84,7.981160776299877e-12,-3.1516290092492773e-12,0.0,7.981160776299877e-12,0.0,-1.478329762912968e-10,4.294506756533426e-12,-1.4211218078428904e-11,1.8824522417971635e-13,5.837425874330901e-13,1.6674953046907986e-13,3.3992390802775833e-10,2.7080770004307624e-11,nan,MODEL_NOT_IDENTIFIED
9.86,5.132055951928034e-12,-3.040559345251915e-12,0.0,5.132055951928034e-12,0.0,-1.3682397624805512e-10,6.743372851321063e-12,-7.911314107054905e-12,1.2104567872411967e-13,3.24966582129791e-13,2.6183548437199333e-13,1.8923394138798151e-10,4.25230974342039e-11,nan,MODEL_NOT_IDENTIFIED
9.88,2.516978921350302e-12,-2.8846523212085845e-12,0.0,2.516978921350302e-12,0.0,-1.2449674080647963e-10,8.779185727771425e-12,-2.1941747806208502e-12,5.936595873524924e-14,9.012832374053947e-14,3.408831749489269e-13,5.2483359428331624e-11,5.536074874190912e-11,nan,MODEL_NOT_IDENTIFIED
9.9,1.583767868574573e-13,-2.6920869642756433e-12,0.0,1.583767868574573e-13,0.0,-1.1123883966625495e-10,1.041133390948903e-11,2.89940197727521e-12,3.735505972436636e-15,-1.1909636477905352e-13,4.0425714508957796e-13,-6.935197571521314e-11,6.565292710553614e-11,nan,MODEL_NOT_IDENTIFIED
9.92,-1.9287875348466163e-12,-2.4707869887119118e-12,0.0,-1.9287875348466163e-12,0.0,-9.741042481659474e-11,1.1655781878063312e-11,7.34521127897651e-12,-4.549276127482957e-14,-3.0171323904604286e-13,4.525772726891598e-13,-1.7569309748537018e-10,7.350030309767254e-11,nan,MODEL_NOT_IDENTIFIED
9.94,-3.736448704278815e-12,-2.228299977501995e-12,0.0,-3.736448704278815e-12,0.0,-8.3340579060398e-11,1.2534001619134433e-11,1.1134170329738787e-11,-8.812861232687294e-14,-4.573492125258416e-13,4.866772841164318e-13,-2.663227508186929e-10,7.903827711180297e-11,nan,MODEL_NOT_IDENTIFIED
9.96,-5.262789575402319e-12,-1.971697767736026e-12,0.0,-5.262789575402319e-12,0.0,-6.932467964373296e-11,1.3071923867682319e-11,1.427073136945339e-11,-1.241291876206981e-13,-5.861871662367907e-13,5.075640325742773e-13,-3.413474306528417e-10,8.243036601024592e-11,nan,MODEL_NOT_IDENTIFIED
9.98,-6.51154867730016e-12,-1.7074974648564309e-12,0.0,-6.51154867730016e-12,0.0,-5.5622708956230634e-11,1.3298926683499394e-11,1.6771222159563568e-11,-1.5358266483685332e-13,-6.888977822878599e-13,5.163782259377106e-13,-4.011576873578486e-10,8.386182517284243e-11,nan,MODEL_NOT_IDENTIFIED
10.0,-7.491302736172646e-12,-1.4416021858904417e-12,0.0,-7.491302736172646e-12,0.0,-4.245843419296721e-11,1.3246876227112169e-11,1.866215397171625e-11,-1.7669133632247439e-13,-7.665700425117057e-13,5.14357181460352e-13,-4.463876548281679e-10,8.353359971693945e-11,nan,MODEL_NOT_IDENTIFIED
