time_s,delta_w_mps,delta_q_rads,w_gust_mps,delta_w_aero_mps,delta_e_rad,delta_w_dot,delta_q_dot,perturbation_az_mps2,delta_alpha_rad,delta_CL,delta_Cm,delta_Lift_N,delta_PitchMom_Nm,total_thrust_N,propulsion_model_status
0.0,0.3,0.0,0.0,0.3,0.0,-0.6775058252375293,-0.3037829761306342,-0.6775058252375293,0.007075858867749367,0.02782935292685826,-0.011795456732538196,16.20553752361901,-1.9156278879529456,nan,MODEL_NOT_IDENTIFIED
0.02,0.28427771232023996,-0.006103286129461557,0.0,0.28427771232023996,0.0,-0.8933803490364064,-0.3058379350076258,-0.6346151767710567,0.006705029905415578,0.026067568822615603,-0.010246667542334664,15.179618649944251,-1.6640985209611925,nan,MODEL_NOT_IDENTIFIED
0.04,0.2643289114280221,-0.012204920530750608,0.0,0.2643289114280221,0.0,-1.0996418840279196,-0.30360821997858917,-0.5821815689397252,0.006234513573101691,0.023913796377847293,-0.008531951358703717,13.925437848013193,-1.3856219671685308,nan,MODEL_NOT_IDENTIFIED
0.06,0.24037646565360588,-0.018218831689502966,0.0,0.24037646565360588,0.0,-1.293248648254774,-0.2970660104201953,-0.5208124523093678,0.005669566486977728,0.021392987342859333,-0.0066731949794795,12.457524975092975,-1.0837527273679157,nan,MODEL_NOT_IDENTIFIED
0.08,0.21270278767046924,-0.024058994678426156,0.0,0.21270278767046924,0.0,-1.4712952507104795,-0.2862439181108093,-0.4512496932128645,0.0050168496877770015,0.018535614754536713,-0.004694619274736229,10.793625033878993,-0.7624243647300438,nan,MODEL_NOT_IDENTIFIED
0.1,0.18164667536677168,-0.029640644973422912,0.0,0.18164667536677168,0.0,-1.6310555513417841,-0.27123536321773245,-0.37436097076499075,0.00428435412897054,0.015377319558555277,-0.002622469895231074,8.954492394192393,-0.42589927465578253,nan,MODEL_NOT_IDENTIFIED
0.12,0.14759931384407207,-0.03488149128422345,0.0,0.14759931384407207,0.0,-1.7700235859903053,-0.2521940979310942,-0.2911292805990104,0.003481306379124331,0.011958479462950328,-0.00048467514815558714,6.963639728584478,-0.07871312247226386,nan,MODEL_NOT_IDENTIFIED
0.14,0.11099948332212664,-0.039702910281877994,0.0,0.11099948332212664,0.0,-1.8859519523612813,-0.22933287267268468,-0.2026406671615081,0.002618055594601559,0.008323705027620245,0.0016895245891158615,4.847044576104856,0.274385341210619,nan,MODEL_NOT_IDENTIFIED
0.16,0.0723280295467263,-0.04403110612399156,0.0,0.0723280295467263,0.0,-1.976887080560088,-0.20292125182975318,-0.11007033306905342,0.0017059430975168053,0.004521269089725674,0.003869971084750223,2.6328170863511273,0.6284983026616374,nan,MODEL_NOT_IDENTIFIED
0.18,0.03210166448097408,-0.047798217938511085,0.0,0.03210166448097408,0.0,-2.0412008476992174,-0.17328259805380675,-0.014667298971964561,0.0007571561576240511,0.0006024766494538126,0.006026000865042564,0.3508330925080637,0.9786458949114483,nan,MODEL_NOT_IDENTIFIED
0.2,-0.009133824557345238,-0.0509433589278742,0.0,-0.009133824557345238,0.0,-2.077618040160238,-0.14079025615316576,0.08226218978891571,-0.00021543217830186082,-0.003379016721176258,0.008126870659435768,-1.9676627915811127,1.3198352916726526,nan,MODEL_NOT_IDENTIFIED
0.22,-0.0508108697260853,-0.05341357149366811,0.0,-0.0508108697260853,0.0,-2.085239218787583,-0.10586297932499776,0.17937229305807972,-0.0011984351437645951,-0.007367929046311963,0.010142189855606352,-4.290478867589342,1.647130939721759,nan,MODEL_NOT_IDENTIFIED
0.24,-0.09234782555180941,-0.05516468375049694,0.0,-0.09234782555180941,0.0,-2.0635586009700604,-0.06895965174876142,0.2752960079847087,-0.0021781339344938075,-0.01130810906736579,0.012042353962855202,-6.58491723806892,1.9557249550337745,nan,MODEL_NOT_IDENTIFIED
0.26,-0.1331569768993938,-0.05616205398604123,0.0,-0.1331569768993938,0.0,-2.01247663850088,-0.030573372233323917,0.3686641545420204,-0.0031406665859875773,-0.015143316095673005,0.01379897298480634,-8.818227928814341,2.24100669216869,nan,MODEL_NOT_IDENTIFIED
0.28,-0.17265274330508512,-0.056381191018596115,0.0,-0.17265274330508512,0.0,-1.932307040468545,0.008775026484385101,0.45812465435676747,-0.0040722214825218055,-0.018818011913210645,0.015385288589847803,-10.958070027029986,2.4986304943678674,nan,MODEL_NOT_IDENTIFIED
0.3,-0.21025996668699581,-0.05580823998688101,0.0,-0.21025996668699581,0.0,-1.8237780653019091,0.048543939200730184,0.5423618350250762,-0.00495923283271622,-0.02227815372019806,0.016776574041194373,-12.97297342911594,2.724580643746202,nan,MODEL_NOT_IDENTIFIED
0.32,-0.2454221667083697,-0.05444032485990905,0.0,-0.2454221667083697,0.0,-1.6880279844796022,0.0881783389421473,0.6201154880268667,-0.0057885753821522706,-0.02547197696146786,0.01795051100806662,-14.832794694678055,2.9152325568879713,nan,MODEL_NOT_IDENTIFIED
0.34,-0.27760964692443457,-0.05228574085481199,0.0,-0.27760964692443457,0.0,-1.5265947012599823,0.12711741861757353,0.690199408065263,-0.006547755606543438,-0.028350756851755077,0.018887537624205003,-16.509160496531287,3.0674093108984635,nan,MODEL_NOT_IDENTIFIED
0.36,-0.3063273353314645,-0.04936399197297366,0.0,-0.3063273353314645,0.0,-1.3413995899867657,0.16480241988414285,0.7515191452059401,-0.0072250966404639235,-0.030869537565812847,0.019571162487497927,-17.97589224134441,3.1784326381605137,nan,MODEL_NOT_IDENTIFIED
0.38,-0.3311222450725049,-0.04570567098280358,0.0,-0.3311222450725049,0.0,-1.1347257039368948,0.20068454140861788,0.8030887085772969,-0.007809914247017876,-0.03298781836264927,0.019988239701424874,-19.209405612241518,3.2461675941308243,nan,MODEL_NOT_IDENTIFIED
0.4,-0.3515904448307401,-0.04135218136243358,0.0,-0.3515904448307401,0.0,-0.9091905811418498,0.23423281609601854,0.8440459715645731,-0.008292681222905123,-0.034670186372092494,0.020129200540659097,-20.189079051908745,3.2690601807316844,nan,MODEL_NOT_IDENTIFIED
0.42,-0.3673834338281435,-0.036355302937658096,0.0,-0.3673834338281435,0.0,-0.6677139569695024,0.26494184576711194,0.8736665432843854,-0.008665177760390273,-0.03588688638201046,0.019988237873780124,-20.897585560038294,3.2461672973142335,nan,MODEL_NOT_IDENTIFIED
0.44,-0.3782138232901471,-0.030776605178738484,0.0,-0.3782138232901471,0.0,-0.41348076835242653,0.2923392822342498,0.8913758895020706,-0.008920625451443264,-0.03661431871932372,0.01956344008880315,-21.321182618482542,3.1771784906834775,nan,MODEL_NOT_IDENTIFIED
0.46,-0.38386023466021857,-0.02468671432291666,0.0,-0.38386023466021857,0.0,-0.14989990627215832,0.31599294576542775,0.8967595078422789,-0.009053802817989535,-0.03683545720881291,0.018856871934358976,-21.449955576256738,3.0624290840192177,nan,MODEL_NOT_IDENTIFIED
0.48,-0.3841713346531168,-0.018164442636214348,0.0,-0.3841713346531168,0.0,0.1194407606148431,0.33551747553237615,0.8895709868834154,-0.009061140483467888,-0.03654018020995288,0.01787460040219773,-21.27801041829837,2.9029043802949692,nan,MODEL_NOT_IDENTIFIED
0.5,-0.3790689383030557,-0.011295790187276089,0.0,-0.3790689383030557,0.0,0.39082250850481925,0.3505804117807739,0.869737806212091,-0.008940794361933381,-0.03572550886100776,0.01662666452582224,-20.803612499329656,2.7002347574589676,nan,MODEL_NOT_IDENTIFIED
0.52,-0.3685501233544222,-0.00417283144739611,0.0,-0.3685501233544222,0.0,0.660446391994439,0.36090761608802785,0.8373647643950761,-0.008692695528491706,-0.03439574788703269,0.015126988745419378,-20.029268538913684,2.45668159856326,nan,MODEL_NOT_IDENTIFIED
0.54,-0.352688312501684,0.0031074991745568825,0.0,-0.352688312501684,0.0,0.924485709318225,0.3662879441135821,0.7927349537150982,-0.008318575745222002,-0.03256252563829921,0.013393240280278614,-18.961749936556533,2.1751141284917055,nan,MODEL_NOT_IDENTIFIED
0.56,-0.3316332939394935,0.010444707133175402,0.0,-0.3316332939394935,0.0,1.1791395847173018,0.3665770946045384,0.7363082339912138,-0.007821967945875658,-0.03024473140066244,0.011446631745627272,-17.61205626639577,1.8589773581690432,nan,MODEL_NOT_IDENTIFIED
0.58,-0.30561016524796036,0.017736105733347864,0.0,-0.30561016524796036,0.0,1.4206869277429597,0.3617005689817765,0.6687171924143117,-0.007208181326147099,-0.027468349441026756,0.009311671040115049,-15.995318638861775,1.512251465319038,nan,MODEL_NOT_IDENTIFIED
0.6,-0.2749172006146592,0.024878233953916546,0.0,-0.2749172006146592,0.0,1.6455400137444292,0.3516556874664407,0.5907606116011405,-0.00648425103955356,-0.02426619069994098,0.00701586130182591,-14.130643460404132,1.13940306615796,nan,MODEL_NOT_IDENTIFIED
0.62,-0.2399226565786709,0.03176830480255455,0.0,-0.2399226565786709,0.0,1.8502969246790468,0.3365126202643795,0.5033945035178761,-0.005658862857087248,-0.020677524499406397,0.004589354473557102,-12.040897970260898,0.7453289530532492,nan,MODEL_NOT_IDENTIFIED
0.64,-0.2010605466615565,0.038305664198655276,0.0,-0.2010605466615565,0.0,2.0317920949311823,0.316414405642547,0.40772080204913935,-0.004742253506832367,-0.016747614076778102,0.002064562721308543,-9.752439773415787,0.3352929873802039,nan,MODEL_NOT_IDENTIFIED
0.66,-0.15882543021149892,0.044393239955873166,0.0,-0.15882543021149892,0.0,2.187144223103061,0.2915759406292023,0.3049738412907363,-0.0037460877626204763,-0.012527161164649749,-0.0005242673969947931,-7.294793409379953,-0.08514305712786199,nan,MODEL_NOT_IDENTIFIED
0.68,-0.11376627531591835,0.04993896029301084,0.0,-0.11376627531591835,0.0,2.313800837664877,0.26228194436101987,0.1965047796290972,-0.0026833136934831894,-0.008071666191497904,-0.0031415125224723076,-4.700277785409986,-0.5101938089264972,nan,MODEL_NOT_IDENTIFIED
0.7000000000000001,-0.06647946952378583,0.05485712144713541,0.0,-0.06647946952378583,0.0,2.409578841690825,0.22888390858885613,0.08376416085404083,-0.0015679978131771792,-0.003440711958767228,-0.005750655832042611,-2.003589048667893,-0.9339287944223236,nan,MODEL_NOT_IDENTIFIED
0.72,-0.017601065156907833,0.05906968439806285,0.0,-0.017601065156907833,0.0,2.4727004092794567,0.191796064338296,-0.031717167530605085,-0.000415142176574469,0.001302820162085013,-0.00831478966079194,0.7586558364718538,-1.3503540657936346,nan,MODEL_NOT_IDENTIFIED
0.74,0.03220164201596431,0.06250748143654847,0.0,0.03220164201596431,0.0,2.501823663131749,0.15149040799691393,-0.1483485324209733,0.0007595142473825055,0.006093591392335755,-0.010797130588451064,3.5484089127632865,-1.7534958530305202,nan,MODEL_NOT_IDENTIFIED
0.76,0.08223909120082247,0.0651113143134469,0.0,0.08223909120082247,0.0,2.496067628467814,0.10849084396320925,-0.2645010401731275,0.0019397073424966289,0.010864692999382544,-0.01316153989834529,6.326708010309871,-2.137485088485443,nan,MODEL_NOT_IDENTIFIED
0.78,0.13180887318286383,0.06683292698348228,0.0,0.13180887318286383,0.0,2.4550310321988387,0.06336651424120496,-0.3785300195102084,0.0031088699471967293,0.015548568165693468,-0.015373042143325358,9.054213567592983,-2.496641623990173,nan,MODEL_NOT_IDENTIFIED
0.8,0.18020545837640745,0.06763583749085214,0.0,0.18020545837640745,0.0,2.3788045971058045,0.01672439780439407,-0.48879799736334734,0.004250361302231807,0.020077955748641747,-0.01739833447938783,11.69175819996,-2.8255569486097216,nan,MODEL_NOT_IDENTIFIED
0.8200000000000001,0.22673010343774597,0.0674960153166074,0.0,0.22673010343774597,0.0,2.267976567668955,-0.03079872600355045,-0.5936978909996644,0.005347700709985687,0.02438684292458813,-0.019206279456376103,14.200901441571222,-3.1191742197620465,nan,MODEL_NOT_IDENTIFIED
0.84,0.2707007992021961,0.06640239249791428,0.0,0.2707007992021961,0.0,2.1236312960003367,-0.07854484549127336,-0.6916760923606341,0.0063848021684723335,0.028411413405376628,-0.020768374087330888,16.544481909082666,-3.3728644418985008,nan,MODEL_NOT_IDENTIFIED
0.86,0.3114621202255582,0.06435719901185187,0.0,0.3114621202255582,0.0,1.9473408118292088,-0.12584370258499847,-0.7812551175716028,0.007346206684553451,0.03209097779372115,-0.022059188253299233,18.687159064480728,-3.5824976651439044,nan,MODEL_NOT_IDENTIFIED
0.88,0.34839483566523066,0.06137611526321416,0.0,0.34839483566523066,0.0,1.741149398381011,-0.1720220757923897,-0.8610554961918592,0.008217308958066353,0.03536887271003635,-0.023056765836821938,20.595936792961776,-3.7445081309295385,nan,MODEL_NOT_IDENTIFIED
0.9,0.3809251426618138,0.057488236996043524,0.0,0.3809251426618138,0.0,1.5075512949274852,-0.21641323335951804,-0.9298165809949295,0.008984575162174293,0.03819331557877092,-0.023742982411555792,22.2406611605349,-3.8559523621740586,nan,MODEL_NOT_IDENTIFIED
0.92,0.4085333867853343,0.05273585052919061,0.0,0.4085333867853343,0.0,1.2494617453876913,-0.25836642566131635,-0.986415969876763,0.0096357486255223,0.04051820240625291,-0.024103853842778557,23.594484974546962,-3.9145592812015226,nan,MODEL_NOT_IDENTIFIED
0.9400000000000001,0.43076213947058334,0.0471740188620699,0.0,0.43076213947058334,0.0,0.9701817092317824,-0.2972562835011871,-1.0298872467962212,0.010160040348212057,0.042303836510799026,-0.02412979076772215,24.634292136457237,-3.918771538333765,nan,MODEL_NOT_IDENTIFIED
0.96,0.44722350963496693,0.04086998187154902,0.0,0.44722350963496693,0.0,0.6733566446915773,-0.33249198847821665,-1.0594357683041593,0.010548301455055252,0.04351757697306437,-0.023815794618323283,25.341075246250377,-3.8677773467448073,nan,MODEL_NOT_IDENTIFIED
0.98,0.4576055757736005,0.03390237648725281,0.0,0.4576055757736005,0.0,0.3629298635487388,-0.3635260829435937,-1.07445224599733,0.01079317490423062,0.044134396551397934,-0.02316159161338757,25.70026048667831,-3.761532243307613,nan,MODEL_NOT_IDENTIFIED
1.0,0.46167783565714066,0.026360285352760877,0.0,0.46167783565714066,0.0,0.04309104023191623,-0.3898627903181113,-1.0745239028631266,0.01088922402492638,0.044137339941895254,-0.022171701972531804,25.701974476409813,-3.600770329206557,nan,MODEL_NOT_IDENTIFIED
1.02,0.45929558318920927,0.018342125016640246,0.0,0.45929558318920927,0.0,-0.28177946564884604,-0.4110657216603216,-1.059443012624354,0.010833035750758278,0.04351787454208282,-0.020855442479802578,25.34124852609296,-3.3870046862790257,nan,MODEL_NOT_IDENTIFIED
1.04,0.45040313585905944,0.009954387113054016,0.0,0.45040313585905944,0.0,-0.6071697460438576,-0.4267648513136602,-1.0292126654592457,0.010623296743101496,0.042276127284685744,-0.019226861438915124,24.61815655095838,-3.1225168134941184,nan,MODEL_NOT_IDENTIFIED
1.06,0.4350358513756497,0.0013102482510844431,0.0,0.4350358513756497,0.0,-0.928498154350687,-0.43666265314800623,-0.984049640420725,0.010260840955817623,0.04042100262564554,-0.017304606002255425,23.537883777384376,-2.8103350806684064,nan,MODEL_NOT_IDENTIFIED
1.08,0.4133208882954633,-0.007471933599121749,0.0,0.4133208882954633,0.0,-1.241176953743317,-0.4405392992483625,-0.9243843040265048,0.009748667575571666,0.03797017837858858,-0.015111722809245094,22.11072431723229,-2.454202351363743,nan,MODEL_NOT_IDENTIFIED
1.1,0.38547668254428036,-0.01627021658854872,0.0,0.38547668254428036,0.0,-1.540676931768346,-0.4382568347676645,-0.8508574953163658,0.009091928674971847,0.034949977764870355,-0.012675393823118098,20.352006660264,-2.0585330817560106,nan,MODEL_NOT_IDENTIFIED
1.12,0.3518111294536206,-0.024960745109638798,0.0,0.3518111294536206,0.0,-1.8225920833423357,-0.4297622559059808,-0.764314399622305,0.008297886333724407,0.03139511777144004,-0.01002661019515607,18.281947138357225,-1.6283603549229584,nan,MODEL_NOT_IDENTIFIED
1.1400000000000001,0.312718479044565,-0.033419470006504505,0.0,0.312718479044565,0.0,-2.0827034509005395,-0.4150894324368333,-0.6657954557951636,0.0073758394101886005,0.027348335654421914,-0.007199787898531641,15.925432431759225,-1.1692734582907074,nan,MODEL_NOT_IDENTIFIED
1.16,0.26867497054513095,-0.04152389530849671,0.0,0.26867497054513095,0.0,-2.3170412097292377,-0.39435983168595273,-0.5565243840860927,0.006337020576246883,0.0228598971701895,-0.00423232974686795,13.311733203111885,-0.6873467537503701,nan,MODEL_NOT_IDENTIFIED
1.18,0.2202332502668477,-0.049154827220582495,0.0,0.2202332502668477,0.0,-2.521944098647028,-0.36778201717428477,-0.4378934636934815,0.005194464656246467,0.017986991833196193,-0.00116413923257114,10.47415194510585,-0.18906072311907357,nan,MODEL_NOT_IDENTIFIED
1.2,0.1680156347342746,-0.05619810073650627,0.0,0.1680156347342746,0.0,-2.694115321191348,-0.3356499120469068,-0.3114462295571903,0.0039628497298501856,0.012793022166337306,0.0019629076253654554,7.449609098060828,0.3187838058235515,nan,MODEL_NOT_IDENTIFIED
1.22,0.11270629810220222,-0.06254625921554766,0.0,0.11270629810220222,0.0,-2.830674080140644,-0.2983398346925562,-0.17885779672280347,0.0026583128629255708,0.007346795500945091,0.005105525556597257,4.27817242038771,0.8291571374167236,nan,MODEL_NOT_IDENTIFIED
1.24,0.055042479158779044,-0.068100162585939,0.0,0.055042479158779044,0.0,-2.9292019582040663,-0.256306331376151,-0.04191305693745239,0.001298242714195188,0.0017216283761795404,0.008219610979900965,1.0025354640918889,1.3348966791415036,nan,MODEL_NOT_IDENTIFIED
1.26,-0.004195181642686195,-0.0727705005079258,0.0,-0.004195181642686195,0.0,-2.9877834195047646,-0.21007684801522028,0.09751697447011085,-9.894837742740158e-05,-0.004005625040842546,0.011260852657773589,-2.3325481938271597,1.8288061142943353,nan,MODEL_NOT_IDENTIFIED
1.28,-0.06419305088403784,-0.07647918784240462,0.0,-0.06419305088403784,0.0,-3.0050397793613843,-0.1602453001849589,0.2375003534407775,-0.0015140698944856852,-0.009755607863356344,0.01418535372604904,-5.680867597275527,2.3037564220075253,nan,MODEL_NOT_IDENTIFIED
1.3,-0.12411552014029206,-0.07916062111751676,0.0,-0.12411552014029206,0.0,-2.980156072960824,-0.10746461679167117,0.37607060978089407,-0.002927413012700036,-0.015447545002793224,0.0169502564836605,-8.995385945497803,2.7527873455280925,nan,MODEL_NOT_IDENTIFIED
1.32,-0.18311648624115304,-0.08076277635113481,0.0,-0.18311648624115304,0.0,-2.912900345783123,-0.052438348371752964,0.5112540018638586,-0.004319021376668559,-0.021000362687877656,0.01951436116959135,-12.228892509374992,3.169207883992736,nan,MODEL_NOT_IDENTIFIED
1.34,-0.2403511383294954,-0.08124813055277998,0.0,-0.2403511383294954,0.0,-2.803634988912295,0.004088554577353301,0.6410972508626934,-0.005668969111741383,-0.0263338276810261,0.02183872991750651,-15.334666017819016,3.5466943770006605,nan,MODEL_NOT_IDENTIFIED
1.36,-0.2949878897327027,-0.08059439147057948,0.0,-0.2949878897327027,0.0,-2.6533198493416137,0.061339674665146816,0.7636953700227446,-0.006957642251479389,-0.031369690398631404,0.023887267165736265,-18.26714031747065,3.8793847654443874,nan,MODEL_NOT_IDENTIFIED
1.3800000000000001,-0.3462202883799671,-0.07879502263962235,0.0,-0.3462202883799671,0.0,-2.4635069576423683,0.11851764183332814,0.8772191978250957,-0.008166019659093778,-0.03603281586830819,0.02562726801167768,-20.98256294963897,4.161967646389757,nan,MODEL_NOT_IDENTIFIED
1.4000000000000001,-0.39327873750142006,-0.07585955349581032,0.0,-0.39327873750142006,0.0,-2.236326831401415,0.17481508849936225,0.9799422426568327,-0.009275949474155663,-0.040252286405467984,0.027029926334022004,-23.439637258893036,4.389764794094938,nan,MODEL_NOT_IDENTIFIED
1.42,-0.4354418586930577,-0.07181366720884534,0.0,-0.4354418586930577,0.0,-1.9744664310607314,0.2294258972215224,1.0702664508863868,-0.01027041712407513,-0.043962460067484874,0.028070794960494975,-25.60013875014152,4.558805893034888,nan,MODEL_NOT_IDENTIFIED
1.44,-0.47204733215237915,-0.06669906192111007,0.0,-0.47204733215237915,0.0,-1.6811389635746823,0.28155658631067415,1.1467465200567275,-0.011133801004026143,-0.047103969346856366,0.028730190728263473,-27.429496645794163,4.66589432128125,nan,MODEL_NOT_IDENTIFIED
1.46,-0.5025020539779222,-0.060573084215094324,0.0,-0.5025020539779222,0.0,-1.3600458469703183,0.33043767473059454,1.208112394194302,-0.011852112049006507,-0.049624645192619,0.028993537962378864,-28.897331960210078,4.708662932732734,nan,MODEL_NOT_IDENTIFIED
1.48,-0.5262914578424399,-0.05350813682789627,0.0,-0.5262914578424399,0.0,-1.0153312637779448,0.37533486572615077,1.2532895988474164,-0.012413213596650569,-0.05148035229609614,0.02885164467653405,-29.977943901755502,4.685618913188515,nan,MODEL_NOT_IDENTIFIED
1.5,-0.5429878580219327,-0.045590865842941364,0.0,-0.5429878580219327,0.0,-0.6515298417347188,0.4155598889542034,1.2814170991972393,-0.01280701816754909,-0.05263572263392479,0.028300906670416005,-30.650737028227677,4.5961769265492824,nan,MODEL_NOT_IDENTIFIED
1.52,-0.5522576825859274,-0.03692113577134111,0.0,-0.5522576825859274,0.0,-0.2735081045342258,0.45048084349186124,1.2918623951356478,-0.0130256580686945,-0.0530647755162281,0.02734343564802929,-30.900582312164296,4.440679921729518,nan,MODEL_NOT_IDENTIFIED
1.54,-0.553867479391287,-0.027610804042972746,0.0,-0.553867479391287,0.0,0.11359956785592207,0.47953188895536014,1.2842336022125869,-0.013063627052029427,-0.052751413825814074,0.025987108499257422,-30.718106109939406,4.220407136174058,nan,MODEL_NOT_IDENTIFIED
1.56,-0.5476885932051624,-0.01778230941554254,0.0,-0.5476885932051624,0.0,0.5044596421282447,0.502222139043085,1.2583883063894044,-0.012917890629986413,-0.05168978773763949,0.024245535959201245,-30.09990196221155,3.9375690060131783,nan,MODEL_NOT_IDENTIFIED
1.58,-0.5337004296168287,-0.007567091634805538,0.0,-0.5337004296168287,0.0,0.8936118934358132,0.5181436210489948,1.2144390230989752,-0.01258796305875295,-0.04988451895616,0.022137949972116832,-29.048661171404326,3.595288873529579,nan,MODEL_NOT_IDENTIFIED
1.6,-0.5119922401614527,0.0028961377013433896,0.0,-0.5119922401614527,0.0,1.275544656154391,0.5269781761774988,1.1527551366568984,-0.01207594944255093,-0.04735078037893822,0.019689010223937414,-27.573219191271875,3.197571567290139,nan,MODEL_NOT_IDENTIFIED
1.62,-0.48276338302648014,0.013463250747801369,0.0,-0.48276338302648014,0.0,1.6447718409545966,0.5285031886969119,1.0739612439895534,-0.011386551882708679,-0.0441142280633153,0.01692853145371158,-25.68851600985642,2.749259116466647,nan,MODEL_NOT_IDENTIFIED
1.6400000000000001,-0.44632203457838093,0.023986661066742396,0.0,-0.44632203457838093,0.0,1.9959106564776619,0.5225960469363387,0.9789318763014592,-0.010527039087477921,-0.04021078441265595,0.013891134293784097,-23.415469894901932,2.255974045927958,nan,MODEL_NOT_IDENTIFIED
1.6600000000000001,-0.40308234845237667,0.034317357135256944,0.0,-0.40308234845237667,0.0,2.3237589492861823,0.5092372556734462,0.8687826230198417,-0.009507179365766633,-0.03568627358187553,0.010615823505021552,-20.78076508387238,1.7240508800060423,nan,MODEL_NOT_IDENTIFIED
1.68,-0.35356008079605794,0.044306984077677664,0.0,-0.35356008079605794,0.0,2.6233710661185374,0.48851213736662746,0.7448577334280645,-0.008339137443276565,-0.03059591219987206,0.007145498550779418,-17.81655522237665,1.1604566578114135,nan,MODEL_NOT_IDENTIFIED
1.7,-0.2983667221461035,0.05380994493187571,0.0,-0.2983667221461035,0.0,2.890131148155559,0.4606110787208133,0.6087143221162707,-0.0070373360557960596,-0.02500366058973423,0.003526402475884755,-14.560085567915358,0.5727014290439878,nan,MODEL_NOT_IDENTIFIED
1.72,-0.23820219803751733,0.06268549208648543,0.0,-0.23820219803751733,0.0,3.119822788142402,0.4258282989888833,0.4621033540170603,-0.005618283784337193,-0.018981441706596464,-0.00019248399050867532,-11.053238163211663,-0.03126014605146571,nan,MODEL_NOT_IDENTIFIED
1.74,-0.1738462214882882,0.07079977925848253,0.0,-0.1738462214882882,0.0,3.3086940177131017,0.3845591369315253,0.3069476326413217,-0.004100371093142083,-0.012608236978396685,-0.003960095321151535,-7.342005327867138,-0.6431348279395922,nan,MODEL_NOT_IDENTIFIED
1.76,-0.10614840066441435,0.07802784452717483,0.0,-0.10614840066441435,0.0,3.4535166438378386,0.3372958742065432,0.14531706048492884,-0.0025036370071290304,-0.005969070097826634,-0.007723972508598436,-3.475897901962541,-1.2544030705006126,nan,MODEL_NOT_IDENTIFIED
1.78,-0.03601722401428446,0.08425549550512594,0.0,-0.03601722401428446,0.0,3.5516390194345324,0.28462213384450896,-0.02059851723323559,-0.0008495093131106339,0.0008461084532412843,-0.011430983597007689,0.49270431562279315,-1.8564360381871035,nan,MODEL_NOT_IDENTIFIED
1.8,0.03559193731654295,0.08938106870663998,0.0,0.03559193731654295,0.0,3.6010314131258365,0.22720591309728944,-0.18851853595629892,0.0008394784176054668,0.007743621788850485,-0.01502806367058269,4.50925157324875,-2.4406157830147834,nan,MODEL_NOT_IDENTIFIED
1.82,0.10768965418640171,0.09331703656211615,0.0,0.10768965418640171,0.0,3.600323235943691,0.16579133002485955,-0.3561026187652095,0.0025399893151323775,0.014627336159539369,-0.018462964132046122,8.517763443045496,-2.998456930290637,nan,MODEL_NOT_IDENTIFIED
1.84,0.17926592185390916,0.09599143730790441,0.0,0.17926592185390916,0.0,3.548831487355434,0.10118918242317891,-0.5209827543651591,0.004228201209450827,0.021399982701184296,-0.021685000832901185,12.46159849926453,-3.5217281778667955,nan,MODEL_NOT_IDENTIFIED
1.86,0.2493041190305734,0.09734910513658025,0.0,0.2493041190305734,0.0,3.446579897995936,0.034266435808802995,-0.6807963098711503,0.005880135871363088,0.0279645134742046,-0.024645790489045562,16.284243964530187,-4.002571892890309,nan,MODEL_NOT_IDENTIFIED
1.8800000000000001,0.3167952533243095,0.09735268049658595,0.0,0.3167952533243095,0.0,3.294308370461704,-0.034065226106650165,-0.8332194243747882,0.007471995008319076,0.034225473143806716,-0.027299964834356316,19.93011446415221,-4.433620093113112,nan,MODEL_NOT_IDENTIFIED
1.9000000000000001,0.3807522961379768,0.09598338325246768,0.0,0.3807522961379768,0.0,3.093472450831037,-0.10286163995212998,-0.9760003176244473,0.00898049837014612,0.04009036717340971,-0.029605852132924767,23.345348750000564,-4.808105127120243,nan,MODEL_NOT_IDENTIFIED
1.92,0.44022440610149904,0.09324153452207368,0.0,0.44022440610149904,0.0,2.846232700468846,-0.1711590285617233,-1.106992042906987,0.010383219225709969,0.04547100718799231,-0.03152611598738092,26.47859313001095,-5.119963419277503,nan,MODEL_NOT_IDENTIFIED
1.94,0.4943108389089629,0.08914681635518996,0.0,0.4943108389089629,0.0,2.555433978302346,-0.23798732140370477,-1.2241842145437642,0.011658912443062046,0.05028481421850958,-0.03302834184379703,29.281760371072473,-5.3639307204008615,nan,MODEL_NOT_IDENTIFIED
1.96,0.5421743430587493,0.08373826196532057,0.0,0.5421743430587493,0.0,2.2245747861828913,-0.3023837480094146,-1.3257332483789415,0.012787830443994798,0.05445606086570973,-0.034085562198492014,31.710753033572843,-5.535627403376988,nan,MODEL_NOT_IDENTIFIED
1.98,0.5830538454715124,0.07707397292539912,0.0,0.5830538454715124,0.0,1.857766972196141,-0.36340651647592775,-1.409990668223595,0.013752022409516567,0.05791703402079848,-0.03467671225210508,33.7261405447535,-5.631632463150742,nan,MODEL_NOT_IDENTIFIED
2.0,0.6162762382639482,0.06923056353908005,0.0,0.6162762382639482,0.0,1.4596862268388666,-0.4201483853173393,-1.4755290523107172,0.014535612285010598,0.06060910064676006,-0.03478700862300071,35.2937798225248,-5.649545021249898,nan,MODEL_NOT_IDENTIFIED
2.02,0.6412670880219156,0.06030233644970839,0.0,0.6412670880219156,0.0,1.0355139428406184,-0.47174993579161734,-1.521165221206454,0.015125051371252285,0.06248366024923124,-0.03440824471493852,36.38536991655062,-5.588032294639452,nan,MODEL_NOT_IDENTIFIED
2.04,0.6575601016408218,0.05040019739549048,0.0,0.6575601016408218,0.0,0.590871139098162,-0.5174123533862329,-1.545980302012677,0.015509341587577948,0.06350296903734796,-0.033538997420734955,36.978931932074104,-5.446863165197384,nan,MODEL_NOT_IDENTIFIED
2.06,0.6648051980416112,0.039650320807484686,0.0,0.6648051980416112,0.0,0.13174527079574672,-0.5564095314216094,-1.5493363426973306,0.01568022585296203,0.06364082237701095,-0.032184741020471516,37.05920643484591,-5.226926677225107,nan,MODEL_NOT_IDENTIFIED
2.08,0.6627750526470626,0.02819258162257198,0.0,0.6627750526470626,0.0,-0.33558914052188427,-0.5880993167041744,-1.530889194529572,0.01563234244531924,0.06288308395214262,-0.03035786538431457,36.617961591332474,-4.930234993655939,nan,MODEL_NOT_IDENTIFIED
2.1,0.6513700011998481,0.016178772193160586,0.0,0.6513700011998481,0.0,-0.804655023086534,-0.6119337267694012,-1.4905974293250548,0.015363340663919537,0.061228052051081845,-0.028077596899588362,35.65420646393452,-4.559910554305317,nan,MODEL_NOT_IDENTIFIED
2.12,0.6306212110724918,0.003770626467236011,0.0,0.6306212110724918,0.0,-1.2688612965417403,-0.6274679804006572,-1.4287271108991433,0.014873955628527122,0.058686655559666984,-0.02536982189172046,34.17430514131808,-4.120157398747975,nan,MODEL_NOT_IDENTIFIED
2.14,0.6006920513817047,-0.00886232336294655,0.0,0.6006920513817047,0.0,-1.7215942460927658,-0.6343681976557318,-1.345852296094034,0.014168040595185978,0.05528247454151734,-0.022266813680578423,32.191988722686084,-3.616216839209204,nan,MODEL_NOT_IDENTIFIED
2.16,0.5618776176709627,-0.021545029834068377,0.0,0.5618776176709627,0.0,-2.156310479741066,-0.6324176424076793,-1.2428511992457818,0.013252555745289898,0.05105158268898079,-0.01880686578849359,29.72826357410443,-3.0543078921263653,nan,MODEL_NOT_IDENTIFIED
2.18,0.5146023923386354,-0.034099322542324825,0.0,0.5146023923386354,0.0,-2.566630179565341,-0.6215213992043245,-1.1208980141990663,0.01213751300398124,0.046042211402719704,-0.015033835174574565,26.8112157159454,-2.441553097631162,nan,MODEL_NOT_IDENTIFIED
2.2,0.4594160480193791,-0.046346377606011506,0.0,0.4594160480193791,0.0,-2.9464293360345692,-0.6017093968343402,-0.981450449135727,0.010835877057880975,0.04031423777005294,-0.010996600692365934,23.47571266337907,-1.7858905709746022,nan,MODEL_NOT_IDENTIFIED
2.22,0.3969874274153204,-0.05810923050125839,0.0,0.3969874274153204,0.0,-3.28992965054643,-0.5731377130916345,-0.8262330907078369,0.009363423362205676,0.03393850122704981,-0.006748443235360918,19.763005506302868,-1.0959733357559427,nan,MODEL_NOT_IDENTIFIED
2.24,0.3280967592536033,-0.0692152974334284,0.0,0.3280967592536033,0.0,-3.591784806082182,-0.5360881185631802,-0.6572167743948634,0.007738554544814795,0.02699595617155573,-0.0023463552286952204,15.720235460519906,-0.38105718269762817,nan,MODEL_NOT_IDENTIFIED
2.2600000000000002,0.25362619574745027,-0.07949886980445285,0.0,0.25362619574745027,0.0,-3.847161839104918,-0.4909658415163422,-0.4765941967740633,0.005982077220910442,0.01957667020836006,0.0021497117723217572,11.399850527710733,0.3491215232692539,nan,MODEL_NOT_IDENTIFIED
2.2800000000000002,0.17454878178991629,-0.08880354622559217,0.0,0.17454878178991629,0.0,-4.051816397389812,-0.43829556080088355,-0.28675206165194767,0.004116941818276761,0.011778680018608677,0.006677651622152926,6.858939247417616,1.0844765034102888,nan,MODEL_NOT_IDENTIFIED
2.3000000000000003,0.09191598975078293,-0.09698456691414767,0.0,0.09191598975078293,0.0,-4.2021607378889065,-0.378715658766013,-0.09024010492428539,0.0021679485705534576,0.0037067190193002435,0.011174049638559546,2.158489790066555,1.814708967559335,nan,MODEL_NOT_IDENTIFIED
2.32,0.006843975827392865,-0.10391101620293534,0.0,0.006843975827392865,0.0,-4.295323405267084,-0.31297079117370724,0.11026260817978405,0.0001614233568297337,-0.004529167017265554,0.015575058812399178,-2.637416192965023,2.5294499139855615,nan,MODEL_NOT_IDENTIFIED
2.34,-0.07950126591330986,-0.10946786027724346,0.0,-0.07950126591330986,0.0,-4.329199634416707,-0.2419028556123621,0.3119836759025724,-0.0018751324580333136,-0.012815098410507821,0.019817294234013495,-7.462464495892969,3.2184053877052725,nan,MODEL_NOT_IDENTIFIED
2.36,-0.1659196576825741,-0.11355778912284334,0.0,-0.1659196576825741,0.0,-4.3024916378411,-0.16644046362743128,0.5120951668966933,-0.003913413603823938,-0.021034914536284692,0.023838733374474362,-12.249012678081115,3.8715026896454128,nan,MODEL_NOT_IDENTIFIED
2.38,-0.25119349069566854,-0.11610283400073103,0.0,-0.25119349069566854,0.0,-4.214738069839834,-0.0875870443424841,0.7077527332162795,-0.005924698962199548,-0.029071780439258958,0.02757960960640149,-16.929025623594004,4.479035487887291,nan,MODEL_NOT_IDENTIFIED
2.4,-0.3341043541128646,-0.11704573453316577,0.0,-0.3341043541128646,0.0,-4.066332102269641,-0.006407728410953078,0.8961354958324717,-0.007880250856010625,-0.03680982517761165,0.030983286269910662,-21.43502957907203,5.031805769364113,nan,MODEL_NOT_IDENTIFIED
2.42,-0.41345030804113747,-0.11635103265823259,0.0,-0.41345030804113747,0.0,-3.858527699442506,0.0759848196019462,1.0744861508707881,-0.009751720095088633,-0.04413578923416797,0.03399709868802616,-25.701071471143084,5.521260586427277,nan,MODEL_NOT_IDENTIFIED
2.44,-0.4880630617891227,-0.11400587424743283,0.0,-0.4880630617891227,0.0,-3.5934338404401442,0.15844543515267492,1.2401507340227536,-0.011511551145938237,-0.05094065788662648,0.03657315181366348,-29.663670047565127,5.939621597807743,nan,MODEL_NOT_IDENTIFIED
2.46,-0.5568249151906118,-0.11002050303785743,0.0,-0.5568249151906118,0.0,-3.2739966036144548,0.23981215393407074,1.3906174776236526,-0.013133381713117601,-0.05712125730797676,0.038669061645616384,-33.262745315480714,6.280005477445763,nan,MODEL_NOT_IDENTIFIED
2.48,-0.6186852208033304,-0.10442843565735095,0.0,-0.6186852208033304,0.0,-2.9039691980390057,0.3189223661740167,1.5235541998619502,-0.01459243101988907,-0.06258179037248919,0.04024862917990142,-36.442512869131434,6.536533366801207,nan,MODEL_NOT_IDENTIFIED
2.5,-0.6726761281966245,-0.09728631086326385,0.0,-0.6726761281966245,0.0,-2.487870197827853,0.3946292034819647,1.6368436785333318,-0.015865871156077984,-0.06723528967449197,0.04128243645885394,-39.15233000907506,6.704427675536809,nan,MODEL_NOT_IDENTIFIED
2.52,-0.7179273783631911,-0.08867341061465717,0.0,-0.7179273783631911,0.0,-2.0309304051476085,0.46581793036340585,1.7286164826012296,-0.0169331760219708,-0.07100496612354319,0.04174835523461881,-41.34748105364155,6.780094690440437,nan,MODEL_NOT_IDENTIFIED
2.54,-0.753679926477149,-0.07869085519289093,0.0,-0.753679926477149,0.0,-1.5390289340032142,0.5314221093045334,1.7972807633913137,-0.017776442637360085,-0.07382543265297299,0.04163195986486645,-42.98988992663672,6.761191631289608,nan,MODEL_NOT_IDENTIFIED
2.56,-0.7792981846764472,-0.06746047921291635,0.0,-0.7792981846764472,0.0,-1.0186192670821768,0.5904393083260498,1.8415485432337027,-0.018380679902212742,-0.07564378405694858,0.04092683729319419,-44.04874896607247,6.646676992870023,nan,MODEL_NOT_IDENTIFIED
2.58,-0.7942806931273055,-0.055123399962492804,0.0,-0.7942806931273055,0.0,-0.47664618975312334,0.6419461231608611,1.8604580823686587,-0.018734060286489863,-0.07642051573757498,0.039634788319178056,-44.50105392728581,6.4368432320120235,nan,MODEL_NOT_IDENTIFIED
2.6,-0.7982690471414613,-0.041838294003713174,0.0,-0.7982690471414613,0.0,0.07954535352459868,0.6851122927244092,1.8533919544399486,-0.01882813038688582,-0.07613026617715908,0.03776591581597788,-44.332036338019684,6.133331094471562,nan,MODEL_NOT_IDENTIFIED
2.62,-0.7910549303288539,-0.027779402305873224,0.0,-0.7910549303288539,0.0,0.6423083067509328,0.7192136962718608,1.820090516306608,-0.018657976812147595,-0.074762370226656,0.03533859708766801,-43.53548568833173,5.739125125653576,nan,MODEL_NOT_IDENTIFIED
2.64,-0.7725851284031003,-0.013134288287483292,0.0,-0.7725851284031003,0.0,1.2037971666683356,0.7436440334805252,1.7606605185088002,-0.018222344439674538,-0.07232121279073617,0.03237933915355452,-42.113955387830906,5.258530168224236,nan,MODEL_NOT_IDENTIFIED
2.66,-0.7429644250007944,0.001898623032973324,0.0,-0.7429644250007944,0.0,1.756075879536661,0.7579250045207435,1.6755786677440287,-0.0175237047168806,-0.06882637516070841,0.028922517380994998,-40.07884797799562,4.6971289150679265,nan,MODEL_NOT_IDENTIFIED
2.68,-0.702456309380325,0.017112693100948928,0.0,-0.702456309380325,0.0,2.29122850732245,0.7617148258021346,1.5656900212902098,-0.01656827235311755,-0.06431256906354915,0.025009999539151655,-37.45037672772597,4.061720854159734,nan,MODEL_NOT_IDENTIFIED
2.7,-0.6514814557539162,0.03229587034946611,0.0,-0.6514814557539162,0.0,2.8014711409323585,0.7548149382805406,1.432201164534206,-0.015365969452902051,-0.058829356420819136,0.020690658990632785,-34.257402443872394,3.3602432090013314,nan,MODEL_NOT_IDENTIFIED
2.72,-0.5906139648755852,0.04723360579673719,0.0,-0.5906139648755852,0.0,3.27926349947661,0.7371747887209995,1.2766681956604016,-0.013930336869271741,-0.05244065580553857,0.01601978235282972,-30.53714607211258,2.601674740526432,nan,MODEL_NOT_IDENTIFIED
2.74,-0.5205753899359282,0.06171184419207221,0.0,-0.5205753899359282,0.0,3.7174186373843154,0.7088945898339478,1.1009796151189797,-0.012278393297367409,-0.04522403960686333,0.011058378522753211,-26.334779423180542,1.7959235300562664,nan,MODEL_NOT_IDENTIFIED
2.7600000000000002,-0.442226600366601,0.07552004957223851,0.0,-0.442226600366601,0.0,4.109209186047371,0.6702259924035876,0.9073342906994663,-0.010430443372528898,-0.037269828919424236,0.0058723974455548705,-21.702898110494278,0.9537001042797155,nan,MODEL_NOT_IDENTIFIED
2.7800000000000002,-0.3565575683897956,0.08845422303614331,0.0,-0.3565575683897956,0.0,4.448468583779569,0.6215706310484985,0.6982147408445359,-0.008409836773846956,-0.028679996123849007,0.0005318683956787307,-16.700882502867188,0.08637748877263911,nan,MODEL_NOT_IDENTIFIED
2.8000000000000003,-0.264675193616071,0.10031987007185403,0.0,-0.264675193616071,0.0,4.729685797168026,0.5634765347112283,0.4763560482199815,-0.006242681052738523,-0.019566887974888873,-0.004890031190210706,-11.394154155538562,-0.7941600171434506,nan,MODEL_NOT_IDENTIFIED
2.82,-0.1677893102573012,0.11093487489125918,0.0,-0.1677893102573012,0.0,4.948092107976755,0.49663242296322274,0.24471078149711262,-0.003957511596325582,-0.01005178472215032,-0.010317964157287147,-5.853336760012731,-1.6756773675473418,nan,MODEL_NOT_IDENTIFIED
2.84,-0.06719704915092263,0.12013223995062762,0.0,-0.06719704915092263,0.0,5.099738631936057,0.4218599393185453,0.0064103648261308824,-0.0015849227870704866,-0.00026331331553314675,-0.01567546620626713,-0.15333212477328959,-2.5457564638896053,nan,MODEL_NOT_IDENTIFIED
2.86,0.0357342476251571,0.12776265015807273,0.0,0.0357342476251571,0.0,5.181563348008445,0.34010390255139555,-0.2352766093454727,0.0008428349764693988,0.00966426494504925,-0.02088600864522578,5.627676957376965,-3.3919687500062867,nan,MODEL_NOT_IDENTIFIED
2.88,0.13958533861978034,0.13369682318111215,0.0,0.13958533861978034,0.0,5.191446547756431,0.25242068608397594,-0.4769885784929435,0.0032922871869352365,0.01959286990382212,-0.02587407674942358,11.40928390452591,-4.202050341934075,nan,MODEL_NOT_IDENTIFIED
2.9,0.24290438007829318,0.13782760975031985,0.0,0.24290438007829318,0.0,5.128253762661786,0.15996486343268854,-0.7153171306971547,0.005729190372640512,0.02938249701073715,-0.03056624873739848,17.10996152503354,-4.9640772578093495,nan,MODEL_NOT_IDENTIFIED
2.92,0.3442269497039928,0.14007181088137483,0.0,0.3442269497039928,0.0,4.991865390807027,0.0639742840623038,-0.9468544239620206,0.00811900438193771,0.03889316512600889,-0.0348922601555219,22.648196259480986,-5.6666382780452205,nan,MODEL_NOT_IDENTIFIED
2.94,0.44209652477651296,0.14037168247245718,0.0,0.44209652477651296,0.0,4.783192421133581,-0.034246231593721914,-1.168241253395268,0.01042737538413689,0.04798689093640466,-0.03878603845864214,27.943637919126797,-6.299002965237639,nan,MODEL_NOT_IDENTIFIED
2.96,0.5350851321178791,0.13869610173411348,0.0,0.5350851321178791,0.0,4.504177841226946,-0.13334236710441508,-1.3762150973434426,0.012620622923657123,0.05652966250705491,-0.042186692784333304,32.91824892096109,-6.851282407339413,nan,MODEL_NOT_IDENTIFIED
2.98,0.6218138810658248,0.13504137432443356,0.0,0.6218138810658248,0.0,4.157783510751019,-0.23192872474534673,-1.567657464616531,0.014666224214764222,0.06439338412469287,-0.04503944434263983,37.49743680523765,-7.31458031656054,nan,MODEL_NOT_IDENTIFIED
3.0,0.7009730882686371,0.12943166583712698,0.0,0.7009730882686371,0.0,3.7479624846116257,-0.32860793323943077,-1.739639865417816,0.01653328880893099,0.07145776460795934,-0.047296483479036575,41.61115383285166,-7.681132219714565,nan,MODEL_NOT_IDENTIFIED
3.02,0.7713417048444998,0.12191904636148772,0.0,0.7713417048444998,0.0,3.2796169749051804,-0.4219901886524252,-1.88946773863434,0.018193016807629563,0.07761212167280283,-0.04891774030957115,45.19494770007509,-7.944430612352383,nan,MODEL_NOT_IDENTIFIED
3.04,0.8318057622829983,0.11258314213387409,0.0,0.8318057622829983,0.0,2.7585423458532845,-0.5107129588578448,-2.014721687733226,0.01961913393098392,0.08275707574568267,-0.04987155686479655,48.19094787674047,-8.09933411754186,nan,MODEL_NOT_IDENTIFIED
3.06,0.8813755633816577,0.10153039375862744,0.0,0.8813755633816577,0.0,2.1913577383473197,-0.5934605759503583,-2.1132954065049634,0.02078829698657232,0.08680610780832182,-0.050135249901219654,50.54877276752722,-8.142158888628312,nan,MODEL_NOT_IDENTIFIED
3.08,0.9192013584227012,0.08889292601750907,0.0,0.9192013584227012,0.0,1.5854241175362658,-0.6689834387545861,-2.1834297140177585,0.02168046361080845,0.0896869574237035,-0.04969555493090397,52.2263438078842,-8.07075072136287,nan,MODEL_NOT_IDENTIFIED
3.1,0.9445872645637483,0.07482703983375555,0.0,0.9445872645637483,0.0,0.9487507252329928,-0.736116549231628,-2.223742164985828,0.02227922057442172,0.09134283901696325,-0.048548943564290015,53.190593726477985,-7.884536591606413,nan,MODEL_NOT_IDENTIFIED
3.12,0.9570032078436592,0.05951134243158875,0.0,0.9570032078436592,0.0,0.28989109601586094,-0.7937971121590436,-2.233251756769061,0.02257206544895049,0.09173345674461622,-0.04670180793856415,53.41805752197148,-7.584554607211438,nan,MODEL_NOT_IDENTIFIED
3.14,0.9560946920396167,0.04314453705626409,0.0,0.9560946920396167,0.0,-0.382170040889402,-0.8410809369270013,-2.2113983167490288,0.022550637016922073,0.09083580085395256,-0.044170507792200074,52.895336197559786,-7.173461653110037,nan,MODEL_NOT_IDENTIFIED
3.16,0.9416902265507036,0.025942898716327788,0.0,0.9416902265507036,0.0,-1.0581375050417685,-0.8771573935742246,-2.1580562230890448,0.022210890467372353,0.0886447112794817,-0.04098127762193284,51.61942495341336,-6.655518313246656,nan,MODEL_NOT_IDENTIFIED
3.18,0.9138062761756147,0.00813746720366175,0.0,0.9138062761756147,0.0,-1.7285324564888294,-0.901362692147684,-2.073542187000175,0.02155321414227417,0.08517319730871134,-0.03716999329615957,49.59789933386537,-6.036550967689858,nan,MODEL_NOT_IDENTIFIED
3.2,0.8726496287029752,-0.010029006933674013,0.0,0.8726496287029752,0.0,-2.383823531314179,-0.9131912749213884,-1.958616904622487,0.020582485378987134,0.08045250543512308,-0.032781799472126366,46.848954739431555,-5.323891283739493,nan,MODEL_NOT_IDENTIFIED
3.22,0.8186171112085412,-0.028305323813338605,0.0,0.8186171112085412,0.0,-3.014560531765034,-0.9123051347120199,-1.8144804704307245,0.019308063818787753,0.07453193095838682,-0.027870601145920854,43.40129671819412,-4.526293641674924,nan,MODEL_NOT_IDENTIFIED
3.24,0.7522926223877141,-0.046435259909617596,0.0,0.7522926223877141,0.0,-3.611508820921755,-0.8985408991932193,-1.6427615305569594,0.017743721410881777,0.06747837244426257,-0.02249842462641141,39.29388151971263,-3.6538313544461527,nan,MODEL_NOT_IDENTIFIED
3.2600000000000002,0.6744414856506658,-0.06416111197448517,0.0,0.6744414856506658,0.0,-4.165782536345508,-0.8719145504009969,-1.4455002424071177,0.015907509223397735,0.05937563177069862,-0.016734655138917767,34.57550849915751,-2.717772851555169,nan,MODEL_NOT_IDENTIFIED
3.2800000000000002,0.5860021655568631,-0.08122731084581142,0.0,0.5860021655568631,0.0,-4.6689747277147315,-0.8326236801632851,-1.2251251952134894,0.013821562065586209,0.05032346611223455,-0.01065516010390442,29.304268070614217,-1.7304392961179316,nan,MODEL_NOT_IDENTIFIED
3.3000000000000003,0.488075427938368,-0.09738405514544063,0.0,0.488075427938368,0.0,-5.113282540629361,-0.7810472155633769,-0.9844245334706151,0.011511842816360895,0.04043640180098334,-0.004341308873376474,23.54685099679567,-0.7050453862559346,nan,MODEL_NOT_IDENTIFIED
3.3200000000000003,0.38191106122320684,-0.11239091389780888,0.0,0.38191106122320684,0.0,-5.491625612649573,-0.7177425833145968,-0.726511610302719,0.009007829230825999,0.02984232349808365,0.0021210986829848528,17.377726837961674,0.34447464666776867,nan,MODEL_NOT_IDENTIFIED
3.34,0.2688923124888377,-0.12602034683306554,0.0,0.2688923124888377,0.0,-5.797755917993865,-0.6434403176109845,-0.4547855794765387,0.006342146845979254,0.018680855464026584,0.008642980893052866,10.878201336237916,1.4036535938539938,nan,MODEL_NOT_IDENTIFIED
3.36,0.15051822612751464,-0.13806109159082888,0.0,0.15051822612751464,0.0,-6.026357393523418,-0.5590361521354311,-0.17288741180476427,0.0035501524170075964,0.007101554880416027,0.015133185168253105,4.135364354072098,2.4576879216463747,nan,MODEL_NOT_IDENTIFIED
3.38,0.028384105182660643,-0.14832136821530892,0.0,0.028384105182660643,0.0,-6.17313379968674,-0.4655806729492492,0.115348107068099,0.0006694730745328669,-0.0047380598977399685,0.02149974484367706,-2.759058310259022,3.4916418872368538,nan,MODEL_NOT_IDENTIFIED
3.4,-0.09583965506565222,-0.15663185322299816,0.0,-0.09583965506565222,0.0,-6.234883414627083,-0.36426664444619905,0.40594377612856214,-0.0022604929105944525,-0.016674620635745208,0.027651164883282474,-9.709934367316494,4.490656342173102,nan,MODEL_NOT_IDENTIFIED
3.42,-0.2204300852804134,-0.16284837811370473,0.0,-0.2204300852804134,0.0,-6.209559325951701,-0.2564141549214635,0.694834097832156,-0.0051991072455005415,-0.028541132214482248,0.03349771871770478,-16.62001952700735,5.440159343845134,nan,MODEL_NOT_IDENTIFIED
3.44,-0.3436352131461094,-0.16685431045753216,0.0,-0.3436352131461094,0.0,-6.096314270682465,-0.1434537610821432,0.9779213907166373,-0.008105047567369473,-0.04016927752235335,0.038952738079931576,-23.39129967901314,6.326075629797744,nan,MODEL_NOT_IDENTIFIED
3.46,-0.4636983694969482,-0.16856257958779525,0.0,-0.4636983694969482,0.0,-5.895529177301238,-0.026907841526328777,1.2511331320366368,-0.010936880732553013,-0.05139177287180677,0.04393387755200168,-29.926362494601886,7.135031985015318,nan,MODEL_NOT_IDENTIFIED
3.48,-0.5788828968833896,-0.16791731341662927,0.0,-0.5788828968833896,0.0,-5.608824781942598,0.09162960261898274,1.510479738755357,-0.013653645597669248,-0.06204474142189706,0.04836433563958697,-36.12977951368063,7.85455554916634,nan,MODEL_NOT_IDENTIFIED
3.5,-0.6874969176894272,-0.16489505791107703,0.0,-0.6874969176894272,0.0,-5.239055920798602,0.21051443651719856,1.7521119780967103,-0.016215437205276968,-0.07197007138460264,0.05217401455287586,-41.909479371153516,8.473262169513722,nan,MODEL_NOT_IDENTIFIED
3.52,-0.7879178133304555,-0.15950555625930732,0.0,-0.7879178133304555,0.0,-4.790288339605875,0.3280748846869776,1.9723771928982332,-0.018583984155039982,-0.08101772554768343,0.05530060149006796,-47.178092674017186,8.981032005544968,nan,MODEL_NOT_IDENTIFIED
3.54,-0.8786160653160391,-0.1517920706483904,0.0,-0.8786160653160391,0.0,-4.267758105438114,0.442634724993461,2.1678735324497356,-0.020723210923711842,-0.08904796887050691,0.05769055508884392,-51.854249170858104,9.369169732513983,nan,MODEL_NOT_IDENTIFIED
3.56,-0.9581781131309174,-0.14183123578917423,0.0,-0.9581781131309174,0.0,-3.6778139525579263,0.5525368661663945,2.3355013964360305,-0.022599776995602526,-0.09593348160482837,0.059299981822608656,-55.86380826045207,9.630546871587539,nan,MODEL_NOT_IDENTIFIED
3.58,-1.0253278929802938,-0.12973243977709434,0.0,-1.0253278929802938,0.0,-3.02784313934424,0.6561669816466799,2.472511327944277,-0.024183584879651287,-0.10156132655670153,0.06009538845980096,-59.14100456409557,9.759723992153397,nan,MODEL_NOT_IDENTIFIED
3.6,-1.0789467354017588,-0.11563673448250794,0.0,-1.0789467354017588,0.0,-2.3261816338287176,0.7519768672427428,2.57654763100562,-0.025448249418405882,-0.10583474072857914,0.06005429826037943,-61.629491231332864,9.753050784517757,nan,MODEL_NOT_IDENTIFIED
3.62,-1.1180913184365278,-0.09971528432932357,0.0,-1.1180913184365278,0.0,-1.5820096776895234,0.8385071893737105,2.6456870384141524,-0.02637152123504229,-0.10867472364570209,0.05916572033475837,-63.283264851252554,9.608742285615502,nan,MODEL_NOT_IDENTIFIED
3.64,-1.1420093962789433,-0.08216736895313782,0.0,-1.1420093962789433,0.0,-0.8052339992733413,0.9144092946615647,2.6784718160437313,-0.026935657712378207,-0.11002139715505864,0.05743046351498427,-64.06745728811224,9.3269298529057,nan,MODEL_NOT_IDENTIFIED
3.66,-1.150153050820581,-0.06321796173580574,0.0,-1.150153050820581,0.0,-0.006358152073886902,0.9784657603178241,2.6739367598530492,-0.027127735546392657,-0.10983511435929172,0.05486128816106962,-63.95898143368833,8.909685818308555,nan,MODEL_NOT_IDENTIFIED
3.68,-1.1421892449451045,-0.043114912498859195,0.0,-1.1421892449451045,0.0,0.8036573570214973,1.029609378094441,2.63162962037613,-0.02693989965830924,-0.10809729857679828,0.051482891519956164,-62.94701974897538,8.361021110444304,nan,MODEL_NOT_IDENTIFIED
3.7,-1.1180074914233953,-0.022125768611762308,0.0,-1.1180074914233953,0.0,1.6135433183945436,1.0669402824097678,2.551624575750086,-0.02636954407466152,-0.10481099676227644,0.047331724541295375,-61.03334653101949,7.686855504806004,nan,MODEL_NOT_IDENTIFIED
3.72,-1.0777244893610813,-0.0005342743440954374,0.0,-1.0777244893610813,0.0,2.4118764744506254,1.0897409554295174,2.4345284671237937,-0.02541942128345422,-0.10000113563351,0.04245564040213473,-58.23247706019559,6.894960542806412,nan,MODEL_NOT_IDENTIFIED
3.74,-1.0216856208680785,0.021363406620742594,0.0,-1.0216856208680785,0.0,3.1872384860181295,1.0974888681268495,2.2814796084020035,-0.024097677534904702,-0.0937144727802005,0.03691337736942112,-54.571639129992576,5.9948755466443115,nan,MODEL_NOT_IDENTIFIED
3.7600000000000002,-0.9504632434140765,0.04326269606729616,0.0,-0.9504632434140765,0.0,3.928377028197746,1.0898665463512858,2.094139084399265,-0.022417812564604397,-0.08601923922534965,0.030773881001855984,-50.090564904016105,4.997797542258906,nan,MODEL_NOT_IDENTIFIED
3.7800000000000002,-0.8648517576302808,0.06485478019150974,0.0,-0.8648517576302808,0.0,4.624366773252149,1.06676888433202,1.87467455622218,-0.02039856326172283,-0.07700447421218497,0.024115473027544552,-44.84110355033667,3.9164462818389474,nan,MODEL_NOT_IDENTIFIED
3.8000000000000003,-0.7658594755122272,0.08583090607968691,0.0,-0.7658594755122272,0.0,5.264767988702671,1.028307564403195,1.6257366986260509,-0.018063711870843574,-0.06677905734072144,0.017024876497622653,-38.88665763703543,2.76490592499361,nan,MODEL_NOT_IDENTIFIED
3.8200000000000003,-0.6546973594462002,0.10588673675734031,0.0,-0.6546973594462002,0.0,5.839780481007466,0.9748124805951668,1.3504284997255132,-0.015441820388431636,-0.05547044751707214,0.009596108975709925,-32.30144879949009,1.5584452884301216,nan,MODEL_NOT_IDENTIFIED
3.84,-0.532764747585261,0.12472670420072765,0.0,-0.532764747585261,0.0,6.340390649441509,0.9068301045731593,1.0522677572844017,-0.012565893878751408,-0.04322314244420625,0.0019292575467328536,-25.169620673871353,0.3133189026390395,nan,MODEL_NOT_IDENTIFIED
3.86,-0.4016322251990295,0.1420682988942858,0.0,-0.4016322251990295,0.0,6.758509481043024,0.8251187746745104,0.7351432063787416,-0.009472976474161546,-0.030196876513827096,-0.005870848714036637,-17.584189496861566,-0.9534485842788751,nan,MODEL_NOT_IDENTIFIED
3.88,-0.26302184407834905,0.1576462345625271,0.0,-0.26302184407834905,0.0,7.087099415241712,0.7306409319216669,0.4032648090547478,-0.0062036848261119255,-0.01656457889529158,-0.013696051508464738,-9.64585506375624,-2.2242918455273224,nan,MODEL_NOT_IDENTIFIED
3.9,-0.11878493227035317,0.17121642761643668,0.0,-0.11878493227035317,0.0,7.320288135098883,0.624552370273795,0.06110882627403795,-0.0028016847212006214,-0.002510117300807033,-0.021436342574908358,-1.4616868819704134,-3.481345113066357,nan,MODEL_NOT_IDENTIFIED
3.92,0.02912222624689753,0.1825597326311311,0.0,0.02912222624689753,0.0,7.4534674995814925,0.5081886114171417,-0.2866416253987614,0.0006868825427923775,0.011774143718917437,-0.028981389497803264,6.856297677739082,-4.706689975002947,nan,MODEL_NOT_IDENTIFIED
3.94,0.1786645284342,0.19148537780042038,0.0,0.1786645284342,0.0,7.483376016143477,0.3830485564713076,-0.6351597565178502,0.004214016626244643,0.026089938079684384,-0.03622208719354562,15.192644674507465,-5.882607342911089,nan,MODEL_NOT_IDENTIFIED
3.96,0.32775566213494717,0.19783404776966892,0.0,0.32775566213494717,0.0,7.4081634628705055,0.25077560749871447,-0.9795411875726318,0.007730509361242105,0.04023581259363408,-0.04305211354789617,23.43004425913724,-6.991830093375291,nan,MODEL_NOT_IDENTIFIED
3.98,0.4742868200973773,0.20148056549367974,0.0,0.4742868200973773,0.0,7.227436501944446,0.11313649005481928,-1.3148720400756289,0.011186622006142254,0.0540099238911988,-0.049369467323860265,31.450959372537586,-8.017792830190619,nan,MODEL_NOT_IDENTIFIED
4.0,0.6161561284056395,0.20233612975228069,0.0,0.6161561284056395,0.0,6.942284378234144,-0.028001956363710587,-1.6362981034415316,0.014532779350323873,0.06721287953245003,-0.055077966406371255,39.1392801764496,-8.944875205105891,nan,MODEL_NOT_IDENTIFIED
4.0200000000000005,0.7512983841851008,0.2003500706228022,0.0,0.7512983841851008,0.0,6.555284065135414,-0.17069772076664735,-1.9390941171075542,0.017720271113539722,0.07965058385211875,-0.060088684706072634,46.38198124067533,-9.758635276566782,nan,MODEL_NOT_IDENTIFIED
4.04,0.87771468748197,0.19551109148520257,0.0,0.87771468748197,0.0,6.07048450080652,-0.3129599682305997,-2.2187321924338232,0.020701950849243873,0.09113704847006318,-0.06432130660971327,53.07075815435527,-10.446029477709322,nan,MODEL_NOT_IDENTIFIED
4.0600000000000005,0.9935015479680925,0.18784797294214353,0.0,0.9935015479680925,0.0,5.493369847888345,-0.45277644043951654,-2.4709483975613153,0.023432922461042505,0.10149712734304561,-0.06770537873544773,59.10362019627997,-10.995615906271988,nan,MODEL_NOT_IDENTIFIED
4.08,1.0968790487276692,0.17742972128418533,0.0,1.0968790487276692,0.0,4.830802004695574,-0.5881415373522688,-2.691806540800504,0.025871204479293895,0.1105691367428454,-0.07018143991961545,64.3864159957178,-11.397737838828036,nan,MODEL_NOT_IDENTIFIED
4.1,1.1862176569020204,0.16436515172334842,0.0,1.1862176569020204,0.0,4.0909428916260655,-0.7170846933951975,-2.8777582142919096,0.02797836242223679,0.11820732162061814,-0.07170201181499815,68.83426974116453,-11.644684607781658,nan,MODEL_NOT_IDENTIFIED
4.12,1.2600632843770891,0.14880190445427047,0.0,1.2600632843770891,0.0,3.283157329001201,-0.8376986520765071,-3.0256981994415333,0.029720099882283395,0.1242841314506733,-0.07223243420257117,72.3729064454989,-11.730827259233767,nan,MODEL_NOT_IDENTIFIED
4.14,1.3171602208885373,0.13092489957392608,0.0,1.3171602208885373,0.0,2.4178976075503944,-0.9481672388730277,-3.13301438861706,0.03106679943073624,0.12869227082317855,-0.07175153108880222,74.93984604334823,-11.652726729764828,nan,MODEL_NOT_IDENTIFIED
4.16,1.3564715867003598,0.11095424488782782,0.0,1.3564715867003598,0.0,1.5065711261653623,-1.0467922337806632,-3.197631443230398,0.03199400501867932,0.13134649275152613,-0.07025209585425748,76.48544766652995,-11.409212636448741,nan,MODEL_NOT_IDENTIFIED
4.18,1.3771969821127943,0.08914261854036087,0.0,1.3771969821127943,0.0,0.5613927293583516,-1.1320189521033797,-3.218047485877936,0.03248283826173494,0.13218510584538246,-0.06774118610880742,76.97378729828513,-11.001431162481012,nan,MODEL_NOT_IDENTIFIED
4.2,1.3787870461230098,0.0657721561166695,0.0,1.3787870461230098,0.0,-0.4047763847883523,-1.2024601548585476,-3.1933632127329488,0.03252034182349152,0.13117117013663193,-0.06424022146309412,76.38335412443882,-10.432860935643976,nan,MODEL_NOT_IDENTIFIED
4.22,1.3609546761717972,0.041150879261813135,0.0,1.3609546761717972,0.0,-1.3786011001273524,-1.2569179284960739,-3.123302910788342,0.0320997440466506,0.12829336038747566,-0.059784880111383214,74.70755325338158,-9.70929623296113,nan,MODEL_NOT_IDENTIFIED
4.24,1.3236827045654764,0.015608709841104861,0.0,1.3236827045654764,0.0,-2.346453886525226,-1.2944031972829506,-3.008226971581241,0.031220640010620308,0.12356648010646655,-0.05442479290141996,71.95500503693997,-8.838797296456107,nan,MODEL_NOT_IDENTIFIED
4.26,1.2672278743047949,-0.010506879880588793,0.0,1.2672278743047949,0.0,-3.2946029382794326,-1.3141525604338327,-2.849135607303791,0.029889085306195877,0.11703161419215456,-0.048223036404541945,68.14963395754285,-7.831608005774316,nan,MODEL_NOT_IDENTIFIED
4.28,1.1921210070650994,-0.03683552473153834,0.0,1.1921210070650994,0.0,-4.2094043854053504,-1.315642179537058,-2.647663595205502,0.028117599997572965,0.10875591305319857,-0.04125542935484336,63.330542917442685,-6.700041617176491,nan,MODEL_NOT_IDENTIFIED
4.3,1.0991633082889316,-0.06300887037095775,0.0,1.0991633082889316,0.0,-5.0774959234578185,-1.2985984796277432,-2.4060660003084706,0.02592508147353656,0.09883200615201082,-0.03360963965961404,57.55167173453101,-5.4583357385731075,nan,MODEL_NOT_IDENTIFIED
4.32,0.9894188080675075,-0.08865565752271355,0.0,0.9894188080675075,0.0,-5.885989150832002,-1.2630054689220038,-2.1271949529944005,0.023336626156608274,0.08737704811668331,-0.025384111954327698,50.8812416759929,-4.122478160298099,nan,MODEL_NOT_IDENTIFIED
4.34,0.8642029909645028,-0.1134069175008306,0.0,0.8642029909645028,0.0,-6.622657883217107,-1.2091085272148645,-1.8144676852304917,0.02038326132383901,0.07453140579116868,-0.01668682834418423,43.40099090378722,-2.7100055947324444,nan,MODEL_NOT_IDENTIFIED
4.36,0.725067722416456,-0.1369012072959624,0.0,0.725067722416456,0.0,-7.276119733843246,-1.1374145606705444,-1.4718261552953666,0.017101589577931058,0.06045699977315373,-0.007633917501571583,35.20520872203674,-1.239777788341376,nan,MODEL_NOT_IDENTIFIED
4.38,0.573782633060639,-0.1587898109419076,0.0,0.573782633060639,0.0,-7.836008305627972,-1.0486884705623702,-1.1036887140524747,0.013533349774342347,0.045335319049084485,0.0016518703627965946,26.399579462953724,0.2682701489232782,nan,MODEL_NOT_IDENTIFIED
4.4,0.41231317452533495,-0.17874183334317487,0.0,0.41231317452533495,0.0,-8.293133437016774,-0.9439459347769297,-0.7148943843195159,0.009724899440849945,0.02936513220337518,0.011042803003481542,17.099849682403406,1.7933940053619106,nan,MODEL_NOT_IDENTIFIED
4.42,0.24279561011196177,-0.19644911324011363,0.0,0.24279561011196177,0.0,-8.639627076400389,-0.8244425528801488,-0.31064043696228794,0.005726624902871142,0.012759923282646489,0.02040789858086663,7.430335017091314,3.314321822586268,nan,MODEL_NOT_IDENTIFIED
4.44,0.06750925066809535,-0.21163088352454687,0.0,0.06750925066809535,0.0,-8.869072529121636,-0.6916594575286928,0.10358594866937422,0.0015922864333165246,-0.004254915332680383,0.02961472789230105,-2.47771445727819,4.809546584841931,nan,MODEL_NOT_IDENTIFIED
4.46,-0.1111537109076611,-0.2240381096888922,0.0,-0.1111537109076611,0.0,-8.97661502436884,-0.5472855462653649,0.5220810580257115,-0.0026216932366974113,-0.021445096822793004,0.03853126194310512,-12.487869271441538,6.257626271700044,nan,MODEL_NOT_IDENTIFIED
4.48,-0.29072037433380216,-0.23345744077349545,0.0,-0.29072037433380216,0.0,-8.959051784297507,-0.3931965375290622,0.9390020832361038,-0.006856987795884165,-0.03857062094524577,0.04702773942909336,-22.460372926393816,7.637487144456689,nan,MODEL_NOT_IDENTIFIED
4.5,-0.4686708898325808,-0.23971471173380482,0.0,-0.4686708898325808,0.0,-8.814900041651276,-0.2314311023159326,1.3484475977308272,-0.01105416357292618,-0.055389079625210384,0.054978528069745,-32.2540667986132,8.928726033853586,nan,MODEL_NOT_IDENTIFIED
4.5200000000000005,-0.6424733450615387,-0.24267794163031156,0.0,-0.6424733450615387,0.0,-8.544441741644647,-0.0641643676470289,1.7445399706559819,-0.015153502386487628,-0.07165904222502463,0.06226395345740082,-41.72836144398761,10.11190735227556,nan,MODEL_NOT_IDENTIFIED
4.54,-0.8096193047117174,-0.24225977838535723,0.0,-0.8096193047117174,0.0,-8.149743975194887,0.10632087084158176,2.1215085856584066,-0.01909583978915161,-0.08714347385418947,0.06877206918171422,-50.745227141794274,11.168850568821707,nan,MODEL_NOT_IDENTIFIED
4.5600000000000005,-0.9676595106008588,-0.23841934797442818,0.0,-0.9676595106008588,0.0,-7.634654519659824,0.27766485289732656,2.473772701568631,-0.022823407096823664,-0.10161313896990472,0.07440034245379275,-59.171175873092956,12.082903961198804,nan,MODEL_NOT_IDENTIFIED
4.58,-1.1142392410188315,-0.2311634737357843,0.0,-1.1142392410188315,0.0,-7.004772205657352,0.44746306774338085,2.796022781480836,-0.026280665381191413,-0.11484994206520047,0.07905723028961117,-66.87920666408368,12.83920059401626,nan,MODEL_NOT_IDENTIFIED
4.6000000000000005,-1.2471328259547774,-0.2205472398905542,0.0,-1.2471328259547774,0.0,-6.267392179666421,0.6132995448509994,3.083299122096531,-0.029415119552644798,-0.1266501574622085,0.08266362251069803,-73.75068635337408,13.424892667690116,nan,MODEL_NOT_IDENTIFIED
4.62,-1.3642768197771142,-0.2066738822553853,0.0,-1.3642768197771142,0.0,-5.431426487107193,0.7727807667993591,3.3310666371143123,-0.032178100777615994,-0.13682750112832837,0.08515412936991666,-79.67713836630958,13.829360633860231,nan,MODEL_NOT_IDENTIFIED
4.64,-1.463801344976655,-0.18969399838265397,0.0,-1.463801344976655,0.0,-4.507300754516821,0.9235697345694329,3.5352846868314596,-0.03452550575825505,-0.14521599900968707,0.08647819349438554,-84.56191299762918,14.04439377922999,nan,MODEL_NOT_IDENTIFIED
4.66,-1.5440591396480803,-0.1698040788536499,0.0,-1.5440591396480803,0.0,-3.506828097271071,1.0634197069724827,3.6924709006607443,-0.036418481852027756,-0.1516726086164873,0.08660100803426239,-88.32171400821532,14.064339336487235,nan,MODEL_NOT_IDENTIFIED
4.68,-1.6036518673041715,-0.14724437104749621,0.0,-1.6036518673041715,0.0,-2.4430617160610506,1.1902071338935014,3.799758009411959,-0.03782404762015684,-0.1560795534761761,0.08550422538859642,-90.88795801956213,13.886217584129415,nan,MODEL_NOT_IDENTIFIED
4.7,-1.6414532801198327,-0.12229609627898344,0.0,-1.6414532801198327,0.0,-1.3301279661164909,1.3019633077554464,3.8549427891690398,-0.038715639160440685,-0.15834633356107405,0.08318644361667572,-92.20794522228842,13.509800841551542,nan,MODEL_NOT_IDENTIFIED
4.72,-1.6566288654217123,-0.09527805060664256,0.0,-1.6566288654217123,0.0,-0.18304198322731136,1.3969042691081004,3.856526317416926,-0.03907357349321265,-0.15841137885638884,0.07966346060018553,-92.24582227881679,12.937654745965721,nan,MODEL_NOT_IDENTIFIED
4.74,-1.6486516497141135,-0.06654262872333588,0.0,-1.6486516497141135,0.0,0.9824917745645321,1.4734585204473556,3.8037448535353353,-0.038885421318197444,-0.15624331781301398,0.0749682891593858,-90.98332096647046,12.175140707326985,nan,MODEL_NOT_IDENTIFIED
4.76,-1.617313884215269,-0.036471319022806065,0.0,-1.617313884215269,0.0,2.1502914653754686,1.5302921271127063,3.696590778482313,-0.038146282631862614,-0.15184183746979163,0.06915092960366301,-88.42025904228457,11.23037896966139,nan,MODEL_NOT_IDENTIFIED
4.78,-1.562734390141333,-0.005469726058621588,0.0,-1.562734390141333,0.0,3.3039194657427022,1.5663308151342723,3.5358231608638016,-0.03685895997472817,-0.14523811746731466,0.06227789956892539,-84.57479297712388,10.114172254836838,nan,MODEL_NOT_IDENTIFIED
4.8,-1.4853614001167124,0.026037815945483475,0.0,-1.4853614001167124,0.0,4.426910645248993,1.580778712855141,3.3229676568934874,-0.035034025449428186,-0.136494825938659,0.054431524415146315,-79.48341556278147,8.839890520373988,nan,MODEL_NOT_IDENTIFIED
4.82,-1.3859707933423004,0.05761396822712863,0.0,-1.3859707933423004,0.0,5.503004186544807,1.5731334256011027,3.0603055981208405,-0.032689779095042476,-0.12570567127490917,0.04570899487935148,-73.20069489690556,7.423317918639192,nan,MODEL_NOT_IDENTIFIED
4.84,-1.2656596856970423,0.0888143752037227,0.0,-1.2656596856970423,0.0,6.5163757305516565,1.5431971800852973,2.7508522712642867,-0.029852097701974313,-0.11299450994362144,0.03622120205424943,-65.79875484949055,5.882463592858934,nan,MODEL_NOT_IDENTIFIED
4.86,-1.1258354009185658,0.11919383396773944,0.0,-1.1258354009185658,0.0,7.451866577502766,1.4910838270199827,2.398324546965419,-0.02655417468405266,-0.09851401680162399,0.026091363042272924,-57.36650076187675,4.237338478009713,nan,MODEL_NOT_IDENTIFIED
4.88,-0.9681999145088742,0.14831256106747764,0.0,-0.9681999145088742,0.0,8.295206670776075,1.4172215458916675,2.0070981666567,-0.02283615316943932,-0.08244393060259905,0.015453453771464842,-48.008597773958066,2.509700784044126,nan,MODEL_NOT_IDENTIFIED
4.9,-0.7947299271249072,0.17574246954129774,0.0,-0.7947299271249072,0.0,9.033228132880621,1.322351154307983,1.5821551468589328,-0.01874465600770861,-0.06498889356640696,0.004450468407193441,-37.84421276617109,0.7227733176075787,nan,MODEL_NOT_IDENTIFIED
4.92,-0.6076527880175171,0.20107336782490584,0.0,-0.6076527880175171,0.0,9.65406621151019,1.2075199849615623,1.129021905947535,-0.014332217895354583,-0.046375909862845066,-0.006767472492066516,-27.005534388440168,-1.0990637607949072,nan,MODEL_NOT_IDENTIFIED
4.94,-0.40941855065817384,0.22391899203057386,0.0,-0.40941855065817384,0.0,10.147344627667282,1.0740713552530072,0.653698857632461,-0.009656626274319109,-0.02685145358057965,-0.01804514048720078,-15.636088977974026,-2.930600751046304,nan,MODEL_NOT_IDENTIFIED
4.96,-0.2026685011412977,0.24392278422292585,0.0,-0.2026685011412977,0.0,10.50434249622481,0.9236297171161707,0.16258234603215008,-0.0047801790367137465,-0.006678262117995831,-0.02922431772504326,-3.888873292533383,-4.746142460601762,nan,MODEL_NOT_IDENTIFIED
4.98,0.009799445595996187,0.26076333168944904,0.0,0.009799445595996187,0.0,10.71814021002941,0.7580816367201146,-0.33762008267370874,0.00023113164673152367,0.013868144133856872,-0.04014598686583981,8.075672141384068,-6.519863857196034,nan,MODEL_NOT_IDENTIFIED
5.0,0.2250680370589747,0.2741593858089912,0.0,0.2250680370589747,0.0,10.783741939232206,0.5795528146017729,-0.8399799692939446,0.005308498886235632,0.03450317052075122,-0.05065256257644581,20.091822689065395,-8.226172471987159,nan,MODEL_NOT_IDENTIFIED
5.0200000000000005,0.44014017325596533,0.2838743839243762,0.0,0.44014017325596533,0.0,10.698172694836169,0.39038141553580435,-1.3374425949866777,0.010381232493286551,0.05493703612400417,-0.060590133694424,31.990833659834923,-9.840072535695702,nan,MODEL_NOT_IDENTIFIED
5.04,0.6519800690369822,0.28972040357474355,0.0,0.6519800690369822,0.0,10.460548235789625,0.1930880332152952,-1.8229247244432076,0.015377729843637252,0.07487878867733715,-0.06981068459038743,43.60327826604324,-11.337525736458385,nan,MODEL_NOT_IDENTIFIED
5.0600000000000005,0.8575555313467667,0.2915614854712497,0.0,0.8575555313467667,0.0,10.07211645813061,-0.009657333228850568,-2.2894141032040847,0.020226473036891797,0.09404039153678984,-0.07817426411396206,54.76142753985756,-12.695803465058402,nan,MODEL_NOT_IDENTIFIED
5.08,1.053880770596145,0.28931626962216794,0.0,1.053880770596145,0.0,9.536269288030915,-0.21507086648624096,-2.7300693302034835,0.0248570386539109,0.11214082606358039,-0.08555107081065821,65.30163922529067,-13.893825462226832,nan,MODEL_NOT_IDENTIFIED
5.1000000000000005,1.238059149789642,0.28295989793080256,0.0,1.238059149789642,0.0,8.858524503029404,-0.42029261569358317,-3.1383187022734247,0.02920110604612427,0.12891015177900056,-0.09182342384461843,75.06672208011902,-14.912479904135408,nan,MODEL_NOT_IDENTIFIED
5.12,1.4073252676762424,0.27252514628861807,0.0,1.4073252676762424,0.0,8.046477321870546,-0.6224257759904607,-3.507956622427471,0.03319344991698231,0.144093466448672,-0.09688759025127666,83.90824190485083,-15.734920155310103,nan,MODEL_NOT_IDENTIFIED
5.14,1.5590857732313796,0.25810275954060274,0.0,1.5590857732313796,0.0,7.109722027496808,-0.8185770311229376,-3.8332361786226152,0.03677290298033712,0.15745470886466564,-0.10065544076375268,91.68873597180358,-16.34683368125491,nan,MODEL_NOT_IDENTIFIED
5.16,1.6909583183333137,0.23984097357318063,0.0,1.6909583183333137,0.0,6.059744314012073,-1.005897404864993,-4.108956534432097,0.03988327470591112,0.16878024852072818,-0.10305590849043383,98.28380335816831,-16.736678943344387,nan,MODEL_NOT_IDENTIFIED
5.18,1.8008080735490606,0.2179442200207913,0.0,1.8008080735490606,0.0,4.909785470855487,-1.181623052186082,-4.330543827435616,0.04247421258778925,0.17788220860932238,-0.10403622714570648,103.58403998752381,-16.89588649229334,nan,MODEL_NOT_IDENTIFIED
5.2,1.8867812583568937,0.19267102055212892,0.0,1.8867812583568937,0.0,3.6746799299908846,-1.3431154140714845,-4.494124344651701,0.044501992994826454,0.18460147178904257,-0.10356292832240797,107.49678894278024,-16.81902092906806,nan,MODEL_NOT_IDENTIFIED
5.22,1.947335171647323,0.16433108922231754,0.0,1.947335171647323,0.0,2.37066809867141,-1.4879001609077571,-4.596588836227858,0.04593022947593649,0.18881032194548844,-0.1016225804089856,109.94767881150395,-16.503900907896707,nan,MODEL_NOT_IDENTIFIED
5.24,1.9812642505876887,0.13328167280129918,0.0,1.9812642505876887,0.0,1.0151867754684085,-1.6137043584753565,-4.635646937825778,0.04673048738958567,0.19041467965509262,-0.09822225515718637,110.88192543709494,-15.951674908670347,nan,MODEL_NOT_IDENTIFIED
5.26,1.987721735418257,0.09992317014891382,0.0,1.987721735418257,0.0,-0.3733602048315996,-1.7184913078279997,-4.6098707973908,0.04688279489392479,0.1893558942062653,-0.09338971155335893,110.26537544523819,-15.166851098354996,nan,MODEL_NOT_IDENTIFIED
5.28,1.9662365738722714,0.06469408244252245,0.0,1.9662365738722714,0.0,-1.775848136440572,-1.8004925355526236,-4.518727141732257,0.04637604165775748,0.18561206077210055,-0.0871732904900753,108.08527325748726,-14.157280225254796,nan,MODEL_NOT_IDENTIFIED
5.3,1.9167252609791565,0.0280653562162919,0.0,1.9167252609791565,0.0,-3.1726911788497114,-1.8582364438496286,-4.362597170794066,0.04520825811646195,0.17919883759106633,-0.07964151772328144,104.35073695041811,-12.934091137714466,nan,MODEL_NOT_IDENTIFIED
5.32,1.839498377225909,-0.009465809408815716,0.0,1.839498377225909,0.0,-4.54411218894483,-1.8905731701927821,-4.142783830688872,0.0433867696823484,0.17016974471548216,-0.07088241667932339,99.09293222229219,-11.511579181317066,nan,MODEL_NOT_IDENTIFIED
5.34,1.7352616595399102,-0.04738261138171304,0.0,1.7352616595399102,0.0,-5.870418983277508,-1.896695253555098,-3.861506188351281,0.040928222005069854,0.15861593294374857,-0.06100253678969286,92.36493783809803,-9.907048396680878,nan,MODEL_NOT_IDENTIFIED
5.36,1.6051115143679253,-0.08515565980722734,0.0,1.6051115143679253,0.0,-7.132283223428108,-1.876153757750694,-3.521880808732422,0.037858475142223,0.14466541886659243,-0.05012570712165908,84.24130018309016,-8.140609104243582,nan,MODEL_NOT_IDENTIFIED
5.38,1.4505249592518226,-0.12225026959872007,0.0,1.4505249592518226,0.0,-8.311018027745426,-1.8288695616753758,-3.127890217385165,0.03421236631937933,0.1284817894304613,-0.03839152908209785,74.81727890653164,-6.2349331135224055,nan,MODEL_NOT_IDENTIFIED
5.4,1.273344057685897,-0.15813392766410075,0.0,1.273344057685897,0.0,-9.388850376809977,-1.7551395903735163,-2.684338714564286,0.03003334280757572,0.11026238694943766,-0.02595362584213184,64.20779002117587,-4.214969422891147,nan,MODEL_NOT_IDENTIFIED
5.42,1.0757549905956134,-0.1922838327467588,0.0,1.0757549905956134,0.0,-10.34918439899352,-1.6556378290790943,-2.196795989022919,0.02537296829910536,0.09023599297525117,-0.012977669805155512,52.54605717871934,-2.1076238727426713,nan,MODEL_NOT_IDENTIFIED
5.44,0.860261985397625,-0.22419440259530904,0.0,0.860261985397625,0.0,-11.176851696968477,-1.531411033768775,-1.6715291579413942,0.020290307993211538,0.06866003675699245,0.0003607871340922525,39.981986105205316,0.05859322884676605,nan,MODEL_NOT_IDENTIFIED
5.46,0.6296563991784876,-0.25338464213993034,0.0,0.6296563991784876,0.0,-11.85834500567381,-1.383869125361736,-1.1154240313105281,0.014851199385874123,0.04581736108255117,0.01387865266828615,26.68028129176868,2.25394698157318,nan,MODEL_NOT_IDENTIFIED
5.48,0.38698132497051685,-0.2794052668425983,0.0,0.38698132497051685,0.0,-12.382031656003635,-1.214770329497186,-0.5358965620965411,0.009127417466486772,0.022012584989429464,0.027387771849372713,12.818327935098118,4.44788029265751,nan,MODEL_NOT_IDENTIFIED
5.5,0.13549215834270784,-0.30184547737731704,0.0,0.13549215834270784,0.0,-12.738343554508154,-1.0262011987779527,0.05920440478257303,0.003195744633732502,-0.002431890936053803,0.04069751052899481,-1.4161342493714242,6.609433437582969,nan,MODEL_NOT_IDENTIFIED
5.5200000000000005,-0.12138637545789255,-0.3203392852772335,0.0,-0.12138637545789255,0.0,-12.919940675077815,-0.82055172843228,0.6617018335350433,-0.002863042870692277,-0.027180185279351426,0.05361740949595833,-15.827515415148124,8.707675102306029,nan,MODEL_NOT_IDENTIFIED
5.54,-0.3801061767444476,-0.3345712941298182,0.0,-0.3801061767444476,0.0,-12.921845390578872,-0.6004858484592156,1.2632012751230375,-0.008965258871345026,-0.051887486119741616,0.0659598728584833,-30.21502531983812,10.71213898695313,nan,MODEL_NOT_IDENTIFIED
5.5600000000000005,-0.637044102173772,-0.3442818472596371,0.0,-0.637044102173772,0.0,-12.741545346680644,-0.3689076444417336,1.8552062432423289,-0.015025447198379062,-0.07620479023512565,0.07754285323183827,-44.37543305015179,12.59325989069924,nan,MODEL_NOT_IDENTIFIED
5.58,-0.8885520223455379,-0.34927146054050695,0.0,-0.8885520223455379,0.0,-12.379062991967762,-0.12892372431983903,2.4292366251612787,-0.020957562355901026,-0.09978376696726074,0.0881924958191489,-58.10589933894496,14.322803120738598,nan,MODEL_NOT_IDENTIFIED
5.6000000000000005,-1.131007924162123,-0.34940446793499125,0.0,-1.131007924162123,0.0,-11.836990322576932,0.11619779146030386,2.9769484995010873,-0.02667617483225787,-0.12228167987876917,0.09774570352848518,-71.20684253546082,15.874281077241069,nan,MODEL_NOT_IDENTIFIED
5.62,-1.3608673517260428,-0.34461181746029607,0.0,-1.3608673517260428,0.0,-11.120487870219502,0.36307112478254955,3.4902536906805426,-0.03209768439513772,-0.14336629759333022,0.10605258585928726,-83.48479827674278,17.223350961998623,nan,MODEL_NOT_IDENTIFIED
5.64,-1.5747144650092326,-0.3348929663990428,0.0,-1.5747144650092326,0.0,-10.237247453278314,0.6082389605684237,3.961437370359055,-0.037141524371362596,-0.16272072441401741,0.11297875541486718,-94.75523244440465,18.348187740956018,nan,MODEL_NOT_IDENTIFIED
5.66,-1.7693119909492527,-0.3203168365684113,0.0,-1.7693119909492527,0.0,-9.19741871505708,0.8482202142775545,4.383272020382723,-0.04173133980324519,-0.18004808148607007,0.11840743754665412,-104.84526709071129,19.22982675861236,nan,MODEL_NOT_IDENTIFIED
5.68,-1.9416493472141965,-0.30102180317470495,0.0,-1.9416493472141965,0.0,-8.013499984287451,1.0795587953351562,4.749126099736674,-0.04579612250515114,-0.1950759704204602,0.12224136079404913,-113.59627968763019,19.852470752780157,nan,MODEL_NOT_IDENTIFIED
5.7,-2.088988234692475,-0.27721470404313636,0.0,-2.088988234692475,0.0,-6.700194503548004,1.2988726925729672,5.053065809767598,-0.049271286416909484,-0.20756065342074592,0.12440439842782713,-120.86633729059936,20.203756447595747,nan,MODEL_NOT_IDENTIFIED
5.72,-2.2089050207242127,-0.24916886964512872,0.0,-2.2089050207242127,0.0,-5.27423357411388,1.5029026939073225,5.289948427062002,-0.05209966726302507,-0.21729088704141278,0.12484293450440231,-126.53242900562141,20.274976406026312,nan,MODEL_NOT_IDENTIFIED
5.74,-2.299329270971937,-0.21722118816053002,0.0,-2.299329270971937,0.0,-3.7541686537378762,1.6885600481229428,5.455505771112064,-0.054232431372941564,-0.22409135072094966,0.1235269313555476,-130.49246248632744,20.06125239433749,nan,MODEL_NOT_IDENTIFIED
5.76,-2.3585778332607656,-0.18176823361754713,0.0,-2.3585778332607656,0.0,-2.1601349098756906,1.852972381976545,5.546416493206315,-0.05562987958918426,-0.2278256161335156,0.1204506793295058,-132.66699304136904,19.561657142955532,nan,MODEL_NOT_IDENTIFIED
5.78,-2.385383931193826,-0.14326149875409588,0.0,-2.385383931193826,0.0,-0.5135891680338913,1.9935272009392344,5.560366012462665,-0.05626213347508227,-0.2283986091323712,0.11563321381514581,-133.0006572687814,18.779282072806488,nan,MODEL_NOT_IDENTIFIED
5.8,-2.378920788223998,-0.10220178744599634,0.0,-2.378920788223998,0.0,1.1629744033250056,2.1079123266829054,5.496093082888375,-0.056109692516760304,-0.22575852254693277,0.10911838906593799,-131.4632869124396,17.721249284615922,nan,MODEL_NOT_IDENTIFIED
5.82,-2.338819373367721,-0.05913283415831967,0.0,-2.338819373367721,0.0,2.846327169695975,2.1941526586677984,5.353422149833482,-0.05516385267702669,-0.21989814526235837,0.1009746030355202,-128.05068280923464,16.39866687113841,nan,MODEL_NOT_IDENTIFIED
5.84,-2.2651799369918306,-0.014634229710197233,0.0,-2.2651799369918306,0.0,4.512823454669248,2.2506426905539305,5.133280842968683,-0.05342697848070532,-0.21085558076430053,0.09129417227819395,-122.78503331072996,14.826527398575468,nan,MODEL_NOT_IDENTIFIED
5.86,-2.1585770880940056,0.03068625647710347,0.0,-2.1585770880940056,0.0,6.138728236015557,2.276174264152757,4.837702153501397,-0.05091262276836859,-0.19871433657062965,0.08019236088957625,-115.71496636087768,13.023550202773965,nan,MODEL_NOT_IDENTIFIED
5.88,-2.0200582521405592,0.07620085772067745,0.0,-2.0200582521405592,0.0,7.700550634445836,2.2699591036432634,4.469811053079025,-0.04764549032259688,-0.18360277458706292,0.06780607239653785,-106.91522942812136,11.011968947082375,nan,MODEL_NOT_IDENTIFIED
5.9,-1.8511354396503368,0.12127038659280925,0.0,-1.8511354396503368,0.0,9.175378572123936,2.2316457400633367,4.033795527885718,-0.0436612437201832,-0.1656929212984364,0.05429221838206656,-96.48599665816941,8.817266680705997,nan,MODEL_NOT_IDENTIFIED
5.92,-1.6537703490834588,0.16525309112933362,0.0,-1.6537703490834588,0.0,10.54120989757034,2.1613305098044067,3.534862220858016,-0.03900615196594386,-0.14519864572025898,0.0398257823802419,-84.55180786210109,6.467861407747263,nan,MODEL_NOT_IDENTIFIED
5.94,-1.4303529219228897,0.2075136697029899,0.0,-1.4303529219228897,0.0,11.777275258371347,2.0595623900344635,2.9791770946782874,-0.03373658468866432,-0.12237322206100153,0.024597602130356375,-71.26014921036122,3.9947459166799053,nan,MODEL_NOT_IDENTIFIED
5.96,-1.1836735618082708,0.2474323196236179,0.0,-1.1836735618082708,0.0,12.86434805421798,1.9273415176104105,2.373791745158108,-0.02791835689613844,-0.09750630295718439,0.00881189757044188,-56.77969069259284,1.4310863169171149,nan,MODEL_NOT_IDENTIFIED
5.98,-0.9168893218649672,0.2844136923232712,0.0,-0.9168893218649672,0.0,13.785036920439232,1.7661113249973452,1.7265562056987243,-0.02162593146287644,-0.07092033781348141,-0.007316424085093705,-41.29820045204542,-1.1882156270247446,nan,MODEL_NOT_IDENTIFIED
6.0,-0.633484453642057,0.31789562754309797,0.0,-0.633484453642057,0.0,14.524056375625934,1.5777443158093267,1.0460192856544788,-0.014941488629615038,-0.042966479083147144,-0.023564651261770653,-25.020160938335525,-3.8269906923069845,nan,MODEL_NOT_IDENTIFIED
6.0200000000000005,-0.33722579603041064,0.34735754029075894,0.0,-0.33722579603041064,0.0,15.068471514487952,1.3645215925965948,0.3413176756532475,-0.007953873797585402,-0.014020027137920173,-0.039705300879100965,-8.16411637248124,-6.448294745022678,nan,MODEL_NOT_IDENTIFIED
6.04,-0.032113561918300004,0.3723283374879546,0.0,-0.032113561918300004,0.0,15.40791293614444,1.129106339171375,-0.37794477160186246,-0.0007574367729154049,0.01552452841579855,-0.05550926044533198,9.040214784724965,-9.014919028560554,nan,MODEL_NOT_IDENTIFIED
6.0600000000000005,0.27767184703948017,0.3923937461577676,0.0,0.27767184703948017,0.0,15.534758465106423,0.8745115478189597,-1.1018260184918405,0.006549222670662172,0.04525880662628132,-0.07074899659229868,26.35502488987333,-11.489911242100044,nan,MODEL_NOT_IDENTIFIED
6.08,0.5878263024299049,0.4072029416660755,0.0,0.5878263024299049,0.0,15.444278642899448,0.6040623669186703,-1.8201813729174887,0.013864586515816546,0.07476610226938647,-0.08520178572082349,43.537658924578636,-13.837100209944923,nan,MODEL_NOT_IDENTIFIED
6.1000000000000005,0.8939809369327021,0.4164743728602537,0.0,0.8939809369327021,0.0,15.13474343739989,0.3213535255595335,-2.5228037513298323,0.021085609800647158,0.10362714731839447,-0.09865292150212254,60.3439695039802,-16.021616792182726,nan,MODEL_NOT_IDENTIFIED
6.12,1.191762861071578,0.4200006908473384,0.0,1.191762861071578,0.0,14.607488128576081,0.030202367477928815,-3.1995667617482995,0.028109152695892276,0.1314259882481762,-0.1108988536811106,76.53173933767685,-18.010403638506222,nan,MODEL_NOT_IDENTIFIED
6.140000000000001,1.4768567765180594,0.41765269950485917,0.0,1.4768567765180594,0.0,13.866936876807557,-0.26540190407261527,-3.8405686279356215,0.03483343372840352,0.15775589789086839,-0.12175021296621352,91.86412381063185,-19.772706442042278,nan,MODEL_NOT_IDENTIFIED
6.16,1.7450666294436665,0.4093822584806979,0.0,1.7450666294436665,0.0,12.920583056076996,-0.5613521071523111,-4.4362749366649235,0.04115948394920822,0.18222523894866893,-0.13103467777135352,106.11306541314092,-21.280539509360615,nan,MODEL_NOT_IDENTIFIED
6.18,1.9923764350042423,0.39522408325314334,0.0,1.9923764350042423,0.0,11.778926031362012,-0.8534793710434955,-4.9776581786981176,0.04699258155173213,0.20446319580453262,-0.1385996401942155,119.0626314782763,-22.509118725676565,nan,MODEL_NOT_IDENTIFIED
6.2,2.215009403710625,0.3752964016098981,0.0,2.215009403710625,0.0,10.455364669366562,-1.1376110747268615,-5.456332071241382,0.05224364643798022,0.22412529197586695,-0.14431463085672447,130.51222709535756,-23.43725535834234,nan,MODEL_NOT_IDENTIFIED
6.22,2.4094845123642634,0.3498004414700694,0.0,2.4094845123642634,0.0,8.96604848590183,-1.4096296396475583,-5.864678695404904,0.056830574511724775,0.24089861243603217,-0.14807346507587432,140.27963616258594,-24.047704603307345,nan,MODEL_NOT_IDENTIFIED
6.24,2.5726696864161305,0.3190187411073812,0.0,2.5726696864161305,0.0,7.329687943152756,-1.6655313594590997,-6.195966556320839,0.06067949204805854,0.2545066530732934,-0.14979607624386357,148.20384531504666,-24.327463333157674,nan,MODEL_NOT_IDENTIFIED
6.26,2.701830796870952,0.28331228931632185,0.0,2.701830796870952,0.0,5.567326007088473,-1.9014844376065376,-6.44445777541236,0.06372591134399222,0.2647137237400271,-0.14943000623568586,154.14760790021063,-24.26801214508507,nan,MODEL_NOT_IDENTIFIED
6.28,2.7946757228620243,0.24311651966805825,0.0,2.7946757228620243,0.0,3.702073650795027,-2.1138854033132697,-6.6055027528050125,0.06591576998699042,0.2713288366232067,-0.1469515270816388,157.99970824667187,-23.865497524849513,nan,MODEL_NOT_IDENTIFIED
6.3,2.849392790250192,0.19893619949721328,0.0,2.849392790250192,0.0,1.7588125351131332,-2.2994130879318004,-6.675620791585876,0.06720633747530978,0.27420901798118646,-0.14236637298597868,159.67689014860977,-23.12085072944576,nan,MODEL_NOT_IDENTIFIED
6.32,2.8646829663738784,0.15133927040987247,0.0,2.8646829663738784,0.0,-0.2361313944560388,-2.45507936670884,-6.65256535272728,0.06756697456969056,0.27326198856685696,-0.13571006697871854,159.12541772486267,-22.039840836621334,nan,MODEL_NOT_IDENTIFIED
6.34,2.8397852705572717,0.10094971267494193,0.0,2.8397852705572717,0.0,-2.2553391937418663,-2.578275905635362,-6.535372807825999,0.06697973263058903,0.26844816620405887,-0.1270478319869368,156.32224155553564,-20.633060302512398,nan,MODEL_NOT_IDENTIFIED
6.36,2.7744949481842722,0.048439520627631176,0.0,2.7744949481842722,0.0,-4.27067047893868,-2.66681619887395,-6.324393773862385,0.06543978227545168,0.2597819528998669,-0.11647408183143725,151.27574819085413,-18.915842297528616,nan,MODEL_NOT_IDENTIFIED
6.38,2.6691740519433673,-0.005480110044000924,0.0,2.6691740519433673,0.0,-6.253650299165148,-2.718972238787675,-6.021306347154811,0.06295566295003328,0.24733227844491856,-0.10411149351656784,144.02607669950615,-16.908110042624315,nan,MODEL_NOT_IDENTIFIED
6.4,2.5247541759973005,-0.060068269748792355,0.0,2.5247541759973005,0.0,-8.175866078470664,-2.7335052271877056,-5.629110799507686,0.05954934741705915,0.2312223825514216,-0.09010966810476269,134.64499180364783,-14.634159330134146,nan,MODEL_NOT_IDENTIFIED
6.42,2.3427311959785366,-0.11456437271408902,0.0,2.3427311959785366,0.0,-10.00936916866997,-2.7096898122709887,-5.152105554937291,0.05525611769272603,0.21162882806876054,-0.07464339337023716,123.23530925643368,-12.122376371999913,nan,MODEL_NOT_IDENTIFIED
6.44,2.12515197841519,-0.16819861103296777,0.0,2.12515197841519,0.0,-11.727075413859598,-2.647331419892901,-4.595844526839362,0.05012425157261411,0.18877974855720506,-0.05791052722470418,109.92987537236712,-9.404894059903874,nan,MODEL_NOT_IDENTIFIED
6.46,1.8745931359402523,-0.2202026833668258,0.0,1.8745931359402523,0.0,-13.303159063960454,-2.546776339240876,-3.9670761594324504,0.0442145215478831,0.16295234434311337,-0.04012952651877286,94.89010893477969,-6.517190633038477,nan,MODEL_NOT_IDENTIFIED
6.48,1.5941320178678917,-0.2698206508001744,0.0,1.5941320178678917,0.0,-14.713434390101215,-2.408914320454563,-3.2736647800836756,0.03759951058331238,0.13446965197271024,-0.021536651164118195,78.30411999010703,-3.4976356167109945,nan,MODEL_NOT_IDENTIFIED
6.5,1.2873102378441015,-0.31631976851104937,0.0,1.2873102378441015,0.0,-15.935719449981267,-2.2351735439851663,-2.524495126975719,0.03036275187331244,0.10369662257311241,-0.002382878514517066,60.384426206306465,-0.38698870586510353,nan,MODEL_NOT_IDENTIFIED
6.5200000000000005,0.9580901496985404,-0.3590011401682348,0.0,0.9580901496985404,0.0,-16.950176626289895,-2.027507927125322,-1.729361165801929,0.022597702272825787,0.07103555486660486,0.0170694324868012,41.365293434144576,2.772141990317838,nan,MODEL_NOT_IDENTIFIED
6.54,0.6108047877594935,-0.39721004234898966,0.0,0.6108047877594935,0.0,-17.73962481444461,-1.7883768407281961,-0.8988405461456987,0.014406561579772608,0.036920938317967784,0.036550083810641024,21.499732778249562,5.935875264714316,nan,MODEL_NOT_IDENTIFIED
6.5600000000000005,0.25010188720259285,-0.43034576881229825,0.0,0.25010188720259285,0.0,-18.289818464857543,-1.5207174171802684,-0.044156269399742896,0.005898952188011062,0.0018137709806820487,0.05578474039617435,1.056191775782423,9.059658040230177,nan,MODEL_NOT_IDENTIFIED
6.58,-0.1191173079948531,-0.45787084915686144,0.0,-0.1191173079948531,0.0,-18.589689086053557,-1.227909737679011,0.8229726578273258,-0.0028095242002593797,-0.033804575090998865,0.07449874175457345,-19.68501788550295,12.098884389002894,nan,MODEL_NOT_IDENTIFIED
6.6000000000000005,-0.4917636586268809,-0.4793195032036799,0.0,-0.4917636586268809,0.0,-18.63154528358887,-0.9137352912710278,1.690489630999726,-0.011598834149106292,-0.06943886060875121,0.09242097088385055,-40.43550937565783,15.009523859165919,nan,MODEL_NOT_IDENTIFIED
6.62,-0.8626293011981281,-0.49430520130338346,0.0,-0.8626293011981281,0.0,-18.41122794017933,-0.5823291984200265,2.5461658070171045,-0.020346143968210714,-0.10458677138153824,0.10928772672602359,-60.902776020420454,17.748750376900535,nan,MODEL_NOT_IDENTIFIED
6.640000000000001,-1.2264594499472188,-0.5025272115818288,0.0,-1.2264594499472188,0.0,-17.928217728117463,-0.23812678662605227,3.37777017982121,-0.02892751324948013,-0.13874590437226972,0.12484654560404451,-80.79425940885888,20.27556286260342,nan,MODEL_NOT_IDENTIFIED
6.66,-1.5780258537548815,-0.503776027778438,0.0,-1.5780258537548815,0.0,-17.18569277844145,0.11419480660550467,4.173242038979877,-0.03721962743609748,-0.17142085163807275,0.13885991704073608,-99.82147450041803,22.551388694283027,nan,MODEL_NOT_IDENTIFIED
6.68,-1.912200894896563,-0.4979375856472972,0.0,-1.912200894896563,0.0,-16.19053500414479,0.4697792486788109,4.92086341210191,-0.0451015455302404,-0.2021302836063972,0.1511088400962758,-117.70413434521126,24.540661270549986,nan,MODEL_NOT_IDENTIFIED
6.7,-2.2240312935353557,-0.48499619170244546,0.0,-2.2240312935353557,0.0,-14.953284278039302,0.8236570200172765,5.609429058979636,-0.052456438501714144,-0.23041393178544056,0.16139616786482588,-134.17421624308994,26.21136316983174,nan,MODEL_NOT_IDENTIFIED
6.72,-2.5088103730797986,-0.4650361051937827,0.0,-2.5088103730797986,0.0,-13.488040390210209,1.1708139314190973,6.228411586242129,-0.05917329375286097,-0.25583937104377796,0.16954969003417575,-148.97991118822208,27.535526770005294,nan,MODEL_NOT_IDENTIFIED
6.74,-2.7621478473739614,-0.4382417323752624,0.0,-2.7621478473739614,0.0,-11.812313445405042,1.5062612190962292,6.768119286486975,-0.06514856113291957,-0.2780085030393458,0.17542490641331887,-161.88939928751276,28.48968468002483,nan,MODEL_NOT_IDENTIFIED
6.76,-2.9800361112638996,-0.404896411131014,0.0,-2.9800361112638996,0.0,-9.946824096960993,1.825106250699673,7.219844375320177,-0.07028771648033334,-0.29656364523114637,0.17890744803961334,-172.6943955026819,29.055262937107813,nan,MODEL_NOT_IDENTIFIED
6.78,-3.1589120513087092,-0.36537978360120554,0.0,-3.1589120513087092,0.0,-7.915255740626265,2.122622853646206,7.575999402966896,-0.07450671950231025,-0.31119313414746763,0.17991510684706208,-181.2134125350904,29.218910632729926,nan,MODEL_NOT_IDENTIFIED
6.8,-3.2957134429818393,-0.32016377432966,0.0,-3.2957134429818393,0.0,-5.743961498489578,2.394320268712781,7.83023975313156,-0.07773334397027949,-0.32163635717141714,0.17839943985783613,-187.29469092582164,28.972760439545663,nan,MODEL_NOT_IDENTIFIED
6.82,-3.387929064138431,-0.26980721136331304,0.0,-3.387929064138431,0.0,-3.4616294999545767,2.636009737461152,7.977570309119533,-0.07990835970596577,-0.32768813397800334,0.17434691938866922,-190.81875044605036,28.314615409364556,nan,MODEL_NOT_IDENTIFIED
6.84,-3.433641731104308,-0.2149491473891869,0.0,-3.433641731104308,0.0,-1.0989106033220235,2.8438677517108597,8.01443456395756,-0.08098654763902902,-0.3292023768377062,0.1677796067717771,-191.70052155827426,27.248058388039563,nan,MODEL_NOT_IDENTIFIED
6.86,-3.4315635525737616,-0.156300957116957,0.0,-3.4315635525737616,0.0,1.3119867114603112,3.0144950269107444,7.938784674998776,-0.08093753131241524,-0.3260949681922182,0.15875533349839666,-189.8910210809177,25.78248143387985,nan,MODEL_NOT_IDENTIFIED
6.88,-3.381062796503178,-0.09463730542736501,0.0,-3.381062796503178,0.0,3.7377290199166726,3.1449703085867005,7.750131211488358,-0.07974641057018163,-0.31834580409452956,0.14736738041706204,-185.37854212059744,23.933033718207547,nan,MODEL_NOT_IDENTIFIED
6.9,-3.28218187510005,-0.03078609803922225,0.0,-3.28218187510005,0.0,6.144312479520649,3.2328981815884767,7.4495716126362215,-0.07741418575497645,-0.30599996315791683,0.13374365256786994,-178.18933477234395,21.720487515244386,nan,MODEL_NOT_IDENTIFIED
6.92,-3.1356460714190884,0.03438245765740412,0.0,-3.1356460714190884,0.0,8.49753309776244,3.2764501249498448,7.039796660390271,-0.0739579635352474,-0.2891679724327582,0.1180453543133563,-168.3877609444986,19.17102303823144,nan,MODEL_NOT_IDENTIFIED
6.94,-2.942862756436629,0.09996753963968104,0.0,-2.942862756436629,0.0,10.763466327558895,3.2743981399572877,6.525074571528382,-0.0694109384390049,-0.26802515397040005,0.10046517653816808,-156.0759138509884,16.315934033630057,nan,MODEL_NOT_IDENTIFIED
6.96,-2.705910976109548,0.16504999168951867,0.0,-2.705910976109548,0.0,12.90894935549817,3.2261403744584656,5.911212623843298,-0.06382214725215031,-0.24281004857332475,0.08122501473362513,-141.3927001324277,13.191257189210951,nan,MODEL_NOT_IDENTIFIED
6.98,-2.427521422066097,0.2287050322523413,0.0,-2.427521422066097,0.0,14.902059318667067,3.1317182713346465,5.205496546842622,-0.05725599660325982,-0.21382192619648147,0.06057324365925539,-124.51239011760813,9.837329528525132,nan,MODEL_NOT_IDENTIFIED
7.0,-2.1110469353802666,0.29001521841556466,0.0,-2.1110469353802666,0.0,16.71258064966374,2.9918248820625464,4.416608224150521,-0.04979156725981861,-0.1814174054761191,0.03878158088215645,-105.6426493137566,6.298279037540535,nan,MODEL_NOT_IDENTIFIED
7.0200000000000005,-1.7604238284562448,0.34808348571028824,0.0,-1.7604238284562448,0.0,18.312454808656312,2.8078041059192045,3.5545225682269375,-0.041521701858598034,-0.14600621773693132,0.01614157773969558,-85.02207171098051,2.6214547833848534,nan,MODEL_NOT_IDENTIFIED
7.04,-1.3801244434801585,0.402046080890393,0.0,-1.3801244434801585,0.0,19.676205816492747,2.5816407400431625,2.6303847336477464,-0.03255188593998913,-0.10804616338234294,-0.007039217941495833,-62.91724279675153,-1.1431962749615792,nan,MODEL_NOT_IDENTIFIED
7.0600000000000005,-0.9751014952712069,0.4510852038234164,0.0,-0.9751014952712069,0.0,20.78133525303732,2.315941353567967,1.6563691285973332,-0.022998935207568124,-0.06803732062484777,-0.030441377794990496,-39.61936719442589,-4.943797732811234,nan,MODEL_NOT_IDENTIFIED
7.08,-0.5507248698028666,0.4944411761866295,0.0,-0.5507248698028666,0.0,21.608680727890984,2.0139061286308806,0.6455219611066463,-0.012989504845615766,-0.026515577886546297,-0.05373793334159327,-15.44050246264129,-8.72724864194055,nan,MODEL_NOT_IDENTIFIED
7.1000000000000005,-0.11271166534419058,0.5314239588133467,0.0,-0.11271166534419058,0.0,22.14273226289312,1.6792919404251156,-0.38841068720833555,-0.0026584394557483,0.01595442827535051,-0.0765988827877524,9.290553278892546,-12.43995543211851,nan,MODEL_NOT_IDENTIFIED
7.12,0.3329496306473815,0.5614238462559704,0.0,0.3329496306473815,0.0,22.37190154243997,1.316367075780443,-1.4311670354898596,0.00785301532176717,0.058786878347458,-0.09869580293919504,34.232666690454266,-16.02858090375502,nan,MODEL_NOT_IDENTIFIED
7.140000000000001,0.7800798406956321,0.583921176364368,0.0,0.7800798406956321,0.0,22.28873958257185,0.9298581132008248,-2.4681635981481898,0.01839911619446234,0.1013827384141073,-0.1197065026439425,59.03700944593057,-19.44079996508153,nan,MODEL_NOT_IDENTIFIED
7.16,1.2223936019180381,0.5984949043254257,0.0,1.2223936019180381,0.0,21.8900990356695,0.5248896050643653,-3.484696399550513,0.02883161536003947,0.14313802528862984,-0.13931965271367597,83.35187116883813,-22.626051549324586,nan,MODEL_NOT_IDENTIFIED
7.18,1.6535865369863283,0.6048299045411736,0.0,1.6535865369863283,0.0,21.177238076051562,0.10691731306100473,-4.466146671115663,0.03900181653775226,0.18345225576476137,-0.1572393267043563,106.82757958483433,-25.536276055076776,nan,MODEL_NOT_IDENTIFIED
7.2,2.06742389898213,0.6027228797738541,0.0,2.06742389898213,0.0,20.155863593371038,-0.3183441507519439,-5.398188191959299,0.04876266576336558,0.22173696337882434,-0.17318938728647731,129.12145998697997,-28.12662770982573,nan,MODEL_NOT_IDENTIFIED
7.22,2.4578294604150885,0.5920867749596733,0.0,2.4578294604150885,0.0,18.836112245183216,-0.7449983342111345,-6.266993371789026,0.05797084794297915,0.25742416350833947,-0.18691765421010642,149.90276461636677,-30.356151463630127,nan,MODEL_NOT_IDENTIFIED
7.24,2.818973396217952,0.5729536127618381,0.0,2.818973396217952,0.0,17.23246877636445,-1.1670475849202384,-7.059435152355877,0.06648885967859448,0.2899746467128952,-0.19819979206476881,168.85750202509274,-32.18841437639232,nan,MODEL_NOT_IDENTIFIED
7.26,3.1453579074281266,0.545475689043928,0.0,3.1453579074281266,0.0,15.363621889566668,-1.5784762327105626,-7.763281822297296,0.07418702880506968,0.3188859809841931,-0.2068428591310274,185.69309693176538,-33.592081965108896,nan,MODEL_NOT_IDENTIFIED
7.28,3.431899346791899,0.5099250887188987,0.0,3.431899346791899,0.0,13.252258835513434,-1.973335176772452,-8.367381899962044,0.08094545142073573,0.3437001060267056,-0.21268846258810925,200.14281250902255,-34.54143062181755,nan,MODEL_NOT_IDENTIFIED
7.3,3.674005639724858,0.4666915055690362,0.0,3.674005639724858,0.0,10.924800772317388,-2.345826703991664,-8.86183633951683,0.08665581795336108,0.3640104068271419,-0.21561547013621543,211.96986945147148,-35.01678799156939,nan,MODEL_NOT_IDENTIFIED
7.32,3.867647843720445,0.41627837332362494,0.0,3.867647843720445,0.0,8.411081806651413,-2.6903883455329947,-9.238155456444172,0.09122310097440343,0.37946815955483687,-0.21554223365705583,220.97119954052735,-35.00489410351785,nan,MODEL_NOT_IDENTIFIED
7.34,4.009424755959154,0.359297339197476,0.0,4.009424755959154,0.0,5.743975464126239,-3.00177457577575,-9.489398148019806,0.09456707904675808,0.3897882502074904,-0.21242828680384798,226.98077571566438,-34.49917706611368,nan,MODEL_NOT_IDENTIFIED
7.36,4.096619561828879,0.2964611349006026,0.0,4.096619561828879,0.0,2.958973129442713,-3.275135171592415,-9.610291200509868,0.09662367284787467,0.394754075295373,-0.20627548530384354,229.87246583181306,-33.49993825665462,nan,MODEL_NOT_IDENTIFIED
7.38,4.127247615377641,0.22857492348999264,0.0,4.127247615377641,0.0,0.09371973704145198,-3.5060890807101908,-9.59732672511174,0.09734607212889103,0.39422154413781485,-0.197128566183834,229.56236326927825,-32.014443141674896,nan,MODEL_NOT_IDENTIFIED
7.4,4.1000945552094885,0.156526223012976,0.0,4.1000945552094885,0.0,-2.8124873311078398,-3.690792695304283,-9.448836046020633,0.0967056347236332,0.388122113902914,-0.1850751099947086,226.01055429246992,-30.05691514206694,nan,MODEL_NOT_IDENTIFIED
7.42,4.0147440846123486,0.08127352935889447,0.0,4.0147440846123486,0.0,-5.719229582669374,-3.8260014906040345,-9.165038672898387,0.09469254177616201,0.3764648012096021,-0.17024489831011688,219.22228944231216,-27.648431288374205,nan,MODEL_NOT_IDENTIFIED
7.44,3.871594881183279,0.0038337807735349255,0.0,3.871594881183279,0.0,-8.585521912049995,-3.909124067475048,-8.748065322476481,0.09131619657451255,0.35933712776721144,-0.15280866719562503,209.24853419933356,-24.816719779351015,nan,MODEL_NOT_IDENTIFIED
7.46,3.6718662471220584,-0.0747311752032727,0.0,3.6718662471220584,0.0,-11.37038275797138,-3.9382677317708343,-8.201954305679088,0.08660535781962736,0.33690497197228264,-0.13297626587274616,196.18588256579358,-21.595860941864824,nan,MODEL_NOT_IDENTIFIED
7.48,3.4175922647712067,-0.15332893532447667,0.0,3.4175922647712067,0.0,-14.033412097438589,-3.9122748506056086,-7.53262096281073,0.08060800177677663,0.30941131342275385,-0.11099423831809402,180.17582597349835,-18.02589447322597,nan,MODEL_NOT_IDENTIFIED
7.5,3.1116043808296556,-0.23085152367415546,0.0,3.1116043808296556,0.0,-16.535369233302575,-3.8307493452587105,-6.747800205053307,0.07339091150340432,0.27717387274200644,-0.0871428539213818,161.40337891048745,-14.152337208538704,nan,MODEL_NOT_IDENTIFIED
7.5200000000000005,2.757502504793451,-0.30619080156472767,0.0,2.757502504793451,0.0,-18.838742224277674,-3.6940728106634286,-5.856962600592851,0.06503899517127945,0.24058166471729278,-0.06173262145701167,140.09507175095354,-10.025616976176808,nan,MODEL_NOT_IDENTIFIED
7.54,2.3596148703390547,-0.37825409287829515,0.0,2.3596148703390547,0.0,-20.908300811391843,-3.5034098906697935,-4.871204822847606,0.055654339349206244,0.20009049833115858,-0.03510032838440953,116.51633034183098,-5.700429364807857,nan,MODEL_NOT_IDENTIFIED
7.5600000000000005,1.9229470702763112,-0.4459798074748083,0.0,1.9229470702763112,0.0,-22.7116248149148,-3.2607026846629843,-3.8031156511362663,0.045355006931424344,0.15621747258043614,-0.007604654767492142,90.96827081825293,-1.2350254069159332,nan,MODEL_NOT_IDENTIFIED
7.58,1.4531208340582944,-0.5083528423102553,0.0,1.4531208340582944,0.0,-24.21960021072376,-2.9686541127008104,-2.66661907536309,0.03427359313194246,0.10953453181565515,0.020378582215607066,63.78394676067061,3.3095607312493196,nan,MODEL_NOT_IDENTIFIED
7.6000000000000005,0.9563032693616538,-0.5644195399949773,0.0,0.9563032693616538,0.0,-25.40687544310412,-2.6307003210394124,-1.4767964006498708,0.0225555565625679,0.060661158478438795,0.048461491217614616,35.324094043156705,7.87033399157515,nan,MODEL_NOT_IDENTIFIED
7.62,0.4391274337120279,-0.6133019877166778,0.0,0.4391274337120279,0.0,-26.252270988799303,-2.250972365607352,-0.24968957022366994,0.010357345819677583,0.010256294356545046,0.07624940997420077,5.97242643352529,12.383199692777431,nan,MODEL_NOT_IDENTIFIED
7.640000000000001,-0.0913947636242406,-0.6542114457526724,0.0,-0.0913947636242406,0.0,-26.739135749782527,-1.834247565482501,0.9979117795766396,-0.0021556548288548002,-0.040990406383548166,0.1033463773975475,-23.869457924617787,16.783852219603816,nan,MODEL_NOT_IDENTIFIED
7.66,-0.6279662072629856,-0.6864607041555106,0.0,-0.6279662072629856,0.0,-26.855644513238428,-1.3858910695284794,2.2486967541215814,-0.014811334187695778,-0.09236787827468497,0.12936069967627442,-53.78749269850404,21.00867897903371,nan,MODEL_NOT_IDENTIFIED
7.68,-1.1631035387614066,-0.7094751785256326,0.0,-1.1631035387614066,0.0,-26.595031468652977,-0.9117883248797628,3.485070118419666,-0.02743318829618523,-0.1431533762331054,0.1539105331857516,-83.36081030254259,24.995667086550295,nan,MODEL_NOT_IDENTIFIED
7.7,-1.6892401150314622,-0.7228025709513954,0.0,-1.6892401150314622,0.0,-25.95575560436898,-0.41826927379772894,4.689396502005579,-0.03984274882567777,-0.19262250656300162,0.1766294057079894,-112.16758313441223,28.6853000336487,nan,MODEL_NOT_IDENTIFIED
7.72,-2.1988315653936814,-0.7261209400259724,0.0,-2.1988315653936814,0.0,-24.941594708853874,0.08797476649653632,5.844248547666496,-0.05186207276892701,-0.240059419958889,0.19717159724447036,-139.79095914542262,32.02143155269384,nan,MODEL_NOT_IDENTIFIED
7.74,-2.6844624945908855,-0.7192450441276851,0.0,-2.6844624945908855,0.0,-23.561665663486444,0.599980470014064,6.932655559025029,-0.06331625915830502,-0.28476702499910295,0.21521730259658506,-165.82500934323,34.95212403999136,nan,MODEL_NOT_IDENTIFIED
7.76,-3.138952842826956,-0.7021308446231738,0.0,-3.138952842826956,0.0,-21.830369721151662,1.1106069403169148,7.93834914731138,-0.07403595769454734,-0.32607707837744393,0.23047749988949284,-189.8806035169385,37.430439222931106,nan,MODEL_NOT_IDENTIFIED
7.78,-3.555462398137774,-0.6748780800348895,0.0,-3.555462398137774,0.0,-19.767262504764382,1.612633959299397,8.846002371569252,-0.083859833796042,-0.36336000786992073,0.24269845231338658,-211.5911303289963,39.4151692602155,nan,MODEL_NOT_IDENTIFIED
7.8,-3.9275919616454917,-0.6377308481882678,0.0,-3.9275919616454917,0.0,-17.396849517806803,2.098862713578268,9.641458909807952,-0.09263695470236795,-0.396034325810819,0.25166577452277045,-230.61797895323636,40.87149714086206,nan,MODEL_NOT_IDENTIFIED
7.82,-4.249479692709932,-0.5910761605753303,0.0,-4.249479692709932,0.0,-14.748309020392085,2.562217612262035,10.311948891309385,-0.10022906188994143,-0.42357549465993444,0.2572080003254898,-246.65570165565398,41.7715760907288,nan,MODEL_NOT_IDENTIFIED
7.84,-4.515891208592481,-0.5354404612737261,0.0,-4.515891208592481,0.0,-11.85514517433601,2.9958477753039863,10.846288161799821,-0.10651269618036838,-0.44552411205513537,0.2591995944498369,-259.43678009913475,42.095018695164654,nan,MODEL_NOT_IDENTIFIED
7.86,-4.7223020816093495,-0.47148413135923833,0.0,-4.7223020816093495,0.0,-8.754775384265123,3.3932267566368677,11.235057942181829,-0.11138114353448937,-0.46149329050722454,0.257563358226631,-268.73592267377006,41.82928759110273,nan,MODEL_NOT_IDENTIFIED
7.88,-4.864971465195729,-0.3999940284490953,0.0,-4.864971465195729,0.0,-5.488056744112329,3.748249071321291,11.47076207598331,-0.1147461716111761,-0.47117511652485494,0.2522721868766701,-274.37382576257795,40.96998085735307,nan,MODEL_NOT_IDENTIFIED
7.9,-4.941005687860517,-0.32187413940969234,0.0,-4.941005687860517,0.0,-2.0987574250268004,4.055322121221266,11.547959337940725,-0.11653952970682632,-0.47434608534604067,0.24335014465275145,-276.22033848434364,39.52100662183363,nan,MODEL_NOT_IDENTIFIED
7.92,-4.948410779430589,-0.2381344519508975,0.0,-4.948410779430589,0.0,1.3670203020844376,4.309452159172215,11.463368592873966,-0.11671418764966832,-0.4708714204632947,0.23087283323861785,-274.1969780315393,37.49464289098684,nan,MODEL_NOT_IDENTIFIED
7.94,-4.886133035742267,-0.1498781774097181,0.0,-4.886133035742267,0.0,4.861457941510218,4.506322996867434,11.215944946310675,-0.11524529256653351,-0.46070820160056974,0.21496703843383838,-268.2787511480932,34.91148017003504,nan,MODEL_NOT_IDENTIFIED
7.96,-4.754086884262599,-0.058287482108557054,0.0,-4.754086884262599,0.0,8.335671397256714,4.642366246111878,10.806925411701041,-0.11213082612686824,-0.44390724054810926,0.19580965012457394,-258.4952464620844,31.800246062046938,nan,MODEL_NOT_IDENTIFIED
7.98,-4.553169482011184,0.03539209211685165,0.0,-4.553169482011184,0.0,11.740385624654825,4.714821985751891,10.239843028554027,-0.1073919488521821,-0.4206136610815871,0.1736258607195438,-244.93097218318755,28.19751268695648,nan,MODEL_NOT_IDENTIFIED
8.0,-4.285261656396557,0.12986831664069715,0.0,-4.285261656396557,0.0,15.026624127079454,4.72178886629042,9.520508796008503,-0.10107302230679972,-0.39106615686217794,0.1486866574776408,-227.7249239644091,24.147289425848754,nan,MODEL_NOT_IDENTIFIED
