time_s,delta_w_mps,delta_q_rads,delta_e_rad,delta_w_dot,delta_q_dot,perturbation_az_mps2,delta_alpha_rad,delta_CL,delta_Cm,delta_Lift_N,delta_PitchMom_Nm,total_thrust_N,propulsion_model_status
0.0,0.0,0.0,0.0,0.0,-0.0,-0.0,0.0,0.0,-0.0,0.0,-0.0,nan,MODEL_NOT_IDENTIFIED
0.02,0.0,0.0,0.0,0.0,-0.0,-0.0,0.0,0.0,-0.0,0.0,-0.0,nan,MODEL_NOT_IDENTIFIED
0.04,0.0,0.0,0.0,0.0,-0.0,-0.0,0.0,0.0,-0.0,0.0,-0.0,nan,MODEL_NOT_IDENTIFIED
0.06,0.0,0.0,0.0,0.0,-0.0,-0.0,0.0,0.0,-0.0,0.0,-0.0,nan,MODEL_NOT_IDENTIFIED
0.08,0.0,0.0,0.0,0.0,-0.0,-0.0,0.0,0.0,-0.0,0.0,-0.0,nan,MODEL_NOT_IDENTIFIED
0.1,0.0,0.0,0.0,0.0,-0.0,-0.0,0.0,0.0,-0.0,0.0,-0.0,nan,MODEL_NOT_IDENTIFIED
0.12,0.0,0.0,0.0,0.0,-0.0,-0.0,0.0,0.0,-0.0,0.0,-0.0,nan,MODEL_NOT_IDENTIFIED
0.14,0.0,0.0,0.0,0.0,-0.0,-0.0,0.0,0.0,-0.0,0.0,-0.0,nan,MODEL_NOT_IDENTIFIED
0.16,0.0,0.0,0.0,0.0,-0.0,-0.0,0.0,0.0,-0.0,0.0,-0.0,nan,MODEL_NOT_IDENTIFIED
0.18,0.0,0.0,0.0,0.0,-0.0,-0.0,0.0,0.0,-0.0,0.0,-0.0,nan,MODEL_NOT_IDENTIFIED
0.2,0.0,0.0,0.0,0.0,-0.0,-0.0,0.0,0.0,-0.0,0.0,-0.0,nan,MODEL_NOT_IDENTIFIED
0.22,0.0,0.0,0.0,0.0,-0.0,-0.0,0.0,0.0,-0.0,0.0,-0.0,nan,MODEL_NOT_IDENTIFIED
0.24,0.0,0.0,0.0,0.0,-0.0,-0.0,0.0,0.0,-0.0,0.0,-0.0,nan,MODEL_NOT_IDENTIFIED
0.26,0.0,0.0,0.0,0.0,-0.0,-0.0,0.0,0.0,-0.0,0.0,-0.0,nan,MODEL_NOT_IDENTIFIED
0.28,0.0,0.0,0.0,0.0,-0.0,-0.0,0.0,0.0,-0.0,0.0,-0.0,nan,MODEL_NOT_IDENTIFIED
0.3,0.0,0.0,0.0,0.0,-0.0,-0.0,0.0,0.0,-0.0,0.0,-0.0,nan,MODEL_NOT_IDENTIFIED
0.32,0.0,0.0,0.0,0.0,-0.0,-0.0,0.0,0.0,-0.0,0.0,-0.0,nan,MODEL_NOT_IDENTIFIED
0.34,0.0,0.0,0.0,0.0,-0.0,-0.0,0.0,0.0,-0.0,0.0,-0.0,nan,MODEL_NOT_IDENTIFIED
0.36,0.0,0.0,0.0,0.0,-0.0,-0.0,0.0,0.0,-0.0,0.0,-0.0,nan,MODEL_NOT_IDENTIFIED
0.38,0.0,0.0,0.0,0.0,-0.0,-0.0,0.0,0.0,-0.0,0.0,-0.0,nan,MODEL_NOT_IDENTIFIED
0.4,0.0,0.0,0.0,0.0,-0.0,-0.0,0.0,0.0,-0.0,0.0,-0.0,nan,MODEL_NOT_IDENTIFIED
0.42,0.0,0.0,0.0,0.0,-0.0,-0.0,0.0,0.0,-0.0,0.0,-0.0,nan,MODEL_NOT_IDENTIFIED
0.44,0.0,0.0,0.0,0.0,-0.0,-0.0,0.0,0.0,-0.0,0.0,-0.0,nan,MODEL_NOT_IDENTIFIED
0.46,0.0,0.0,0.0,0.0,-0.0,-0.0,0.0,0.0,-0.0,0.0,-0.0,nan,MODEL_NOT_IDENTIFIED
0.48,0.0,0.0,0.0,0.0,-0.0,-0.0,0.0,0.0,-0.0,0.0,-0.0,nan,MODEL_NOT_IDENTIFIED
0.5,0.0,0.0,0.0,0.0,-0.0,-0.0,0.0,0.0,-0.0,0.0,-0.0,nan,MODEL_NOT_IDENTIFIED
0.52,0.0,0.0,0.0,0.0,-0.0,-0.0,0.0,0.0,-0.0,0.0,-0.0,nan,MODEL_NOT_IDENTIFIED
0.54,0.0,0.0,0.0,0.0,-0.0,-0.0,0.0,0.0,-0.0,0.0,-0.0,nan,MODEL_NOT_IDENTIFIED
0.56,0.0,0.0,0.0,0.0,-0.0,-0.0,0.0,0.0,-0.0,0.0,-0.0,nan,MODEL_NOT_IDENTIFIED
0.58,0.0,0.0,0.0,0.0,-0.0,-0.0,0.0,0.0,-0.0,0.0,-0.0,nan,MODEL_NOT_IDENTIFIED
0.6,0.0,0.0,0.0,0.0,-0.0,-0.0,0.0,0.0,-0.0,0.0,-0.0,nan,MODEL_NOT_IDENTIFIED
0.62,0.0,0.0,0.0,0.0,-0.0,-0.0,0.0,0.0,-0.0,0.0,-0.0,nan,MODEL_NOT_IDENTIFIED
0.64,0.0,0.0,0.0,0.0,-0.0,-0.0,0.0,0.0,-0.0,0.0,-0.0,nan,MODEL_NOT_IDENTIFIED
0.66,0.0,0.0,0.0,0.0,-0.0,-0.0,0.0,0.0,-0.0,0.0,-0.0,nan,MODEL_NOT_IDENTIFIED
0.68,0.0,0.0,0.0,0.0,-0.0,-0.0,0.0,0.0,-0.0,0.0,-0.0,nan,MODEL_NOT_IDENTIFIED
0.7000000000000001,0.0,0.0,0.0,0.0,-0.0,-0.0,0.0,0.0,-0.0,0.0,-0.0,nan,MODEL_NOT_IDENTIFIED
0.72,0.0,0.0,0.0,0.0,-0.0,-0.0,0.0,0.0,-0.0,0.0,-0.0,nan,MODEL_NOT_IDENTIFIED
0.74,0.0,0.0,0.0,0.0,-0.0,-0.0,0.0,0.0,-0.0,0.0,-0.0,nan,MODEL_NOT_IDENTIFIED
0.76,0.0,0.0,0.0,0.0,-0.0,-0.0,0.0,0.0,-0.0,0.0,-0.0,nan,MODEL_NOT_IDENTIFIED
0.78,0.0,0.0,0.0,0.0,-0.0,-0.0,0.0,0.0,-0.0,0.0,-0.0,nan,MODEL_NOT_IDENTIFIED
0.8,0.0,0.0,0.0,0.0,-0.0,-0.0,0.0,0.0,-0.0,0.0,-0.0,nan,MODEL_NOT_IDENTIFIED
0.8200000000000001,0.0,0.0,0.0,0.0,-0.0,-0.0,0.0,0.0,-0.0,0.0,-0.0,nan,MODEL_NOT_IDENTIFIED
0.84,0.0,0.0,0.0,0.0,-0.0,-0.0,0.0,0.0,-0.0,0.0,-0.0,nan,MODEL_NOT_IDENTIFIED
0.86,0.0,0.0,0.0,0.0,-0.0,-0.0,0.0,0.0,-0.0,0.0,-0.0,nan,MODEL_NOT_IDENTIFIED
0.88,0.0,0.0,0.0,0.0,-0.0,-0.0,0.0,0.0,-0.0,0.0,-0.0,nan,MODEL_NOT_IDENTIFIED
0.9,0.0,0.0,0.0,0.0,-0.0,-0.0,0.0,0.0,-0.0,0.0,-0.0,nan,MODEL_NOT_IDENTIFIED
0.92,0.0,0.0,0.0,0.0,-0.0,-0.0,0.0,0.0,-0.0,0.0,-0.0,nan,MODEL_NOT_IDENTIFIED
0.9400000000000001,0.0,0.0,0.0,0.0,-0.0,-0.0,0.0,0.0,-0.0,0.0,-0.0,nan,MODEL_NOT_IDENTIFIED
0.96,0.0,0.0,0.0,0.0,-0.0,-0.0,0.0,0.0,-0.0,0.0,-0.0,nan,MODEL_NOT_IDENTIFIED
0.98,0.0,0.0,0.0,0.0,-0.0,-0.0,0.0,0.0,-0.0,0.0,-0.0,nan,MODEL_NOT_IDENTIFIED
1.0,0.0005802226954611419,0.007194016582538105,-0.05,0.46906225627363635,2.129366846895074,0.1640526432924922,1.3685246349827206e-05,-0.006738656316600853,0.08268025690633586,-3.9240419309948984,13.427594158010129,nan,MODEL_NOT_IDENTIFIED
1.02,0.02653806517238304,0.04794842502480377,-0.05,2.089025162646608,1.9430408978538098,0.056123181940985645,0.000625932012609724,-0.002305326064268723,0.07544548786805953,-1.3424332264164254,12.252639627051632,nan,MODEL_NOT_IDENTIFIED
1.04,0.08261713537026157,0.08481432002252576,-0.05,3.480804354809464,1.7414839171038214,-0.11512604492317582,0.0019486239664590506,0.00472893843254726,0.06761931974020777,2.7537467154533752,10.981639591913927,nan,MODEL_NOT_IDENTIFIED
1.06,0.16424720078446925,0.11754382807136163,-0.05,4.644511662868115,1.5302971558329161,-0.3390739456764924,0.0038739667072459918,0.013927863275899063,0.05941924106303849,8.110447682151639,9.649915034435635,nan,MODEL_NOT_IDENTIFIED
1.08,0.2669044288799731,0.14599649698570094,-0.05,5.5845785784001665,1.3146130413370063,-0.6053341819205473,0.006295260233106461,0.024864817334156217,0.05104453661831576,14.47923461913173,8.289830575525311,nan,MODEL_NOT_IDENTIFIED
1.1,0.38619192709608297,0.17012946454015188,-0.05,6.309169434577563,1.0990522287273825,-0.903925161567144,0.00910879857332012,0.03712979490899582,0.04267461980877673,21.621353763540004,6.930523647123826,nan,MODEL_NOT_IDENTIFIED
1.12,0.5179084997572438,0.1899869171727857,-0.05,6.829591955869766,0.8876953722122561,-1.2254125626085075,0.012215491502300216,0.05033527006779881,0.03446793657753015,29.311141728270808,5.597726484466706,nan,MODEL_NOT_IDENTIFIED
1.1400000000000001,0.6581056867956727,0.2056891216110806,-0.05,7.159716681170249,0.684068439445767,-1.5610248763774306,0.015522209866098162,0.0641209427196913,0.026561395185316916,37.338789228222694,4.313673519701279,nan,MODEL_NOT_IDENTIFIED
1.16,0.8031333642492452,0.21742128748103506,-0.05,7.315415257036062,0.49114027205855026,-1.9027429147728678,0.01894286112469468,0.07815741523067855,0.019070271489414994,45.51248204004943,3.097085998813741,nan,MODEL_NOT_IDENTIFIED
1.18,0.9496743712131234,0.22542249214286106,-0.05,7.3140260760423805,0.31133101374904837,-2.243364610633157,0.02239920607007561,0.09214885417560215,0.012088536194322416,53.65995098865573,1.963225128408363,nan,MODEL_NOT_IDENTIFIED
1.2,1.0947687823178125,0.22997487090711233,-0.05,7.17385422963012,0.14652998128011466,-2.576546755130939,0.025821431321662234,0.10583470475099085,0.005689548756892718,61.62947028092994,0.9240047685907962,nan,MODEL_NOT_IDENTIFIED
1.22,1.2358285694747413,0.23139324710473638,-0.05,6.913711281997953,-0.0018784598884634524,-2.8968255629095876,0.029148495141119543,0.11899053551235815,-7.293790001138001e-05,69.29034941161073,-0.011845397640694586,nan,MODEL_NOT_IDENTIFIED
1.24,1.3706434926636597,0.2300153478269466,-0.05,6.552498974369696,-0.1329824383079497,-3.1996181378858815,0.03232826637362374,0.13142809858378002,-0.0051635171174777145,76.53296822441759,-0.8385751916563766,nan,MODEL_NOT_IDENTIFIED
1.26,1.4973791284417695,0.2261927230577509,-0.05,6.108839656263244,-0.24630492001989107,-3.4812070342679005,0.03531747794789171,0.14299469548344845,-0.009563666351917507,83.26840762075548,-1.5531764805912793,nan,MODEL_NOT_IDENTIFIED
1.28,1.6145679884801236,0.22028245886144035,-0.05,5.600755027301009,-0.3417621731475181,-3.7387101731195043,0.0380815173962378,0.1535719414109837,-0.01327013441479434,89.4277299817792,-2.15512125882675,nan,MODEL_NOT_IDENTIFIED
1.3,1.7210947008912643,0.2126397496532568,-0.05,5.045393671087694,-0.4196195939927471,-3.9700383899912,0.040594077338459655,0.1630740214661717,-0.016293226263404056,94.9609637329013,-2.646083091365628,nan,MODEL_NOT_IDENTIFIED
1.32,1.8161762267103942,0.20361137069481305,-0.05,4.458806879749688,-0.48044604082363757,-4.173842859330374,0.042836688863881096,0.17144553104444357,-0.018655029847418153,99.8358457668666,-3.0296491468388402,nan,MODEL_NOT_IDENTIFIED
1.34,1.8993380650655158,0.1935300700670737,-0.05,3.855771408697726,-0.5250677165166895,-4.349454572383643,0.04479816030182585,0.17865898982014664,-0.02038762543810857,104.0363737910707,-3.3110293856315667,nan,MODEL_NOT_IDENTIFIED
1.36,1.9703873658215072,0.18270987966616756,-0.05,3.2496570679429597,-0.5545225286390532,-4.496817942981719,0.046473943051164764,0.18471211452564637,-0.02153131349587839,107.56121821731139,-3.4967687587021303,nan,MODEL_NOT_IDENTIFIED
1.3800000000000001,2.029383820322084,0.1714423273615676,-0.05,2.6523364481570306,-0.5700157384358334,-4.616420485773957,0.047865445003643696,0.18962493040165435,-0.022132892584126804,110.42204010686534,-3.5944675341195356,nan,MODEL_NOT_IDENTIFIED
1.4000000000000001,2.076609141757357,0.15999351741506415,-0.05,2.0741335936164953,-0.5728775912804566,-4.709220359821822,0.04897931070184399,0.19343679496465,-0.022244014220479225,112.64175805621664,-3.6125141185272813,nan,MODEL_NOT_IDENTIFIED
1.42,2.1125358790483193,0.1486020335930556,-0.05,1.5238080652379642,-0.5645235029183627,-4.7765734023896576,0.04982668577734252,0.19620340083355278,-0.021919636965802167,114.25280288860651,-3.5598339952080313,nan,MODEL_NOT_IDENTIFIED
1.44,2.1377962342417125,0.13747760907822626,-0.05,1.008570578473801,-0.5464172604530072,-4.8201610983899315,0.050422481471668085,0.19799381698950974,-0.021216597571332915,115.29539472588391,-3.4456576728397965,nan,MODEL_NOT_IDENTIFIED
1.46,2.1531514753817116,0.126800499223626,-0.05,0.5341262449510786,-0.5200375863489871,-4.841920744972465,0.05078465320229106,0.1988876202038168,-0.020192312706934792,115.8158725668978,-3.279309841132993,nan,MODEL_NOT_IDENTIFIED
1.48,2.1594624566315215,0.11672148728231417,-0.05,0.10474138442756065,-0.4868483093147767,-4.843978882492065,0.050933505244426615,0.19897216063619588,-0.01890362073930818,115.86510199572363,-3.070021271123099,nan,MODEL_NOT_IDENTIFIED
1.5,2.15650123144285,0.0929744161857312,0.05,-1.214794617344639,-4.707005982822161,-5.156694162974091,0.05086366120605774,0.21181731056993208,-0.18276628307934445,123.34506603925608,-29.68195270289938,nan,MODEL_NOT_IDENTIFIED
1.52,2.0956510979550975,0.0029205526745005733,0.05,-4.786495058903914,-4.291750948993131,-4.910319716620534,0.04942843801724758,0.20169718884650836,-0.16664252641961408,117.4519354025658,-27.06339213196843,nan,MODEL_NOT_IDENTIFIED
1.54,1.9684246400350442,-0.07847467854798182,0.05,-7.851664235579374,-3.8432846610184415,-4.524519926399177,0.04642764981562775,0.18585000625230136,-0.14922922445257863,108.22383323112749,-24.235404405356594,nan,MODEL_NOT_IDENTIFIED
1.56,1.7849623108366586,-0.15067253176974127,0.05,-10.41101311109692,-3.373991073217348,-4.022847324333597,0.042100471319106575,0.1652432108912082,-0.13100722834116718,96.2241221223779,-21.27608161551507,nan,MODEL_NOT_IDENTIFIED
1.58,1.5552929333100498,-0.2133716719105333,0.05,-12.474778973027766,-2.8952088008856602,-3.428315106299985,0.03668344431369947,0.1408220969971033,-0.11241680023512943,82.00326407297845,-18.256924041847554,nan,MODEL_NOT_IDENTIFIED
1.6,1.2891561722543181,-0.2664862739188391,0.05,-14.06142247416383,-2.4171373564458443,-2.7630227081605425,0.030406290444531824,0.1134944250307592,-0.09385397255538824,66.08986448198996,-15.242248884379087,nan,MODEL_NOT_IDENTIFIED
1.62,0.9958511566160189,-0.3101225764819676,0.05,-15.196320066912692,-1.948775935440112,-2.0478423084547033,0.023488340791666402,0.08411754440717567,-0.0756681711420545,48.983173481176095,-12.288804253781914,nan,MODEL_NOT_IDENTIFIED
1.6400000000000001,0.6841110849128502,-0.3445545153134845,0.05,-15.910477206559772,-1.49789212775347,-1.3021651237435545,0.01613557828902077,0.05348797227684422,-0.058161000356148365,31.147017470109333,-9.445571867186553,nan,MODEL_NOT_IDENTIFIED
1.6600000000000001,0.3620031725077008,-0.37019900601180195,0.05,-16.23928435197118,-1.071017666364579,-0.5437053587647247,0.008538277861140062,0.022333340546530044,-0.0415860780097001,13.005109720149473,-6.753740240190422,nan,MODEL_NOT_IDENTIFIED
1.68,0.03685289265852665,-0.3875913868164756,0.05,-16.221334416048613,-0.6734681483037157,0.2116411729525382,0.0008692195577335044,-0.008693411446145865,-0.02614980110222844,-5.062331336594263,-4.246829045429612,nan,MODEL_NOT_IDENTIFIED
1.7,-0.2848088762847745,-0.39736146916968446,0.05,-15.897316980509277,-0.3093835637780432,0.949887433676871,-0.006717558042911181,-0.0390177495866009,-0.0120129195084753,-22.72074405303874,-1.950944685566016,nan,MODEL_NOT_IDENTIFIED
1.72,-0.5972774588484121,-0.40021058032548706,0.05,-15.309001349273856,0.018213557700609312,1.6589987679804392,-0.014087503345664483,-0.06814533617207523,0.0007072062909500992,-39.682266608879736,0.11485304250598997,nan,MODEL_NOT_IDENTIFIED
1.74,-0.8956866171570859,-0.3968899186931538,0.05,-14.498317422120119,0.30734553869654163,2.3288943458582367,-0.021125840309117995,-0.09566208918946345,0.011933785921152934,-55.705771529149665,1.9380930842939503,nan,MODEL_NOT_IDENTIFIED
1.76,-1.1760034342552332,-0.388180480347914,0.05,-13.50654046686746,0.5569955449357994,2.9514113211696875,-0.02773744776259534,-0.12123271008092058,0.021627337167443778,-70.59600837539767,3.5123633751146404,nan,MODEL_NOT_IDENTIFIED
1.78,-1.4350079622342204,-0.37487475522378694,0.05,-12.373583187335067,0.7670150985473321,3.52023672472138,-0.033846379382886524,-0.14459788617169841,0.029782094847303126,-84.20197466862159,4.836727626983294,nan,MODEL_NOT_IDENTIFIED
1.8,-1.6702597945535826,-0.35776033478544617,0.05,-11.137396050719484,0.9380258569079192,4.030812140206732,-0.03939507526245735,-0.1655703751216459,0.03642219702397488,-96.41463579427962,5.915105954920438,nan,MODEL_NOT_IDENTIFIED
1.82,-1.8800537190790845,-0.3376055201642965,0.05,-9.83347466930725,1.0713181902481321,4.48021614085214,-0.04434331593330306,-0.18403017587143042,0.04159774692054789,-107.16411295659088,6.7556353165362495,nan,MODEL_NOT_IDENTIFIED
1.84,-2.0633665648610564,-0.3151469713868926,0.05,-8.49447113795397,1.1687488572327314,4.86702930787666,-0.04866696868463219,-0.19991898411615225,0.045380839809679954,-116.41645450014597,7.370024263523503,nan,MODEL_NOT_IDENTIFIED
1.86,-2.219797277097682,-0.2910793948217836,0.05,-7.149904614465766,1.232639827328613,5.191186421781873,-0.052356574159191774,-0.21323412088779137,0.04786163443143583,-124.17010041322315,7.772914924688823,nan,MODEL_NOT_IDENTIFIED
1.8800000000000001,-2.3495021466442645,-0.26604722758530874,0.05,-5.825965093092974,1.2656800385884495,5.453820126956118,-0.05541581866376331,-0.2240221108939586,0.04914453838910106,-130.45214287784134,7.98126349944892,nan,MODEL_NOT_IDENTIFIED
1.9000000000000001,-2.453126988327434,-0.24063824451165094,0.05,-4.54540325491181,1.2708316155897215,5.657100031654923,-0.057859934513573234,-0.23237207335932603,0.049344566726425385,-135.31447763671846,8.013748876662191,nan,MODEL_NOT_IDENTIFIED
1.92,-2.5317379115070717,-0.2153789854261174,0.05,-3.3274984717125253,1.2512418101210268,5.804070831108664,-0.05971406717318192,-0.23840907274085418,0.048583922710924474,-138.8299319940133,7.890217340585377,nan,MODEL_NOT_IDENTIFIED
1.94,-2.5867521618410776,-0.1907318777794513,0.05,-2.1880964772961127,1.2101616715777388,5.898492642596174,-0.06101164407677678,-0.24228756030213516,0.04698883992213233,-141.08844572498003,7.631169713766905,nan,MODEL_NOT_IDENTIFIED
1.96,-2.6198703397645207,-0.16709391203251098,0.05,-1.1397078840529202,1.150872209015115,5.94468632824963,-0.061792775919921106,-0.24418502056469704,0.0446867152301544,-142.19337128919773,7.257295741652469,nan,MODEL_NOT_IDENTIFIED
1.98,-2.6330111231322553,-0.14479671427725488,0.05,-0.19165859336165436,1.0766185758280657,5.947386163616829,-0.06210271701499363,-0.2442959194949783,0.04180355328129341,-142.25794974995912,6.789059067146488,nan,MODEL_NOT_IDENTIFIED
2.0,-2.6276692200173484,-0.11691383554976809,0.0,1.1187790521611296,3.1199194407328057,6.075654439372821,-0.06197672183990606,-0.24956469059976047,0.12114199169720188,-145.32605083252162,19.673928950726424,nan,MODEL_NOT_IDENTIFIED
2.02,-2.5812208180661376,-0.05728478057664526,0.0,3.469872420721006,2.83872463613491,5.898614216479827,-0.06088118071710852,-0.24229255409316816,0.11022360122879497,-141.0913537001738,17.900740023235084,nan,MODEL_NOT_IDENTIFIED
2.04,-2.491141777162084,-0.003505913914528244,0.0,5.481475965458571,2.53632244743499,5.630118581714287,-0.05875655878251083,-0.2312637783972671,0.09848175848938855,-134.66909735633294,15.99381925555366,nan,MODEL_NOT_IDENTIFIED
2.06,-2.3642201786193193,0.044081855882385904,0.0,7.154878291392022,2.2209252861008175,5.285909871884507,-0.05576296105398501,-0.21712499861187837,0.08623533962330042,-126.43582916096747,14.004953369358901,nan,MODEL_NOT_IDENTIFIED
2.08,-2.20715414075691,0.08529490037514639,0.0,8.497642859019132,1.9000368340423524,4.881336967281795,-0.052058370664548395,-0.20050668814512232,0.07377570182385003,-116.758685227511,11.981459902032706,nan,MODEL_NOT_IDENTIFIED
2.1,-2.0264350430446183,0.12009205853939905,0.0,9.522734160531215,1.5803919640511317,4.431109492036506,-0.04779589456415111,-0.18201306220238345,0.06136435053029403,-105.98951104115801,9.965808350403417,nan,MODEL_NOT_IDENTIFIED
2.12,-1.8282482656756793,0.14855884121899957,0.0,10.247642970775436,1.2679182561270645,3.9490927596014824,-0.04312142234376219,-0.16221365492956427,0.04923144516205795,-94.4599566764418,7.995377496193867,nan,MODEL_NOT_IDENTIFIED
2.14,-1.6183912921219132,0.17089106716510052,0.0,10.693527398205966,0.9677173278723797,3.4481426176815266,-0.03817169458616399,-0.1416365354732666,0.03757507420474262,-82.4775263858979,6.10233767717932,nan,MODEL_NOT_IDENTIFIED
2.16,-1.4022087101209146,0.18737830766693883,0.0,10.88438421476685,0.6840640280575576,2.93997868736243,-0.03307276978648158,-0.12076310112812058,0.026561223897447465,-70.32254655520985,4.313645701887435,nan,MODEL_NOT_IDENTIFIED
2.18,-1.1845433795810982,0.19838747654835523,0.0,10.846262683674578,0.4204214301237931,2.435093936969909,-0.02793887258880906,-0.10002436297611109,0.016324360408940468,-58.24600276354504,2.651139397264543,nan,MODEL_NOT_IDENTIFIED
2.2,-0.969702813886827,0.2043468603556077,0.0,10.606530874940393,0.17946950231334036,1.9426980805786507,-0.022871600849075396,-0.07979862091340523,0.006968543057649289,-46.468185909460466,1.1317183999166216,nan,MODEL_NOT_IDENTIFIED
2.22,-0.7614396430285423,0.2057308408938959,0.0,10.193202298948652,-0.036854681627570884,1.47069194059834,-0.01795946483459808,-0.06041041056325681,-0.0014310143644867789,-35.178078979165434,-0.23240227884607334,nan,MODEL_NOT_IDENTIFIED
2.24,-0.5629448911407087,0.20304551977649918,0.0,9.634328631413378,-0.22730729791343807,1.0256696584956946,-0.013277728666773953,-0.04213059408402815,-0.008826015966000498,-24.533409925681553,-1.4333791990732276,nan,MODEL_NOT_IDENTIFIED
2.2600000000000002,-0.3768527050719317,0.19681541311847606,0.0,8.957462375716702,-0.39128073516631895,0.6129454712517528,-0.008888521850061882,-0.025177460043836662,-0.015192869069612844,-14.661292145820488,-2.467380818538715,nan,MODEL_NOT_IDENTIFIED
2.2800000000000002,-0.20525511171885322,0.187571344613571,0.0,8.189191532514613,-0.5287411076354382,0.2366016864187054,-0.004841187341355782,-0.009718694052744893,-0.020530257940280947,-5.659372015090204,-3.3341934567722964,nan,MODEL_NOT_IDENTIFIED
2.3000000000000003,-0.04972535683421769,0.17583962754550433,0.0,7.354746737724217,-0.6401621403198893,-0.10044552226926123,-0.0011728320236913362,0.004125918604720256,-0.02485657663945322,2.402597320315785,-4.036804380641401,nan,MODEL_NOT_IDENTIFIED
2.32,0.08865161659613927,0.1621325912624598,0.0,6.477679899672186,-0.726457104141216,-0.39636582224438055,0.0020909544247736966,0.016281194853957112,-0.028207286165561396,9.480835390912594,-4.580972593724339,nan,MODEL_NOT_IDENTIFIED
2.34,0.20924296016296237,0.1469404756415398,0.0,5.579612120695106,-0.7889103210869626,-0.6503231446026938,0.004935245517277417,0.026712792176078443,-0.030632254897102792,15.555343924374402,-4.974796913959455,nan,MODEL_NOT_IDENTIFIED
2.36,0.31182733659567635,0.1307246883447276,0.0,4.680047629991212,-0.8291095905577944,-0.8623758745482791,0.007354820749523944,0.03542310881238264,-0.03219313480473441,20.627519460155575,-5.228289860320434,nan,MODEL_NOT_IDENTIFIED
2.38,0.3965512411421015,0.11391239438388298,0.0,3.796249581378408,-0.8488807134215619,-1.0333716637432602,0.009353135387174522,0.04244696305724529,-0.03296081911431527,24.717637323287736,-5.352964767441266,nan,MODEL_NOT_IDENTIFIED
2.4,0.46388341768191077,0.09689238574940183,0.0,2.9431728768358036,-0.8502251135298938,-1.164839488603896,0.010941245315354772,0.047847159424989155,-0.03301302023997094,27.862269722840402,-5.361442432558946,nan,MODEL_NOT_IDENTIFIED
2.42,0.5145684572258213,0.08001216061910507,0.0,2.1334486564685227,-0.8352613812791544,-1.2588813255688958,0.012136712603751463,0.05171003908343563,-0.03243200000450856,30.111694688584517,-5.267082494512086,nan,MODEL_NOT_IDENTIFIED
2.44,0.5495805554257287,0.06357612688700492,0.0,1.377414737644303,-0.8061713933424637,-1.318065545750328,0.01296251482217255,0.054141100913129146,-0.031302477545982976,31.527346134267763,-5.083643669659122,nan,MODEL_NOT_IDENTIFIED
2.46,0.5700782890603427,0.04784483331380823,0.0,0.6831860784138146,-0.7651514996520556,-1.3453238540783663,0.013445978389863378,0.055260768160837526,-0.02970973397831691,32.17934870308041,-4.824975941417433,nan,MODEL_NOT_IDENTIFIED
2.48,0.5773611520381317,0.03303512333109703,0.0,0.05675926940549614,-0.7143691153069696,-1.34385331834689,0.01361775342514335,0.055200364166748686,-0.02773792691741036,32.144174360530805,-4.504746832771268,nan,MODEL_NOT_IDENTIFIED
2.5,0.572828471864585,0.019321101217568876,0.0,-0.49785489038092645,-0.6559249131120901,-1.317024757051022,0.01351084474114114,0.05409834928656548,-0.025468622471722907,31.502451085852723,-4.136202995852877,nan,MODEL_NOT_IDENTIFIED
2.52,0.557941210045931,0.006835797765462143,0.0,-0.9784765202572192,-0.591820683287228,-1.2682984864619982,0.013159710862621044,0.052096860102976345,-0.02297954728093049,30.336947592005124,-3.7319675381837687,nan,MODEL_NOT_IDENTIFIED
2.54,0.5341870365314766,-0.004326577597987005,0.0,-1.384585023664563,-0.5239328114834577,-1.2011481711699412,0.01259944026492668,0.0493385814966525,-0.020343558705385293,28.7307518758181,-3.3038727774518413,nan,MODEL_NOT_IDENTIFIED
2.56,0.5030489607077231,-0.014107909257327257,0.0,-1.7171359039464837,-0.45399122519880614,-1.118993281785285,0.011865011498452819,0.045963972266464655,-0.017627827345669707,26.765655646269003,-2.86282747951872,nan,MODEL_NOT_IDENTIFIED
2.58,0.46597770102053826,-0.022483079560300517,0.0,-1.9783708539824787,-0.3835635722456321,-1.0251404413703167,0.01099064149313213,0.042108855864800426,-0.014893222715204346,24.52075136591132,-2.418717089270401,nan,MODEL_NOT_IDENTIFIED
2.6,0.424367883092711,-0.029456606340387843,0.0,-2.1716255100555344,-0.3140443230302974,-0.9227337405497993,0.010009224162565286,0.0379023795319804,-0.012193890097416721,22.071243817787884,-1.9803350105815067,nan,MODEL_NOT_IDENTIFIED
2.62,0.37953807301747156,-0.03505910871224856,0.0,-2.30113879383622,-0.24664843073490766,-0.8147139215690936,0.008951859465363943,0.03346533773318042,-0.009577004379702183,19.4874738123084,-1.555342627996503,nan,MODEL_NOT_IDENTIFIED
2.64,0.3327145788744971,-0.0393436882613523,0.0,-2.3718672796144133,-0.18240913948183027,-0.703786174689842,0.007847471344528689,0.028908849357303205,-0.007082684947599607,16.83414789613346,-1.1502554852139906,nan,MODEL_NOT_IDENTIFIED
2.66,0.2850188897208209,-0.04238230421893973,0.0,-2.389307528501324,-0.12217949946073588,-0.5923961565640672,0.0067225114610238315,0.02433337264333619,-0.00474405451499872,14.16976472590614,-0.7704528393403782,nan,MODEL_NOT_IDENTIFIED
2.68,0.2374585674218351,-0.04426221218285866,0.0,-2.3593288376779573,-0.06663712889389808,-0.4827137294570144,0.005600744366716176,0.019828037249701117,-0.0025874240244145212,11.54622612010628,-0.42020768941105097,nan,MODEL_NOT_IDENTIFIED
2.7,0.190921362578162,-0.04508252664359171,0.0,-2.2880183700541696,-0.016291754575379368,-0.3766238318276944,0.004503108721471599,0.015470269252554361,-0.0006325854352956933,9.008618688751593,-0.10273432634638845,nan,MODEL_NOT_IDENTIFIED
2.72,0.1461722911727582,-0.04495095821110591,0.0,-2.181540165822841,0.028504935577593805,-0.275723823895,0.0034476483423800126,0.011325682111776217,0.0011068057155536899,6.595150340913455,0.1797495377530942,nan,MODEL_NOT_IDENTIFIED
2.74,0.10385338296425269,-0.04398076719716328,0.0,-2.0460090989673323,0.06754758415495105,-0.18132660518750654,0.0024495062693112614,0.007448204728015496,0.0026227756947926626,4.337224854659174,0.4259489376897444,nan,MODEL_NOT_IDENTIFIED
2.7600000000000002,0.06448579552240322,-0.04228796625070809,0.0,-1.8873804341743774,0.10076403843196446,-0.09446877322605597,0.0015209746269702307,0.0038804165702243766,0.003912522915730944,2.2596370279006455,0.6354088849272034,nan,MODEL_NOT_IDENTIFIED
2.7800000000000002,0.02847397847974739,-0.03998879620800518,0.0,-1.711355266975876,0.12820122138056106,-0.015923081763658958,0.0006715928437534174,0.0006540594125943162,0.004977869329987334,0.380870672104053,0.808425271469538,nan,MODEL_NOT_IDENTIFIED
2.8000000000000003,-0.0038884296714646258,-0.03719749131750446,0.0,-1.5233017953006145,0.15001038464999292,0.05378553838171804,-9.17132652415091e-05,-0.0022093045907924666,0.005824687821905792,-1.2865181788915194,0.945951876495216,nan,MODEL_NOT_IDENTIFIED
2.82,-0.03241128585694701,-0.03402434262179288,0.0,-1.328192075897804,0.1664320955794294,0.11436111479133154,-0.0007644589481534606,-0.004697518022846693,0.006462319275812943,-2.7354500403654463,1.049505695820505,nan,MODEL_NOT_IDENTIFIED
2.84,-0.05699951185508462,-0.030574061593001294,0.0,-1.130553665251854,0.17778127439168742,0.16571561446850525,-0.001344401671390619,-0.006806964824130268,0.0069029915917371305,-3.963819215247957,1.1210725878005776,nan,MODEL_NOT_IDENTIFIED
2.86,-0.07764383876675138,-0.026944440170195493,0.0,-0.9344353317077644,0.18443255997696653,0.20794642040732972,-0.0018313228168793994,-0.008541645116281513,0.007161251459805501,-4.973955047001663,1.1630149912893795,nan,MODEL_NOT_IDENTIFIED
2.88,-0.09441099833999575,-0.023225298164698743,0.0,-0.7433858528493963,0.18680624403763843,0.24131290664208838,-0.0022267963327237657,-0.009912212994470173,0.007253418203284671,-5.772061608696724,1.1779832276327389,nan,MODEL_NOT_IDENTIFIED
2.9,-0.10743361184853369,-0.019497704591374503,0.0,-0.5604447783185996,0.18535497466829137,0.2662126616810273,-0.002533950250309302,-0.010934999876823556,0.007197067497687431,-6.367648981648059,1.1688316546503954,nan,MODEL_NOT_IDENTIFIED
2.92,-0.11690000379726909,-0.01583345584424104,0.0,-0.3881439412572252,0.18055139243133983,0.28315785292103635,-0.0027572264283628038,-0.011631043644810327,0.007010551297343189,-6.7729679062323465,1.1385407008504602,nan,MODEL_NOT_IDENTIFIED
2.94,-0.12304414271065202,-0.012294790743141252,0.0,-0.22851843895150498,0.17287682530025414,0.29275216464316006,-0.002902143294412619,-0.01202514134413515,0.00671255887627759,-7.002458152418295,1.0901455767670334,nan,MODEL_NOT_IDENTIFIED
2.96,-0.12613588531104936,-0.008934320302446178,0.0,-0.08312577224530199,0.16281113402256597,0.2956686809553143,-0.0029750657420653526,-0.012144940700457177,0.00632172253824,-7.0722194928736215,1.0266722407405526,nan,MODEL_NOT_IDENTIFIED
2.98,-0.12647167411574345,-0.005795148570959228,0.0,0.046928169221349486,0.15082376694732608,0.2926290238853361,-0.002982985722703305,-0.012020083191892753,0.005856270288498918,-6.999512698523632,0.9510809914712595,nan,MODEL_NOT_IDENTIFIED
3.0,-0.124365812410295,-0.0029111600144212176,0.0,0.16095756616804247,0.13736605351510883,0.28438399688826865,-0.002933316455294134,-0.011681408958187943,0.005333726601125355,-6.802296542725438,0.8662178714663112,nan,MODEL_NOT_IDENTIFIED
3.02,-0.1201424151639082,-0.0003074486023553276,0.0,0.2586608188537081,0.1228647386803419,0.2716959263128165,-0.0028337025791012197,-0.011160231455571861,0.004770661369896426,-6.498805419618522,0.7747738956935556,nan,MODEL_NOT_IDENTIFIED
3.04,-0.11412811014251001,0.0019991360407863616,0.0,0.34008156884507335,0.10771673669767758,0.25532283871134626,-0.00269184800070452,-0.010487687521054492,0.004182486205353684,-6.107170874764086,0.6792519694343309,nan,MODEL_NOT_IDENTIFIED
3.06,-0.10664554058339377,0.003999349416969561,0.0,0.4055676977470049,0.09228506204958668,0.2360045609581429,-0.002515362646809773,-0.00969416641834739,0.003583296438564751,-5.645089128217519,0.5819412290820235,nan,MODEL_NOT_IDENTIFIED
3.08,-0.0980076995913513,0.005690842840950413,0.0,0.45572931719482357,0.07689587784328122,0.21445078349391702,-0.0023116288342039304,-0.008808819521516487,0.0029857565146143147,-5.129535554416456,0.484898429600835,nan,MODEL_NOT_IDENTIFIED
3.1,-0.08851310710662927,0.007077405662719219,0.0,0.49139666554787176,0.0618365877199551,0.19133108502971433,-0.0020876875127749744,-0.007859150567899351,0.002401025904179953,-4.576526079014474,0.3899359122785592,nan,MODEL_NOT_IDENTIFIED
3.12,-0.07844182302619347,0.008168179060743729,0.0,0.5135787219756709,0.047354886101386676,0.16726687997555778,-0.0018501442302077252,-0.006870684889214418,0.0018387222259715458,-4.000924566150028,0.29861561566781875,nan,MODEL_NOT_IDENTIFIED
3.14,-0.06805227492226576,0.008976859649571949,0.0,0.5234232406678354,0.03365867330438562,0.1428252178403718,-0.0016050943099307736,-0.005866714714580649,0.0013069179507471508,-3.4162945037701107,0.21224854030546964,nan,MODEL_NOT_IDENTIFIED
3.16,-0.057578865835476695,0.009520909216033522,0.0,0.5221787991511997,0.020916736499795745,0.11851433690075952,-0.001358066428056363,-0.00486811653220472,0.0008121668419732197,-2.83479265002443,0.1318990427782941,nan,MODEL_NOT_IDENTIFIED
3.18,-0.04723031681797563,0.009820784883532246,0.0,0.5111593473198899,0.009260094466372782,0.09478085247905246,-0.0011139835202769498,-0.0038932355945770374,0.0003595561706866222,-2.26710177854394,0.05839331561895774,nan,MODEL_NOT_IDENTIFIED
3.2,-0.03718869021778767,0.009899201951964311,0.0,0.4917116396567586,-0.0012160966457514892,0.0720084430420004,-0.0008771397448583902,-0.002957831948421739,-4.721928644670992e-05,-1.7223992507007584,-0.007668595122479135,nan,MODEL_NOT_IDENTIFIED
3.22,-0.027609033048131313,0.009780439614938297,0.0,0.4651858338475958,-0.010450178024711987,0.05051788479411867,-0.0006511920710786843,-0.0020750818556593245,-0.0004057654063037582,-1.2083578430605106,-0.06589787457215109,nan,MODEL_NOT_IDENTIFIED
3.24,-0.018619575063631207,0.009489697754369229,0.0,0.43290944588441055,-0.018411261783463063,0.03056827719794537,-0.0004391649510923996,-0.0012556281331004156,-0.000714882856585368,-0.731175061100051,-0.1160997465165313,nan,MODEL_NOT_IDENTIFIED
3.2600000000000002,-0.010322413234990939,0.009052511088044972,0.0,0.3961647658713962,-0.025096237237040287,0.012359297564013638,-0.00024346646408461356,-0.0005076727623949326,-0.0009744508538612973,-0.2956270676624454,-0.158254595258439,nan,MODEL_NOT_IDENTIFIED
3.2800000000000002,-0.0027946130219518453,0.00849422512600332,0.0,0.35616976087806307,-0.03052659784624043,-0.0039656778621853924,-6.591429111101941e-05,0.00016289490763019454,-0.0011853039583497968,0.09485666249393408,-0.19249795661174793,nan,MODEL_NOT_IDENTIFIED
3.3000000000000003,0.003910342974876389,0.007839536698897743,0.0,0.3140624218752648,-0.03474516997338616,-0.01831574643285812,9.223011671573512e-05,0.0007523409432238473,-0.0013491050562014456,0.43810179194652876,-0.21909988973201014,nan,MODEL_NOT_IDENTIFIED
3.3200000000000003,0.009760826924242879,0.007112100273334932,0.0,0.27088845136202916,-0.03781281701902048,-0.03064810015473779,0.00023022077916156917,0.0012589069554418515,-0.0014682173858598332,0.7330843788850196,-0.23844419370145484,nan,MODEL_NOT_IDENTIFIED
3.34,0.014745123580349642,0.00633419987803921,0.0,0.22759213685879887,-0.03980518441560677,-0.0409632426263466,0.00034778137814025774,0.0016826136301890155,-0.0015455781508411052,0.9798164690873833,-0.2510078817545591,nan,MODEL_NOT_IDENTIFIED
3.36,0.018869335812368007,0.005526485238788333,0.0,0.18501021293622155,-0.04080954255936771,-0.0492999397426498,0.0004450558571216162,0.0020250533224419687,-0.0015845759353107988,1.1792253197698583,-0.25734127309263644,nan,MODEL_NOT_IDENTIFIED
3.38,0.022155195356000374,0.004707769663436229,0.0,0.14386848063690433,-0.04092177625891886,-0.0557300310671726,0.0005225567850882495,0.0022891769272232825,-0.00158893380869742,1.3330292906852652,-0.25804900862004093,nan,MODEL_NOT_IDENTIFIED
3.4,0.02463783140451177,0.003894886331365935,0.0,0.10478092766114805,-0.04024356084337512,-0.06035321665247884,0.0005811127260857616,0.002479079742088001,-0.00156259967802531,1.4436131479606884,-0.253772243738073,nan,MODEL_NOT_IDENTIFIED
3.42,0.02636354433502438,0.0031025989215089215,0.0,0.06825107504204735,-0.03887975685565005,-0.06329192120043302,0.0006218157298942861,0.002599790506433249,-0.0015096451275966633,1.5139052178569208,-0.24517221951728155,nan,MODEL_NOT_IDENTIFIED
3.44,0.02738762626498443,0.00234356195390222,0.0,0.034675265653340503,-0.0369360473893419,-0.06468632412838057,0.0006459699272456518,0.0026570672555896006,-0.001434173680175582,1.5472585088990694,-0.2329153639582101,nan,MODEL_NOT_IDENTIFIED
3.46,0.0277722643924679,0.0016283258135157495,0.0,0.004347606127047557,-0.03451683471867761,-0.06468963065013286,0.0006550420775964132,0.002657203074880561,-0.0013402391261492308,1.5473375989383482,-0.2176600283306443,nan,MODEL_NOT_IDENTIFIED
3.48,0.027584557317788052,0.0009653811616919942,0.0,-0.022533724090992635,-0.03172340600787568,-0.06346364566243806,0.0006506147817000376,0.0026068442917754455,-0.0012317743006564263,1.5180127651415074,-0.20004492030326268,nan,MODEL_NOT_IDENTIFIED
3.5,0.026894668883794604,0.00036123730838037477,0.0,-0.04585907548050864,-0.028652371635856502,-0.06117469928528109,0.0006343429377219368,0.00251282311263913,-0.001112530445978696,1.4632625253312974,-0.18067925616093705,nan,MODEL_NOT_IDENTIFIED
3.52,0.025774138604650536,-0.00017947089533996356,0.0,-0.06559911012995366,-0.02539437408192427,-0.05798996054001639,0.0006079138906810594,0.0023820062027022477,-0.0009860270794253402,1.3870854633536882,-0.16013461915497382,nan,MODEL_NOT_IDENTIFIED
3.54,0.0242943625592097,-0.0006538529936979299,0.0,-0.08179601402447048,-0.022033060417253593,-0.05407416403062363,0.0005730116025030072,0.0022211602306230487,-0.0008555120966533544,1.2934219332348549,-0.1389384801276456,nan,MODEL_NOT_IDENTIFIED
3.56,0.02252525377218501,-0.0010606148586197013,0.0,-0.09455437313325313,-0.01864430724860516,-0.04958676375424979,0.0005312850555074006,0.0020368349578897744,-0.0007239316773448823,1.1860859800173609,-0.11756931007757562,nan,MODEL_NOT_IDENTIFIED
3.58,0.020534086646636834,-0.0013998975258524829,0.0,-0.10403192574320747,-0.01529568346269583,-0.04467951840932217,0.000484320996965797,0.0018352640524960182,-0.0005939094243426063,1.0687075817623375,-0.09645319227447664,nan,MODEL_NOT_IDENTIFIED
3.6,0.018384525983882904,-0.001673107520326549,0.0,-0.1104303811164784,-0.012046133307012307,-0.03949450386407988,0.000433621037374755,0.0016222834487353759,-0.0004677340581328324,0.9446851089755162,-0.0759618237955125,nan,MODEL_NOT_IDENTIFIED
3.62,0.016135837557949326,-0.00188274288436962,0.0,-0.11398647117206834,-0.008945860189265116,-0.03416254083828819,0.0003805830309099301,0.0014032667623685938,-0.0003473549049451545,0.8171477156863552,-0.05641178277519723,nan,MODEL_NOT_IDENTIFIED
3.64,0.013842274115602087,-0.002032218713725081,0.0,-0.1149633780678158,-0.006036390047358548,-0.028802019353288202,0.0003264865935023352,0.0011830770035192594,-0.0002343843573173874,0.688927220990421,-0.03806492801067646,nan,MODEL_NOT_IDENTIFIED
3.66,0.011552628053609196,-0.0021256955729323547,0.0,-0.11364265679298033,-0.003350792191248547,-0.023518096114377694,0.00027248255219646916,0.000966033608205995,-0.00013010644906778042,0.5625389109119567,-0.021129791570448,nan,MODEL_NOT_IDENTIFIED
3.68,0.009309939876478091,-0.002167913714614721,0.0,-0.11031674861833521,-0.0009140350979644391,-0.018402236678488927,0.00021958606877730316,0.0007558936323384338,-3.549067030479203e-05,0.4401705873262668,-0.005763822405490981,nan,MODEL_NOT_IDENTIFIED
3.7,0.007151349846500802,-0.0021640355766637,0.0,-0.10528215887344103,0.001256545302355865,-0.013532070985438,0.00016867314075913592,0.0005558458174924519,4.878984969861874e-05,0.32367911235288394,0.007923660681479596,nan,MODEL_NOT_IDENTIFIED
3.72,0.005108078982476623,-0.0021194985861813015,0.0,-0.09883335135165597,0.0031506868348641845,-0.008971528534288729,0.00012048015321773792,0.0003685161434391609,0.0001223366454295215,0.21459364169402143,0.019867945346866946,nan,MODEL_NOT_IDENTIFIED
3.74,0.0032055247170916326,-0.0020398798671663913,0.0,-0.0912573919440015,0.00476457292938972,-0.004771218097438324,7.560613498407537e-05,0.00019598342534999237,0.00018500152494875698,0.11412470717030204,0.030044964645417466,nan,MODEL_NOT_IDENTIFIED
3.7600000000000002,0.0014634560540957317,-0.00193077403697138,0.0,-0.08282935607646752,0.006100155114373501,-0.0009690163046467645,3.45173616597826e-05,3.980349058170873e-05,0.00023686026330330687,0.02317829530166216,0.038467024738435496,nan,MODEL_NOT_IDENTIFIED
3.7800000000000002,-0.00010370705989454156,-0.0017976848900190818,0.0,-0.07380849831949622,0.007164444768900882,0.002409170388368006,-2.446055064676689e-06,-9.895952256251618e-05,0.0002781851022747551,-0.05762592685576049,0.045178338746353214,nan,MODEL_NOT_IDENTIFIED
3.8000000000000003,-0.0014865452553819482,-0.0016459314105416512,0.0,-0.0644351682492377,0.007968791164517005,0.005348504996855855,-3.506194809201702e-05,-0.0002196961673892357,0.0003094167177797105,-0.12793306742628152,0.05025047414591584,nan,MODEL_NOT_IDENTIFIED
3.8200000000000003,-0.002680236813244672,-0.0014805682324922137,0.0,-0.054928444316145554,0.008528161107159078,0.00784421382322493,-6.321659140888539e-05,-0.00032221035862493473,0.00033113624940046745,-0.18762894239469477,0.05377781025755827,nan,MODEL_NOT_IDENTIFIED
3.84,-0.0036841142810596058,-0.001306320376579363,0.0,-0.04548444712303605,0.00886043367763444,0.00990050618065528,-8.689424235145898e-05,-0.00040667499878602523,0.000344037916170517,-0.23681423603580196,0.05587309094284162,nan,MODEL_NOT_IDENTIFIED
3.86,-0.0045011937629987125,-0.0011275318429396432,0.0,-0.03627528509925697,0.008985721711572239,0.011529449167508284,-0.00010616603934457527,-0.00047358575820712637,0.00034890267061542246,-0.2757775861856364,0.05666314591858469,nan,MODEL_NOT_IDENTIFIED
3.88,-0.005137689005060436,-0.0009481274237919245,0.0,-0.02744857901446865,0.008925729797271513,0.012749824098685752,-0.00012117854102065105,-0.0005237141016068618,0.00034657327073117064,-0.3049682307578019,0.05628484234953697,nan,MODEL_NOT_IDENTIFIED
3.9,-0.005602521275754763,-0.0007715869232428625,0.0,-0.019127507011167465,0.008703156738323775,0.01358598845266798,-0.00013214216616934613,-0.0005580605412166935,0.0003379310784658682,-0.32496878619158137,0.054881316831886066,nan,MODEL_NOT_IDENTIFIED
3.92,-0.005906834842262476,-0.0006009308302952174,0.0,-0.011411308733009171,0.00834114865849522,0.014066764311981764,-0.00013931976566317959,-0.0005778089781587169,0.0003238748245676553,-0.3364686596071762,0.052598526722259696,nan,MODEL_NOT_IDENTIFIED
3.94,-0.006063526595463597,-0.00043871638453593507,0.0,-0.004376185551724202,0.007862807245493297,0.014224371330587321,-0.00014301552810115075,-0.0005842828728193069,0.00030530151439632085,-0.3402385260184393,0.04958214916753043,nan,MODEL_NOT_IDENTIFIED
3.96,-0.006086797113173017,-0.0002870428999537611,0.0,0.001923466298911998,0.007290756059544472,0.014093419317423576,-0.0001435643910981218,-0.0005789038640269637,0.00028308958830815554,-0.33710623152875796,0.045974846286052015,nan,MODEL_NOT_IDENTIFIED
3.98,-0.005991729195474423,-0.00014756516847582804,0.0,0.0074535518448596814,0.0066467663891944615,0.013709972637043927,-0.0001413221005365016,-0.0005631533382020732,0.0002580843941739439,-0.3279344143491478,0.041913905848278414,nan,MODEL_NOT_IDENTIFIED
4.0,-0.005793898682054714,-2.1513748442128364e-05,0.0,0.012198562822219794,0.005951442833032462,0.013110695844269651,-0.0001366560312275274,-0.0005385373352900036,0.0002310859789688188,-0.31360006888587033,0.03752925858364118,nan,MODEL_NOT_IDENTIFIED
4.0200000000000005,-0.005509021188501667,9.027904853165177e-05,0.0,0.016159709541185847,0.005223967630635887,0.012332087330836405,-0.00012993685476426226,-0.0005065550698908929,0.00020283916150998511,-0.29497621502272764,0.03294186595468154,nan,MODEL_NOT_IDENTIFIED
4.04,-0.005152637292980016,0.0001873486290378824,0.0,0.019352952523751174,0.004481901763624143,0.01140980530136433,-0.00012153111427276246,-0.0004686712449255814,0.00017402580949625523,-0.27291577586601745,0.02826246591833985,nan,MODEL_NOT_IDENTIFIED
4.0600000000000005,-0.0047398376797055455,0.00026956415612245136,0.0,0.02180698297039125,0.0037410399995391106,0.010378088139641516,-0.00011179474159212356,-0.0004262922424952857,0.00014525921107008465,-0.2482377132498045,0.023590658845816452,nan,MODEL_NOT_IDENTIFIED
4.08,-0.004285028811292135,0.0003370921989532069,0.0,0.02356119637497897,0.0030153163555019804,0.009269269193264568,-0.00010106753037647661,-0.00038074619308693913,0.00011708040410712043,-0.2217154216722945,0.01901431138496817,nan,MODEL_NOT_IDENTIFIED
4.1,-0.0038017388655545215,0.0003903589623917855,0.0,0.02466369858037334,0.002316755910714711,0.008113384207754384,-8.966855888233793e-05,-0.0003332668504652847,8.995630516482966e-05,-0.19406733835270695,0.014609252594314096,nan,MODEL_NOT_IDENTIFIED
4.12,-0.003302462938214559,0.0004300119792345619,0.0,0.025169378378786692,0.0016554684900797615,0.006937868087033088,-7.789253888926373e-05,-0.0002849811357508836,6.427946422652423e-05,-0.16594968992172965,0.010439234112514668,nan,MODEL_NOT_IDENTIFIED
4.14,-0.002798545883217018,0.0004568820553776655,0.0,0.025138075528539562,0.0010396794668148881,0.005767336346895022,-6.600705234854875e-05,-0.00023690016036300248,4.036926072266075e-05,-0.13795126491816012,0.006556124396866122,nan,MODEL_NOT_IDENTIFIED
4.16,-0.002300100636828546,0.0004719461614023012,0.0,0.02463286788669555,0.00047579277974760844,0.004623445558332433,-5.425062495939744e-05,-0.00018991349356418962,1.8474350401892194e-05,-0.11059007567602464,0.003000306104642379,nan,MODEL_NOT_IDENTIFIED
4.18,-0.0018159594482279637,0.0004762918654024115,0.0,0.02371849633655953,-3.1518780342041085e-05,0.003524826240625014,-4.283157588405695e-05,-0.0001447864059645738,-1.2238289798933684e-06,-0.08431175316708027,-0.00019875456941837838,nan,MODEL_NOT_IDENTIFIED
4.2,-0.0013536551140657504,0.0004710838033844068,0.0,0.022459941397855464,-0.0004792009035183364,0.002487081048780468,-3.1927575142454734e-05,-0.00010215979506884161,-1.8606682953863334e-05,-0.059489503645467685,-0.003021797423951839,nan,MODEL_NOT_IDENTIFIED
4.22,-0.0009194290822230663,0.00045753258710817135,0.0,0.020921160909905444,-0.0008656874571940128,0.0015228406921210687,-2.1685834749049153e-05,-6.255248219830476e-05,-3.36134008406117e-05,-0.03642544618713768,-0.005458946568943997,nan,MODEL_NOT_IDENTIFIED
4.24,-0.0005182631443285816,0.0004368664564058573,0.0,0.019163994025577114,-0.0011907570738685412,0.0006418698041476266,-1.2223856218750214e-05,-2.636556122075423e-05,-4.623538725797538e-05,-0.015353145034207684,-0.007508806081019221,nan,MODEL_NOT_IDENTIFIED
4.26,-0.00015393137018809134,0.0004103058951515163,0.0,0.017247232984901075,-0.0014553808798319808,-0.00014878505984646824,-3.630655502567389e-06,6.1115222725345965e-06,-5.651034964526556e-05,0.003558850389884855,-0.00917749979446097,nan,MODEL_NOT_IDENTIFIED
4.28,0.0001709310578147986,0.0003790413482513072,0.0,0.015225860779033698,-0.001661565288362697,-0.000844613010893785,4.031613470708742e-06,3.469347818306773e-05,-6.451619414888319e-05,0.020202642296363055,-0.01047767996937859,nan,MODEL_NOT_IDENTIFIED
4.3,0.00045474538446912553,0.0003442141021297177,0.0,0.013150449883669115,-0.0018121934181658992,-0.0014434294699139738,1.0725713870879857e-05,5.929057234184025e-05,-7.036486812800958e-05,0.03452597684925804,-0.011427527290767419,nan,MODEL_NOT_IDENTIFIED
4.32,0.0006968963476339383,0.0003069003238207795,0.0,0.011066714742131487,-0.0019108683095883537,-0.0019451469791183017,1.643713400435916e-05,7.989921231676053e-05,-7.41962724653644e-05,0.0465267621101329,-0.012049762204182376,nan,MODEL_NOT_IDENTIFIED
4.34,0.0008976317544841731,0.00026809819433845975,0.0,0.00901520860932816,-0.0019617607078367474,-0.0023515328428116693,2.1171718699800866e-05,9.659199222200165e-05,-7.617235120815704e-05,0.05624727094980565,-0.012370685050522216,nan,MODEL_NOT_IDENTIFIED
4.36,0.0010579573473461644,0.00022871802070343326,0.0,0.007031153717807031,-0.0019694637734411695,-0.002665959734210507,2.4953189593066517e-05,0.00010950744859813744,-7.647145018401864e-05,0.06376817571134377,-0.012419259883393086,nan,MODEL_NOT_IDENTIFIED
4.38,0.0011795295044554647,0.00018957516787185017,0.0,0.0051443924789133875,-0.0019388566739713,-0.002893154824463596,2.7820614346244058e-05,0.00011883975559001599,-7.52830204632232e-05,0.0692025475250291,-0.012226254290845931,nan,MODEL_NOT_IDENTIFIED
4.4,0.001264548065925134,0.00015138561671475853,0.0,0.0033794465624553465,-0.0018749786149280768,-0.003038952371619637,2.9825878819905567e-05,0.00012482856224603728,-7.280272715910188e-05,0.07268993838319696,-0.011823445045607376,nan,MODEL_NOT_IDENTIFIED
4.42,0.0013156513063365513,0.0001147639268663492,0.0,0.0017556701798208856,-0.0017829144881413518,-0.003110054067001991,3.103120987602509e-05,0.0001277491484621038,-6.922800931953228e-05,0.0743906487676541,-0.011242897014249468,nan,MODEL_NOT_IDENTIFIED
4.44,0.0013358147993743658,8.022336331065312e-05,0.0,0.00028748369713666594,-0.0016676929581963637,-0.003113800789032146,3.150678997941316e-05,0.00012790304950001662,-6.475412276922566e-05,0.07448026813650449,-0.010516320499440722,nan,MODEL_NOT_IDENTIFIED
4.46,0.0013282556428932453,4.8177932529736945e-05,0.0,-0.0010153262066610073,-0.001534197475651143,-0.003057958773118385,3.132849823134769e-05,0.00012560927266279682,-5.957068488074331e-05,0.07314456023470492,-0.009674510097368055,nan,MODEL_NOT_IDENTIFIED
4.48,0.0012963432401108328,1.894606733654817e-05,0.0,-0.002147253282089168,-0.0013870904033649,-0.0029505225822825895,3.057580603728395e-05,0.00012119620408019329,-5.3858728508782e-05,0.07057475026831275,-0.008746866245246945,nan,MODEL_NOT_IDENTIFIED
4.5,0.0012435175689440366,-7.24430144886632e-06,0.0,-0.0031066782412075646,-0.0012307501714679328,-0.002799536666554994,2.9329849391382655e-05,0.00011499427904981437,-4.77882618079006e-05,0.06696325671103787,-0.007760998926263037,nan,MODEL_NOT_IDENTIFIED
4.5200000000000005,0.0011732156208044341,-3.0249544199061565e-05,0.0,-0.0038954472330793065,-0.0010692211388277776,-0.0026129367379816378,2.767169384750378e-05,0.0001073294663279845,-4.1516321425249366e-05,0.062499897088498874,-0.006742411500526314,nan,MODEL_NOT_IDENTIFIED
4.54,0.0010888064556958577,-5.000325173587375e-05,0.0,-0.004518433534954387,-0.0009061756349662051,-0.0023984116688973668,2.568080271599431e-05,9.851759543800101e-05,-3.5185498642714484e-05,0.057368584666818545,-0.0057142613448432755,nan,MODEL_NOT_IDENTIFIED
4.5600000000000005,0.000993535104779044,-6.650851154672408e-05,0.0,-0.0049830927387293535,-0.000744887486200576,-0.0021632861488950403,2.343371393857032e-05,8.885953666638567e-05,-2.8922911435003237e-05,0.051744521676921375,-0.004697192910966064,nan,MODEL_NOT_IDENTIFIED
4.58,0.000890475356594897,-7.982976251306385e-05,0.0,-0.005299020639679593,-0.0005882161926304348,-0.001914423914174716,2.1002926494914273e-05,7.863722609397037e-05,-2.2839590084755164e-05,0.045791884617958856,-0.003709237947105402,nan,MODEL_NOT_IDENTIFIED
4.6000000000000005,0.0007824912901641002,-9.008443193066005e-05,0.0,-0.0054775219118013575,-0.0004386008172282913,-0.0016581509938234503,1.8455993114814305e-05,6.811051284607821e-05,-1.703023990471234e-05,0.03966198835384359,-0.0027657769630914483,nan,MODEL_NOT_IDENTIFIED
4.62,0.000672207267932654,-9.743453902544883e-05,0.0,-0.005531196508495889,-0.0002980625730247504,-0.0014001981019473979,1.585481252588948e-05,5.751479278122773e-05,-1.157334169440283e-05,0.03349190816721518,-0.0018795555449285242,nan,MODEL_NOT_IDENTIFIED
4.64,0.0005619859742203089,-0.0001020784283712563,0.0,-0.005473549583210701,-0.00016821504713073702,-0.001145661042223255,1.3255111464125133e-05,4.7059382061261586e-05,-6.531548724242001e-06,0.027403532659794144,-0.0010607488265517186,nan,MODEL_NOT_IDENTIFIED
4.66,0.00045391398020158593,-0.000104242775134019,0.0,-0.005318629603584912,-5.02809787505045e-05,-0.0008989777811408172,1.0706104206682675e-05,3.6926575407673574e-05,-1.9523382016845033e-06,0.021503015357941274,-0.00031706729045480195,nan,MODEL_NOT_IDENTIFIED
4.68,0.00034979423385507626,-0.0001041749823889349,0.0,-0.005080698253241502,5.4885490167037385e-05,-0.0006639206859098043,8.250315438370124e-06,2.7271327264452693e-05,2.131124767936446e-06,0.015880589047992465,0.0003461029217211014,nan,MODEL_NOT_IDENTIFIED
4.7,0.0002511448117612224,-0.00010213606931692687,0.0,-0.004773934693286638,0.00014677215112870011,-0.00044360230992975306,5.923550811299637e-06,1.8221489443100385e-05,5.698951864358788e-06,0.010610704161267292,0.0009255318696860622,nan,MODEL_NOT_IDENTIFIED
4.72,0.00015920322783315204,-9.839412826449212e-05,0.0,-0.004412175803561658,0.0002251786721935048,-0.00024049303952476572,3.7549985714584393e-06,9.878535983127726e-06,8.74336448598984e-06,0.005752450873498255,0.0014199562783946038,nan,MODEL_NOT_IDENTIFIED
4.74,7.493557052408483e-05,-9.321840877011929e-05,0.0,-0.004008693151678892,0.00029018411377619417,-5.644888653418108e-05,1.767445070675679e-06,2.318704765582113e-06,1.1267432435203764e-05,0.0013502238871163437,0.0018298746956496462,nan,MODEL_NOT_IDENTIFIED
4.76,-9.502669085200891e-07,-8.687406798911767e-05,0.0,-0.0035760066531152507,0.00034211291669831393,0.00010725228178560399,-2.241318177126883e-08,-4.40551430089326e-06,1.328375328320601e-05,-0.002565410970984648,0.002157333015838226,nan,MODEL_NOT_IDENTIFIED
4.78,-6.798799068425971e-05,-7.96176097008722e-05,0.0,-0.0031257341928921717,0.00038150018637970535,0.0002498677455703033,-1.6035780892789347e-06,-1.0263613119601567e-05,1.48131044050407e-05,-0.005976688282144287,0.0024057055651925093,nan,MODEL_NOT_IDENTIFIED
4.8,-0.0001259336521984888,-7.169301842023297e-05,0.0,-0.002668475881090586,0.00040905701456643676,0.00037114177212455707,-2.9702958321891385e-06,-1.5245087167675273e-05,1.5883096472083987e-05,-0.008877491071959865,0.0025794764237521742,nan,MODEL_NOT_IDENTIFIED
4.82,-0.00017474441026390906,-6.332858117101325e-05,0.0,-0.002213731111008638,0.00042563649300942226,0.0004712538083340071,-4.121555949851715e-06,-1.935730743813926e-05,1.6526853811989003e-05,-0.011272111603509324,0.0026840251107050606,nan,MODEL_NOT_IDENTIFIED
4.84,-0.00021455594414272522,-5.4734377282028164e-05,0.0,-0.0017698461786963848,0.00043220098421549674,0.0005507644343063154,-5.0605585999688004e-06,-2.262330042180552e-05,1.6781743578949086e-05,-0.013173958620498343,0.0027254201967126792,nan,MODEL_NOT_IDENTIFIED
4.86,-0.0002456591034469956,-4.6100406160960905e-05,0.0,-0.001343989902821465,0.00042979112475469063,0.0006105603654609841,-5.7941638185626105e-06,-2.5079489003077087e-05,1.6688172196630375e-05,-0.01460424182986704,0.0027102238415779457,nan,MODEL_NOT_IDENTIFIED
4.88,-0.00026847632728611495,-3.759531437769656e-05,0.0,-0.0009421544499012168,0.00041949694836694064,0.000651799658583761,-6.332335337360793e-06,-2.677344173383856e-05,1.6288464109872394e-05,-0.015590661263108638,0.0026453096991758364,nan,MODEL_NOT_IDENTIFIED
4.9,-0.0002835383074764594,-2.9365676503144567e-05,0.0,-0.0005691784163327266,0.0004024314307821619,0.0006758581390311157,-6.6875901576798396e-06,-2.776167226752972e-05,1.562583456804097e-05,-0.01616612584677354,0.002537696093488809,nan,MODEL_NOT_IDENTIFIED
4.92,-0.000291461310742399,-2.15357789305486e-05,0.0,-0.0002287891389355296,0.0003797066770317536,0.0006842779247126122,-6.874463667408193e-06,-2.8107524920850785e-05,1.4743465012528887e-05,-0.016367522126657166,0.002394395857953473,nan,MODEL_NOT_IDENTIFIED
4.94,-0.0002929255140379619,-1.4207852259077531e-05,0.0,7.633880719105706e-05,0.00035241289614059616,0.0006787187807587034,-6.908998653651849e-06,-2.78791765092186e-05,1.3683686694238328e-05,-0.016234550700304207,0.002222283751775757,nan,MODEL_NOT_IDENTIFIED
4.96,-0.0002886546466657995,-7.462695630493321e-06,0.0,0.000344511918330636,0.00032160023827755585,0.0006609128996096901,-6.808265137757527e-06,-2.7147778885447834e-05,1.2487275436216736e-05,-0.015808644583555666,0.002027981926649749,nan,MODEL_NOT_IDENTIFIED
4.98,-0.00027939717387276023,-1.3606355508081428e-06,0.0,0.0005749357763058624,0.0002882635063284251,0.0006326235669856499,-6.589916567905608e-06,-2.598576109558796e-05,1.1192858005988192e-05,-0.015131980525063921,0.001817763519323642,nan,MODEL_NOT_IDENTIFIED
5.0,-0.0002659092000107577,4.057237938381516e-06,0.0,0.0007676255225935175,0.00025332969785779553,0.0005956080467981582,-6.271786569707533e-06,-2.4465304832783436e-05,9.836428387822584e-06,-0.014246591235393435,0.0015974740923415073,nan,MODEL_NOT_IDENTIFIED
5.0200000000000005,-0.00024893921596273207,8.767613494744665e-06,0.0,0.0009233113704765195,0.00021764828478128737,0.0005515848991626534,-5.8715291960015755e-06,-2.2657001985984846e-05,8.450970356366648e-06,-0.013193583653259549,0.0013724703385382174,nan,MODEL_NOT_IDENTIFIED
5.04,-0.0002292147659880137,1.2763332593979494e-05,0.0,0.0010433415275884436,0.00018198409684542857,0.0005022058365353311,-5.406304448451276e-06,-2.0628698597491605e-05,7.066181152386919e-06,-0.01201246576101463,0.0011475752049091782,nan,MODEL_NOT_IDENTIFIED
5.0600000000000005,-0.00020743106393331166,1.605164598125825e-05,0.0,0.0011295846743539794,0.00014701264112892018,0.00044903212456730616,-4.892509777264031e-06,-1.8444525500130462e-05,5.70828974572507e-06,-0.01074058210707582,0.0009270483778099318,nan,MODEL_NOT_IDENTIFIED
5.08,-0.00018424154823897914,1.8652399269233852e-05,0.0,0.001184333902615012,0.00011331766302558783,0.0003935154471658011,-4.345557309715511e-06,-1.616411232701663e-05,4.3999621317683006e-06,-0.009412656109537246,0.0007145709027359154,nan,MODEL_NOT_IDENTIFIED
5.1000000000000005,-0.0001602503295689417,2.0596190395235064e-05,0.0,0.0012102137694101347,8.139073422456552e-05,0.00033698307981388484,-3.7796957184671826e-06,-1.384197848812941e-05,3.1602853333115575e-06,-0.00806043541077159,0.0005132425861628827,nan,MODEL_NOT_IDENTIFIED
5.12,-0.00013600645431108556,2.1922537214834078e-05,0.0,0.0012100918691252045,5.1632639653830815e-05,0.00028062715150257804,-3.207874919360813e-06,-1.1527092091475586e-05,2.0048212535833454e-06,-0.006712435029214612,0.0003255907414870088,nan,MODEL_NOT_IDENTIFIED
5.14,-0.00011199988162986037,2.2678088862484244e-05,0.0,0.001186996078119064,2.4356327712339987e-05,0.00022549772351589294,-2.6416511853917564e-06,-9.26258564600054e-06,9.457212295230258e-07,-0.0053937718080081295,0.00015358879292108756,nan,MODEL_NOT_IDENTIFIED
5.16,-8.865905110628825e-05,2.2914909765222566e-05,0.0,0.0011440383838774062,-2.0881415865864601e-07,0.00017249937242262475,-2.0911297765889134e-06,-7.085615703935449e-06,-8.107953924778631e-09,-0.004126082682190237,-1.3167631406504497e-06,nan,MODEL_NOT_IDENTIFIED
5.18,-6.63499020923955e-05,2.268886045407498e-05,0.0,0.0010843459795353862,-2.1911594004232396e-05,0.0001223909344388604,-1.56494181031593e-06,-5.027352360185056e-06,-8.507957302608137e-07,-0.00292751856399814,-0.00013817252394670077,nan,MODEL_NOT_IDENTIFIED
5.2,-4.5376194488147125e-05,2.2058094669474203e-05,0.0,0.0010110000873671265,-4.067278873253815e-05,7.578804816105346e-05,-1.0702518271789194e-06,-3.113083698095495e-06,-1.5792659805927186e-06,-0.0018128051635352396,-0.00025647891586710723,nan,MODEL_NOT_IDENTIFIED
5.22,-2.59809734138228e-05,2.1081687779179628e-05,0.0,0.0009269827740691553,-5.6478274830179e-05,3.316812174758666e-05,-6.127923370765286e-07,-1.362419822310719e-06,-2.1929703091765756e-06,-0.0007933618008081814,-0.00035614687730768955,nan,MODEL_NOT_IDENTIFIED
5.24,-8.349016850048122e-06,1.9818407285100915e-05,0.0,0.0008351318382624569,-6.937172169167465e-05,-5.122651920920532e-06,-1.969215497180063e-07,2.1041898522240044e-07,-2.6936043358925835e-06,0.00012253079579915352,-0.00043745178350855334,nan,MODEL_NOT_IDENTIFIED
5.26,7.389894630182845e-06,1.832563224222877e-05,0.0,0.0007381036879319576,-7.944703726176064e-05,-3.8860603671740224e-05,1.7429950483570906e-07,1.5962452487437545e-06,-3.0848143713835537e-06,0.0009295225923291274,-0.0005009858094497686,nan,MODEL_NOT_IDENTIFIED
5.28,2.1157043810950464e-05,1.665842479005133e-05,0.0,0.0006383439833119043,-8.684073832123002e-05,-6.793458024075909e-05,4.990141868835857e-07,2.7904932164904005e-06,-3.3719011662103624e-06,0.0016249548686270762,-0.000547609817566063,nan,MODEL_NOT_IDENTIFIED
5.3,3.292033049932256e-05,1.4868753734763403e-05,0.0,0.0005380656993274767,-9.172439912620674e-05,-9.233496351782701e-05,7.764653749762384e-07,3.792767813214441e-06,-3.561526702358655e-06,0.00220859756520253,-0.0005784057395511486,nan,MODEL_NOT_IDENTIFIED
5.32,4.268945698381164e-05,1.3004867239250476e-05,0.0,0.0004392341610015622,-9.429731273660926e-05,-0.00011214203865066288,1.0068819091943625e-06,4.606366846296162e-06,-3.6614292431613717e-06,0.002682371055173303,-0.0005946302993607847,nan,MODEL_NOT_IDENTIFIED
5.34,5.0510879591610786e-05,1.111080918768295e-05,0.0,0.0003435585247356871,-9.47794796978301e-05,-0.0001275140077447546,1.1913595175870658e-06,5.237788654293542e-06,-3.680151093876582e-06,0.0030500594390759487,-0.0005976708004755246,nan,MODEL_NOT_IDENTIFIED
5.36,5.6462649466408736e-05,9.226071694376306e-06,0.0,0.0002524891172542451,-9.340501917865547e-05,-0.00013867491810097934,1.3317391297450411e-06,5.696236245027555e-06,-3.6267827656344664e-06,0.0033170217954691743,-0.0005890035771341844,nan,MODEL_NOT_IDENTIFIED
5.38,6.064925346662872e-05,7.385374516474201e-06,0.0,0.0001672200011674403,-9.041607857689144e-05,-0.0001459027442621876,1.4304851932140796e-06,5.9931277515525685e-06,-3.510726494169559e-06,0.00348990711055645,-0.0005701555888594502,nan,MODEL_NOT_IDENTIFIED
5.4,6.319655317736319e-05,5.618560794439941e-06,0.0,8.869611024667594e-05,-8.605729929010994e-05,-0.00014951783237653445,1.4905663040374659e-06,6.141621770715544e-06,-3.3414813536459326e-06,0.003576377874210324,-0.0005426695221102733,nan,MODEL_NOT_IDENTIFIED
5.42,6.424690676293566e-05,3.9505975650893275e-06,0.0,1.762428713294003e-05,-8.057087906981722e-05,-0.00014987188424049646,1.5153401498132835e-06,6.156164869696511e-06,-3.1284515349599877e-06,0.0035848465848147414,-0.0005080726539352041,nan,MODEL_NOT_IDENTIFIED
5.44,6.395454505479419e-05,2.4016688461060113e-06,0.0,-4.5512440291146214e-05,-7.419225534100569e-05,-0.00014733762749431813,1.5084444491961398e-06,6.052067277071472e-06,-2.880778735237389e-06,0.0035242286664665433,-0.00046784963137710256,nan,MODEL_NOT_IDENTIFIED
5.46,6.248126013226677e-05,9.873487521159898e-07,0.0,-0.00010043799192366425,-6.714641923551198e-05,-0.0001422992883642773,1.4736952619168495e-06,5.845111539434901e-06,-2.607199037041373e-06,0.0034037145826208894,-0.00042341922810188614,nan,MODEL_NOT_IDENTIFIED
5.48,5.9992451938457196e-05,-2.811579588159224e-07,0.0,-0.00014706439972390437,-5.964485697162911e-05,-0.0001351439545565737,1.4149937434892001e-06,5.55119774205279e-06,-2.31592414653526e-06,0.0032325632416355826,-0.0003761150570158477,nan,MODEL_NOT_IDENTIFIED
5.5,5.665356637268774e-05,-1.396720324112389e-06,0.0,-0.0001854715901550001,-5.188310368659323e-05,-0.00012625388880378675,1.3362421333593663e-06,5.186027778694104e-06,-2.014546412310592e-06,0.0030199181413610274,-0.00032717014495523494,nan,MODEL_NOT_IDENTIFIED
5.5200000000000005,5.262694697279233e-05,-2.3559426172821485e-06,0.0,-0.00021588632965134565,-4.4038884926809084e-05,-0.00011599982846545464,1.2412694980666945e-06,4.764830124801316e-06,-1.7099666621213986e-06,0.0027746470995599687,-0.0002777052130922185,nan,MODEL_NOT_IDENTIFIED
5.54,4.806911187051143e-05,-3.1587942250697623e-06,0.0,-0.00023866083047332747,-3.6270812722120834e-05,-0.0001047352837329717,1.1337675049793155e-06,4.302125629514144e-06,-1.408343573320561e-06,0.002505205870350261,-0.00022872045449753715,nan,MODEL_NOT_IDENTIFIED
5.5600000000000005,4.312845826488007e-05,-3.8082186650848393e-06,0.0,-0.0002542514628905036,-2.8717596483469066e-05,-9.279182655820938e-05,1.0172362795530337e-06,3.8115340028417857e-06,-1.1150630331489842e-06,0.0022195254581715315,-0.00018109055813271172,nan,MODEL_NOT_IDENTIFIED
5.58,3.794338827574021e-05,-4.309731598599643e-06,0.0,-0.0002631979657248209,-2.149772380973467e-05,-8.047534452150481e-05,8.949402013445125e-07,3.305619938860724e-06,-8.347257449236976e-07,0.0019249225125292286,-0.00013556269604695904,nan,MODEL_NOT_IDENTIFIED
5.6000000000000005,3.264084274876565e-05,-4.671016755572693e-06,0.0,-0.00026610349220141245,-1.4709562588928498e-05,-6.80632185240032e-05,7.698733220488869e-07,2.7957771860902933e-06,-5.711511924804395e-07,0.0016280318200693096,-9.275716721803233e-05,nan,MODEL_NOT_IDENTIFIED
5.62,2.7335223396096965e-05,-4.901527691030244e-06,0.0,-0.0002636157729790534,-8.431833432384927e-06,-5.580237042361422e-05,6.447339428972756e-07,2.2921483518309e-06,-3.2739598411497643e-07,0.0013347596051882257,-5.3170376679385404e-05,nan,MODEL_NOT_IDENTIFIED
5.64,2.2127678561988168e-05,-5.012102259690738e-06,0.0,-0.00025640962421075,-2.724400375265325e-06,-4.3908116477105224e-05,5.219077685851718e-07,1.803577805942198e-06,-1.0578455434821311e-07,0.0010502561050477997,-1.7179821605814608e-05,nan,MODEL_NOT_IDENTIFIED
5.66,1.7105723870414656e-05,-5.014595652752665e-06,0.0,-0.0002451709764208055,2.3706722109464316e-06,-3.256375460600686e-05,4.034589597924852e-07,1.3375947273020906e-06,9.204979767932883e-08,0.0007789056972204668,1.4949243892229048e-05,nan,MODEL_NOT_IDENTIFIED
5.68,1.234316599438667e-05,-4.921536808144014e-06,0.0,-0.00023058255063934004,6.82784754846417e-06,-2.192080793942871e-05,2.9112833519161117e-07,9.00423107615881e-07,2.651155155568788e-07,0.0005243327250889882,4.305578721075059e-05,nan,MODEL_NOT_IDENTIFIED
5.7,7.900295723936589e-06,-4.745812001664873e-06,0.0,-0.00021331126222970192,1.0636678426890047e-05,-1.2099843642955182e-05,1.8633792518686373e-07,4.970153857814377e-07,4.1300694910682257e-07,0.0002894210837480063,6.707392918876364e-05,nan,MODEL_NOT_IDENTIFIED
5.72,3.8243153295319816e-06,-4.500378467068224e-06,0.0,-0.00019399739066382755,1.3800249849360212e-05,-3.1917845381784064e-06,9.020105179179572e-08,1.3110632421251071e-07,5.358438845708904e-07,7.634559316537656e-05,8.702312357616991e-05,nan,MODEL_NOT_IDENTIFIED
5.74,1.4996483973511224e-07,-4.198009991267265e-06,0.0,-0.0001732455155016041,1.6333545821075147e-05,4.740368744948215e-06,3.5371001369676886e-09,-1.9471625171689286e-07,6.342081293540709e-07,-0.00011338680895491394,0.0001029978581503981,nan,MODEL_NOT_IDENTIFIED
5.76,-3.0996878098904835e-06,-3.851075596969048e-06,0.0,-0.00015161718524797548,1.82617801330562e-05,1.1659485568127203e-05,-7.310984492289397e-08,-4.789271571314729e-07,7.09078698754864e-07,-0.00027888797976627827,0.00011515712879020598,nan,MODEL_NOT_IDENTIFIED
5.78,-5.912326835085699e-06,-3.471351667046544e-06,0.0,-0.00012962525671994754,1.9618727040682433e-05,1.7552000426958372e-05,-1.3944930088357897e-07,-7.209691728966906e-07,7.617669986100007e-07,-0.00041983344044891133,0.00012371391288597605,nan,MODEL_NOT_IDENTIFIED
5.8,-8.28537144717948e-06,-3.0698671884419026e-06,0.0,-0.00010772981807813851,2.0445083561295353e-05,2.2425428619920975e-05,-1.9542039675707444e-07,-9.21150998784473e-07,7.938532356621682e-07,-0.0005364029524852537,0.00012892484213698565,nan,MODEL_NOT_IDENTIFIED
5.82,-1.0224892118028636e-05,-2.6567812017150686e-06,0.0,-8.633558869800662e-05,2.0786890823060985e-05,2.630577052232431e-05,-2.4116631188377845e-07,-1.0805406309562691e-06,8.071251208032572e-07,-0.0006292184294323664,0.00013108024772054777,nan,MODEL_NOT_IDENTIFIED
5.84,-1.1744488600452411e-05,-2.2412910368818843e-06,0.0,-6.579067343053357e-05,2.0694037583479415e-05,2.9234866738052754e-05,-2.770078127023085e-07,-1.2008567216934274e-06,8.03519762847025e-07,-0.0006992806737202822,0.00013049472361549471,nan,MODEL_NOT_IDENTIFIED
5.86,-1.2864155468493611e-05,-1.8315694964956856e-06,0.0,-4.638653732113518e-05,2.0218864784906515e-05,3.126776008905003e-05,-3.034164951594901e-07,-1.2843602199957956e-06,7.850694854238573e-07,-0.0007479062770050243,0.00012749832705589466,nan,MODEL_NOT_IDENTIFIED
5.88,-1.3609158180990826e-05,-1.4347288110076093e-06,0.0,-2.835905925477836e-05,1.941488589965301e-05,3.247011376110274e-05,-3.2098827532522593e-07,-1.3337483188667207e-06,7.538521398185397e-07,-0.000776665863746998,0.0001224285091433378,nan,MODEL_NOT_IDENTIFIED
5.9,-1.4008939795354243e-05,-1.0568089359272225e-06,0.0,-1.1890518967597144e-05,1.8335633900969415e-05,3.291572811898574e-05,-3.304176029290811e-07,-1.3520524555587611e-06,7.119463345093463e-07,-0.000787324694901999,0.00011562284395057137,nan,MODEL_NOT_IDENTIFIED
5.92,-1.4096075534215318e-05,-7.027875806947179e-07,0.0,2.8876289285326033e-06,1.7033642029806965e-05,3.268419188280143e-05,-3.324728035641412e-07,-1.3425418308643234e-06,6.613918598049802e-07,-0.0007817864854522916,0.0001074126013291603,nan,MODEL_NOT_IDENTIFIED
5.94,-1.390528949686168e-05,-3.766092500487386e-07,0.0,1.589133818318899e-05,1.5559562151243786e-05,3.185869665179539e-05,-3.2797288664996955e-07,-1.308633638097049e-06,6.041554548906375e-07,-0.0007620411291124448,9.811718734509421e-05,nan,MODEL_NOT_IDENTIFIED
5.96,-1.3472544963802211e-05,-8.123053390159174e-08,0.0,2.708005110339676e-05,1.3961421439222888e-05,3.05240372859856e-05,-3.1776608917757317e-07,-1.2538109264026725e-06,5.421019459637778e-07,-0.0007301168686438396,8.803945700017944e-05,nan,MODEL_NOT_IDENTIFIED
5.98,-1.2834217012633727e-05,1.8132110532160006e-07,0.0,3.645240870658123e-05,1.2284015414481497e-05,2.876481450590973e-05,-3.027103608648805e-07,-1.1815487704182049e-06,4.769706787685168e-07,-0.0006880373031066288,7.74618867842859e-05,nan,MODEL_NOT_IDENTIFIED
6.0,-1.20263535852709e-05,4.0987773522324893e-07,0.0,4.404171538270186e-05,1.0568433000078908e-05,2.6663850325581823e-05,-2.836559355434283e-07,-1.0952491823068637e-06,4.1035707718378827e-07,-0.0006377834859558365,6.664357971859304e-05,nan,MODEL_NOT_IDENTIFIED
6.0200000000000005,-1.1084028751837068e-05,6.040531258573262e-07,0.0,4.991127278849307e-05,8.851707255484764e-06,2.430082165539443e-05,-2.6143007711358425e-07,-9.981849853815105e-07,3.436990817295374e-07,-0.0005812612416331642,5.581806291643642e-05,nan,MODEL_NOT_IDENTIFIED
6.04,-1.0040789729254522e-05,7.641591281796902e-07,0.0,5.4149686831795125e-05,7.166583800287542e-06,2.1751112646153638e-05,-2.3682403681650795e-07,-8.934526727787739e-07,2.7826815779186236e-07,-0.0005202737143169604,4.519182728422222e-05,nan,MODEL_NOT_IDENTIFIED
6.0600000000000005,-8.928197250224936e-06,8.911185212661832e-07,0.0,5.6866240030269716e-05,5.5413976324287426e-06,1.9084882123552893e-05,-2.105822122867321e-07,-7.839341012272982e-07,2.1516451265193668e-07,-0.00045649906150792155,3.494355074838723e-05,nan,MODEL_NOT_IDENTIFIED
6.08,-7.775457151961649e-06,9.863763948305013e-07,0.0,5.8186409548697034e-05,4.000048068276512e-06,1.636633880111978e-05,-1.8339345813171024e-07,-6.722667195624681e-07,1.5531612244505425e-07,-0.00039147311755263807,2.5223940229776678e-05,nan,MODEL_NOT_IDENTIFIED
6.1000000000000005,-6.609139569057627e-06,1.05181192093744e-06,0.0,5.8247599107419084e-05,2.5620608631629027e-06,1.36532138633282e-05,-1.558844627596988e-07,-5.608219044540653e-07,9.948114421188578e-08,-0.0003265767781444371,1.61561233701164e-05,nan,MODEL_NOT_IDENTIFIED
6.12,-5.452980871372431e-06,1.089652145694643e-06,0.0,5.71951409567172e-05,1.2427261879809628e-06,1.0996417972242359e-05,-1.286150768478943e-07,-4.516908715485801e-07,4.8253273331610474e-08,-0.00026302779612573103,7.83651859991678e-06,nan,MODEL_NOT_IDENTIFIED
6.140000000000001,-4.327762481323068e-06,1.1023892035749125e-06,0.0,5.517861244266335e-05,5.3301014108301725e-08,8.439867754039355e-06,-1.0207545510327611e-07,-3.466775481979445e-07,2.069601837874271e-09,-0.00020187663114854435,3.361113594401281e-07,nan,MODEL_NOT_IDENTIFIED
6.16,-3.2512599270099464e-06,1.0927021287892143e-06,0.0,5.2348500532717806e-05,-9.987354325830507e-07,6.0204653409939045e-06,-7.66848546196383e-08,-2.4729773312236384e-07,-3.877946266883719e-08,-0.00014400596033092232,-6.297935031488119e-06,nan,MODEL_NOT_IDENTIFIED
6.18,-2.2382549263857295e-06,1.0633842141451865e-06,0.0,4.8853237176440395e-05,-1.9093841765905066e-06,3.768213548061301e-06,-5.279191989716724e-08,-1.5478382742465867e-07,-7.413864571226447e-08,-9.013343321248582e-05,-1.2040403396140134e-05,nan,MODEL_NOT_IDENTIFIED
6.2,-1.3006029386244828e-06,1.0172766518481585e-06,0.0,4.483661867016674e-05,-2.6777974999210966e-06,1.7064487136371095e-06,-3.067627612228978e-08,-7.009439879980503e-08,-1.0397503162005873e-07,-4.0817241167309924e-05,-1.688594810175816e-05,nan,MODEL_NOT_IDENTIFIED
6.22,-4.4734844526723626e-07,9.572089859025505e-07,0.0,4.043561336726523e-05,-3.305928366443452e-06,-1.478269101556175e-07,-1.0551248211393554e-08,6.072165140964414e-09,-1.2836445117479403e-07,3.5359320175404133e-06,-2.0846884361322752e-05,nan,MODEL_NOT_IDENTIFIED
6.24,3.1511978267575265e-07,8.859467147408943e-07,0.0,3.577855419301301e-05,-3.798167434694638e-06,-1.7835311156227143e-06,7.432477028831593e-09,7.326064961182615e-08,-1.4747738734250398e-07,4.266100650667134e-05,-2.3950899269243244e-05,nan,MODEL_NOT_IDENTIFIED
6.26,9.828810340282523e-07,8.061462074724786e-07,0.0,3.0983705525034314e-05,-4.160975999002458e-06,-3.1950234125974417e-06,2.3182424935238255e-08,1.3123936480926356e-07,-1.6156472290355567e-07,7.642306512056393e-05,-2.623873716137503e-05,nan,MODEL_NOT_IDENTIFIED
6.28,1.5542699560997114e-06,7.203169391947668e-07,0.0,2.615818810312077e-05,-4.402522305708989e-06,-4.381578983438415e-06,3.6659316172481874e-08,1.7997853799155497e-07,-1.7094361913385685e-07,0.00010480477065111207,-2.7761906258118907e-05,nan,MODEL_NOT_IDENTIFIED
6.3,2.029645758254767e-06,6.307909111373865e-07,0.0,2.1397240731655986e-05,-4.532327760657805e-06,-5.346830465655367e-06,4.787162312312294e-08,2.1962738404003118e-07,-1.759837785496293e-07,0.00012789301363309906,-2.858044768093202e-05,nan,MODEL_NOT_IDENTIFIED
6.32,2.4111498103730076e-06,5.396990005374577e-07,0.0,1.678379361093627e-05,-4.560928597983965e-06,-6.0981919101706915e-06,5.68698525573335e-08,2.504904438634948e-07,-1.770943079923655e-07,0.00014586513376745326,-2.8760801966411267e-05,nan,MODEL_NOT_IDENTIFIED
6.34,2.7024575914613356e-06,4.4895388318468596e-07,0.0,1.2388325141719579e-05,-4.499557638399299e-06,-6.646277932302119e-06,6.37406950441943e-08,2.730037253379763e-07,-1.747113617600395e-07,0.00015897502635724457,-2.8373802262911547e-05,nan,MODEL_NOT_IDENTIFIED
6.36,2.90853035805805e-06,3.6023908826147227e-07,0.0,8.268971938391602e-06,-4.359849844990432e-06,-7.004329649210054e-06,6.860116775394432e-08,2.8771112300855e-07,-1.6928670876156457e-07,0.0001675394110718904,-2.749281759212042e-05,nan,MODEL_NOT_IDENTIFIED
6.38,3.035371282580711e-06,2.7500367985020765e-07,0.0,4.47186049752647e-06,-4.153574501002283e-06,-7.187657519585082e-06,7.159286268920165e-08,2.9524153207065243e-07,-1.612773333647176e-07,0.00017192450500292197,-2.619206398645799e-05,nan,MODEL_NOT_IDENTIFIED
6.4,3.0897901741276777e-06,1.9446201142506845e-07,0.0,1.0316284293662614e-06,-3.892395999687646e-06,-7.213109703190134e-06,7.287639734362063e-08,2.962870106096094e-07,-1.5113614720950268e-07,0.00017253330613953966,-2.454509605156975e-05,nan,MODEL_NOT_IDENTIFIED
6.42,3.0791802526717776e-06,1.1959796770072222e-07,0.0,-2.027896707102527e-06,-3.587664461195619e-06,-7.098573070328084e-06,7.262614965422112e-08,2.915822829744567e-07,-1.3930385916260177e-07,0.00016979365781101915,-2.2623486615420495e-05,nan,MODEL_NOT_IDENTIFIED
6.44,3.011309814728934e-06,5.117309110769635e-08,0.0,-4.692892200007273e-06,-3.250236683474391e-06,-6.8625125414022284e-06,7.102534418696812e-08,2.81885817605653e-07,-1.2620202309804328e-07,0.00016414722996220746,-2.0495697660930796e-05,nan,MODEL_NOT_IDENTIFIED
6.46,2.8941310154529563e-06,-1.02620134983848e-08,0.0,-6.958638612098692e-06,-2.8903272989180344e-06,-6.523553047638493e-06,6.82615420337376e-08,2.679626555774105e-07,-1.1222725852353538e-07,0.00015603951990192966,-1.822614173329495e-05,nan,MODEL_NOT_IDENTIFIED
6.48,2.7356074080526155e-06,-6.435359400324034e-08,0.0,-8.828550180456731e-06,-2.517389449594979e-06,-6.100107095057428e-06,6.452257312316653e-08,2.505691123474366e-07,-9.77466173709374e-08,0.00014591094385408359,-1.5874429488797006e-05,nan,MODEL_NOT_IDENTIFIED
6.5,2.5435613341605583e-06,-1.1092856550391672e-07,0.0,-1.0313163523559562e-05,-2.1400238130903832e-06,-5.6100497004654615e-06,5.999293673994799e-08,2.3043942536838357e-07,-8.309405160035728e-08,0.00013418906161934,-1.3494796020026013e-05,nan,MODEL_NOT_IDENTIFIED
6.5200000000000005,2.325541754421196e-06,-1.4997677599492725e-07,0.0,-1.14291087185611e-05,-1.7659144083234728e-06,-5.070441362496492e-06,5.485068415114214e-08,2.0827437479579408e-07,-6.856792063222133e-08,0.00012128195020675844,-1.1135696053183925e-05,nan,MODEL_NOT_IDENTIFIED
6.54,2.0887126516955477e-06,-1.816322403849088e-07,0.0,-1.2198084346586978e-05,-1.4017892847218425e-06,-4.497298741064538e-06,4.926478646226745e-08,1.8473186387544507e-07,-5.442946496436261e-08,0.0001075727186223,-8.839556057585087e-06,nan,MODEL_NOT_IDENTIFIED
6.5600000000000005,1.8397617330578883e-06,-2.061538193854202e-07,0.0,-1.2645855515361524e-05,-1.0534039461165495e-06,-3.9054118502806825e-06,4.3392981244678676e-08,1.604194099262413e-07,-4.090216254567053e-08,9.341513523182049e-05,-6.642669718242485e-06,nan,MODEL_NOT_IDENTIFIED
6.58,1.5848288030058196e-06,-2.2390577490896074e-07,0.0,-1.280129122005879e-05,-7.255451788459553e-07,-3.3082058253166423e-06,3.738008313204448e-08,1.3588846625067432e-07,-2.8171877415865926e-08,7.913032130643023e-05,-4.575222075543295e-06,nan,MODEL_NOT_IDENTIFIED
6.6000000000000005,1.3294528796368976e-06,-2.3533858573402966e-07,0.0,-1.2695454752213343e-05,-4.220528371161529e-07,-2.7176447026093866e-06,3.135673649211225e-08,1.116304697929466e-07,-1.6387705599762705e-08,6.500444950205467e-05,-2.6614269017553227e-06,nan,MODEL_NOT_IDENTIFIED
6.62,1.0785368774960614e-06,-2.40970357596777e-07,0.0,-1.2360758263500473e-05,-1.45857082259278e-07,-2.1441741526267523e-06,2.5438582429417398e-08,8.807448881960071e-08,-5.663421054192785e-09,5.128737406115228e-05,-9.197615284115441e-07,nan,MODEL_NOT_IDENTIFIED
6.640000000000001,8.363284839581972e-07,-2.4136911169375244e-07,0.0,-1.1830190080061283e-05,1.0097142975583526e-07,-1.5966997205853092e-06,1.972580773188998e-08,6.558632913127481e-08,3.9205756230240855e-09,3.819211034359075e-05,6.367166758007616e-07,nan,MODEL_NOT_IDENTIFIED
6.66,6.064157081599234e-07,-2.371361858487307e-07,0.0,-1.113662098081733e-05,3.171608726272815e-07,-1.0825968567823178e-06,1.4303039887086353e-08,4.446894607044871e-08,1.2314901242920241e-08,2.5895074746238538e-05,1.9999876896032705e-06,nan,MODEL_NOT_IDENTIFIED
6.68,3.917354797423846e-07,-2.2889093420171667e-07,0.0,-1.0312193430147942e-05,5.021694588954558e-07,-6.07748846962504e-07,9.239549893824016e-09,2.4964002556112356e-08,1.9498518976442876e-08,1.4536991974842557e-05,3.166635050427264e-06,nan,MODEL_NOT_IDENTIFIED
6.7,1.9459361558151865e-07,-2.172568649838387e-07,0.0,-9.387795715103053e-06,6.56110785081947e-07,-1.766086757150554e-07,4.589723201399667e-09,7.254410195951012e-09,2.547583961340136e-08,4.224374779794076e-06,4.137375087632284e-06,nan,MODEL_NOT_IDENTIFIED
6.72,1.6694452421647657e-08,-2.0284931238296177e-07,0.0,-8.392621097473979e-06,7.796754133460228e-07,2.0771913715887196e-07,3.937586306997849e-10,-8.532309188087131e-09,3.027367669079674e-08,-4.968518566496008e-06,4.91656242354611e-06,nan,MODEL_NOT_IDENTIFIED
6.74,-1.408215422404159e-07,-1.8626469819067797e-07,0.0,-7.353810463183052e-06,8.740506172874643e-07,5.433806060018911e-07,-3.3214445281066297e-09,-2.232000094277431e-08,3.393813033759043e-08,-1.2997341826667296e-05,5.5116838977781925e-06,nan,MODEL_NOT_IDENTIFIED
6.76,-2.7733382386116205e-07,-1.6807140224015422e-07,0.0,-6.296175541837824e-06,9.408400301016419e-07,8.296619874915184e-07,-6.5412499896494815e-09,-3.407934721713321e-08,3.653146732795056e-08,-1.9845022683753836e-05,5.93285187577516e-06,nan,MODEL_NOT_IDENTIFIED
6.78,-3.9269306117946674e-07,-1.4880222787023047e-07,0.0,-5.241998579309845e-06,9.819847328904353e-07,1.066870661219268e-06,-9.262135597501249e-09,-4.382297399136368e-08,3.812905705368179e-08,-2.5518913475283522e-05,6.192306638868449e-06,nan,MODEL_NOT_IDENTIFIED
6.8,-4.871691427705651e-07,-1.289484199521484e-07,0.0,-4.2109033728921795e-06,9.996871146354754e-07,1.2562104727446243e-06,-1.1490466996556535e-08,-5.1600330645377125e-08,3.881641511632288e-08,-3.0047809473060913e-05,6.303936252173066e-06,nan,MODEL_NOT_IDENTIFIED
6.82,-5.61397269642121e-07,-1.0895516846236866e-07,0.0,-3.219791815240476e-06,9.963386277531698e-07,1.3996545515731219e-06,-1.3241226162424949e-08,-5.749246580685236e-08,3.8686398179090936e-08,-3.34789067646321e-05,6.282820997671671e-06,nan,MODEL_NOT_IDENTIFIED
6.84,-6.163233806573277e-07,-8.921851016209669e-08,0.0,-2.2828395299808147e-06,9.744523583676806e-07,1.499818313948509e-06,-1.4536724194751403e-08,-6.160681079074875e-08,3.783658576740991e-08,-3.587476455539294e-05,6.1448081684732864e-06,nan,MODEL_NOT_IDENTIFIED
6.86,-6.531500251685812e-07,-7.008352455878022e-08,0.0,-1.4115438059994967e-06,9.366011320224876e-07,1.5598350415158086e-06,-1.5405324658532758e-08,-6.407206884576239e-08,3.6366877002570376e-08,-3.731032908400154e-05,5.906121769045525e-06,nan,MODEL_NOT_IDENTIFIED
6.88,-6.732836590801695e-07,-5.184370781843626e-08,0.0,-6.148168343441271e-07,8.853616865316997e-07,1.5832360997554318e-06,-1.588020049871053e-08,-6.503329498486476e-08,3.437732291371341e-08,-3.7870068518362345e-05,5.583010474279656e-06,nan,MODEL_NOT_IDENTIFIED
6.9,-6.782841999249959e-07,-3.4741399456442005e-08,0.0,1.0088279488550138e-07,8.232652665463904e-07,1.5738375317919035e-06,-1.599814423631189e-08,-6.464723769189259e-08,3.1966208095787406e-08,-3.764526034679004e-05,5.1914360833080435e-06,nan,MODEL_NOT_IDENTIFIED
6.92,-6.698175363974268e-07,-1.8969131199859056e-08,0.0,7.313872856238394e-07,7.527548311598123e-07,1.5356344401134797e-06,-1.5798447848972557e-08,-6.307800052578667e-08,2.922838914230807e-08,-3.673146505138294e-05,4.7468036745447925e-06,nan,MODEL_NOT_IDENTIFIED
6.94,-6.496115507371454e-07,-4.671765093295734e-09,0.0,1.2746322549690778e-06,6.761489179852558e-07,1.4727042564298005e-06,-1.532186550625283e-08,-6.049306881561115e-08,2.6253891539392728e-08,-3.5226212380387004e-05,4.26373373583902e-06,nan,MODEL_NOT_IDENTIFIED
6.96,-6.19416080650652e-07,8.050711605445037e-09,0.0,1.7304511974447926e-06,5.95612075633586e-07,1.3891197030248477e-06,-1.4609669223661578e-08,-5.705973444520224e-08,2.312676160132187e-08,-3.3226919435379465e-05,3.7558757143606045e-06,nan,MODEL_NOT_IDENTIFIED
6.98,-5.809671229686157e-07,1.913986425840527e-08,0.0,2.1003578114462608e-06,5.131316619859762e-07,1.288871971374957e-06,-1.3702804563094388e-08,-5.2941940324061365e-08,1.9924165580786914e-08,-3.082905314937309e-05,3.235761708612924e-06,nan,MODEL_NOT_IDENTIFIED
7.0,-5.35955465493439e-07,2.8575085873482868e-08,0.0,2.3873217353625697e-06,4.305007083015709e-07,1.1758043885261223e-06,-1.2641150777434968e-08,-4.829755565536302e-08,1.6715724306797825e-08,-2.8124543625902517e-05,2.7146984110503704e-06,nan,MODEL_NOT_IDENTIFIED
7.0200000000000005,-4.859998276734222e-07,3.636958695716954e-08,0.0,2.5955427205568178e-06,3.493064688706701e-07,1.05355661101457e-06,-1.1462887301225496e-08,-4.327608363525118e-08,1.3563068584158872e-08,-2.5200449290701885e-05,2.202694903230113e-06,nan,MODEL_NOT_IDENTIFIED
7.04,-4.326244957030504e-07,4.2566209557357145e-08,0.0,2.7302277131196855e-06,2.7092421216630573e-07,9.255191814939155e-07,-1.0203966247753424e-08,-3.801679481256276e-08,1.051959811280023e-08,-2.21378699131781e-05,1.708423503377218e-06,nan,MODEL_NOT_IDENTIFIED
7.0600000000000005,-3.772413539440989e-07,4.723316547391206e-08,0.0,2.7973747407025774e-06,1.965157615437532e-07,7.947981055526054e-07,-8.897688598623766e-09,-3.2647272039715835e-08,7.630424825235563e-09,-1.9011099304892846e-05,1.2392105641681554e-06,nan,MODEL_NOT_IDENTIFIED
7.08,-3.2113614246100764e-07,5.045978842191355e-08,0.0,2.803566918087242e-06,1.2703226055377485e-07,6.641889557072462e-07,-7.574380071291816e-09,-2.7282346763613467e-08,4.932480259704279e-09,-1.588700590244146e-05,8.010539105452402e-07,nan,MODEL_NOT_IDENTIFIED
7.1000000000000005,-2.6545870998582345e-07,5.23523792200406e-08,0.0,2.7557793073469747e-06,6.322061876178878e-08,5.361598859370438e-07,-6.261161223581654e-09,-2.2023401327560327e-08,2.4547658420737024e-09,-1.2824626485190481e-05,3.9866348646753883e-07,nan,MODEL_NOT_IDENTIFIED
7.12,-2.1121698256939367e-07,5.303021210853692e-08,0.0,2.6612008059126974e-06,5.633087358987783e-09,4.128428426028233e-07,-4.981805197109692e-09,-1.6958007949368316e-08,2.1872469306830432e-10,-9.874955945673232e-06,3.5521737845875766e-08,nan,MODEL_NOT_IDENTIFIED
7.140000000000001,-1.5927433013960597e-07,5.2621759315592246e-08,0.0,2.527072697486275e-06,-4.5360581524146595e-08,2.9603218498677614e-07,-3.756675604410571e-09,-1.2159872058395452e-08,-1.7612862430472668e-09,-7.0809142937187315e-06,-2.8603971192925475e-07,nan,MODEL_NOT_IDENTIFIED
7.16,-1.1034998561426846e-07,5.126118019858304e-08,0.0,2.3605449939583082e-06,-8.955892343112574e-08,1.8718987947644778e-07,-2.6027364142157884e-09,-7.689045652795314e-09,-3.4774443907293573e-09,-4.477470898252076e-06,-5.647504462723123e-07,nan,MODEL_NOT_IDENTIFIED
7.18,-6.502215341208483e-08,4.908511086995999e-08,0.0,2.168551227240331e-06,-1.2691300687161492e-07,8.745640381124521e-08,-1.5336252694035342e-09,-3.5923752043367012e-09,-4.927849810473615e-09,-2.0919053104038215e-06,-8.003019076443656e-07,nan,MODEL_NOT_IDENTIFIED
7.2,-2.3733435371599523e-08,4.622978033081678e-08,0.0,1.957701922758343e-06,-1.575096141646846e-07,-2.3335101779210467e-09,-5.597814637876299e-10,9.585168994969637e-11,-6.115872135110626e-09,5.58161794945284e-08,-9.932413374764844e-07,nan,MODEL_NOT_IDENTIFIED
7.22,1.3201798651035707e-08,4.2828469904483776e-08,0.0,1.7341966044936375e-06,-1.815538012051844e-07,-8.163115740629632e-08,3.1138021351724214e-10,3.3530963198601e-09,-7.0494733905783155e-09,1.9525688712423874e-06,-1.144861799638694e-06,nan,MODEL_NOT_IDENTIFIED
7.24,4.55884618069283e-08,3.900932428687733e-08,0.0,1.5037538468809598e-06,-1.9935123973316407e-07,-1.5015100125029343e-07,1.0752584058120232e-09,6.167629930931676e-09,-7.740522371599943e-09,3.591522898149995e-06,-1.2570908323928702e-06,nan,MODEL_NOT_IDENTIFIED
7.26,7.334057656501521e-08,3.489351488295016e-08,0.0,1.271558602436912e-06,-2.1129070285756642e-07,-2.078454756456462e-07,1.7298252301780478e-09,8.537498690827501e-09,-8.204114579719803e-09,4.97154050817065e-06,-1.3323800036940812e-06,nan,MODEL_NOT_IDENTIFIED
7.28,9.647021208509702e-08,3.059374932833632e-08,0.0,1.0422257955332416e-06,-2.1782700988707642e-07,-2.5487819848977673e-07,2.275365352186653e-09,1.0469423398163453e-08,-8.457909995576206e-09,6.096535344371963e-06,-1.373597362841184e-06,nan,MODEL_NOT_IDENTIFIED
7.3,1.1507584624629368e-07,2.621311522871563e-08,0.0,8.197789811973948e-07,-2.1946470101971576e-07,-2.915962900728172e-07,2.714201490418666e-09,1.1977662429328807e-08,-8.521499190541502e-09,6.9748103182233305e-06,-1.3839244945504608e-06,nan,MODEL_NOT_IDENTIFIED
7.32,1.2933044036406502e-07,2.184424119283288e-08,0.0,6.076427213947204e-07,-2.1674266709633873e-07,-3.1850242654182645e-07,3.0504131444000007e-09,1.3082863801481959e-08,-8.4158065221219e-09,7.618389145034561e-06,-1.3667595955755668e-06,nan,MODEL_NOT_IDENTIFIED
7.34,1.39469486571504e-07,1.7568754176770903e-08,0.0,4.086472274562965e-07,-2.102199152750386e-07,-3.3622719012909974e-07,3.289554677791426e-09,1.3810929425482192e-08,-8.162537435535085e-09,8.042354977815599e-06,-1.3256277143416918e-06,nan,MODEL_NOT_IDENTIFIED
7.36,1.4577925810918253e-07,1.3457008969569712e-08,0.0,2.2504375317399573e-07,-2.0046260885993648e-07,-3.4550220687495065e-07,3.438378187419277e-09,1.4191911706088138e-08,-7.783675238872813e-09,8.264207877536994e-06,-1.2640990252816633e-06,nan,MODEL_NOT_IDENTIFIED
7.38,1.4858546212200354e-07,9.56806329282969e-09,0.0,5.8529195195089926e-08,-1.8803247922793446e-07,-3.4713449051404957e-07,3.5045658659153884e-09,1.4258959686750581e-08,-7.301031154857155e-09,8.30325113410727e-06,-1.1857157554973363e-06,nan,MODEL_NOT_IDENTIFIED
7.4,1.4824246368986175e-07,5.949870407734798e-09,0.0,-8.972163797608535e-08,-1.7347667033462037e-07,-3.4198233956469485e-07,3.496475837589739e-09,1.4047328994052445e-08,-6.735849997587996e-09,8.180014739043295e-06,-1.0939281451351432e-06,nan,MODEL_NOT_IDENTIFIED
7.42,1.4512321933418864e-07,2.6396602614249893e-09,0.0,-2.1901759370020525e-07,-1.5731904202827235e-07,-3.309330647728183e-07,3.422904728140517e-09,1.3593466966133844e-08,-6.108472492714236e-09,7.915722639140308e-06,-9.920396068731835e-07,nan,MODEL_NOT_IDENTIFIED
7.44,1.3961002867874538e-07,-3.3552000630961635e-10,0.0,-3.2910802690311606e-07,-1.400529276359884e-07,-3.1488275704200295e-07,3.2928695315108133e-09,1.293418159649301e-08,-5.4380540649032555e-09,7.53180879735722e-06,-8.831610559163925e-07,nan,MODEL_NOT_IDENTIFIED
7.46,1.3208618475478517e-07,-2.9581350071369093e-09,0.0,-4.2013630419630406e-07,-1.221353141870107e-07,-2.9471824276691566e-07,3.11541067234776e-09,1.2105900327969108e-08,-4.742338864269771e-09,7.049485575094281e-06,-7.701742110128041e-07,nan,MODEL_NOT_IDENTIFIED
7.48,1.2292857700337405e-07,-5.219387437799371e-09,0.0,-4.92591233222081e-07,-1.0398239029355843e-07,-2.7130131483824345e-07,2.899417538963784e-09,1.1144022322623027e-08,-4.037486896981792e-09,6.489366547183433e-06,-6.557035197939825e-07,nan,MODEL_NOT_IDENTIFIED
7.5,1.1250127663973073e-07,-7.1183684402907165e-09,0.0,-5.47257581339054e-07,-8.596638712556401e-08,-2.4545527408550897e-07,2.6534771864812112e-09,1.0082365635586228e-08,-3.337951364845962e-09,5.871144581182509e-06,-5.420962382482985e-07,nan,MODEL_NOT_IDENTIFIED
7.5200000000000005,1.0115011193075022e-07,-8.66115696942696e-09,0.0,-5.851667296069565e-07,-6.84136220270519e-08,-2.1795376798742254e-07,2.385746388263467e-09,8.952708751890114e-09,-2.656402701740914e-09,5.213324865946371e-06,-4.3141009394330104e-07,nan,MODEL_NOT_IDENTIFIED
7.54,8.919822125287574e-08,-9.859891210586008e-09,0.0,-6.07548383752046e-07,-5.160364200036461e-08,-1.8951187137080786e-07,2.1038467494654363e-09,7.784424215627293e-09,-2.003695316339716e-09,4.533011567235104e-06,-3.2540788491494985e-07,nan,MODEL_NOT_IDENTIFIED
7.5600000000000005,7.694255463439714e-08,-1.0731832940099133e-08,0.0,-6.157841364681907e-07,-3.5769355349026105e-08,-1.607793176604085e-07,1.8147821917236306e-09,6.604200595533289e-09,-1.3888727036132095e-09,3.84574592322381e-06,-2.2555830979556812e-07,nan,MODEL_NOT_IDENTIFIED
7.58,6.465127987679508e-08,-1.129844342380056e-08,0.0,-6.113635478080119e-07,-2.109803399647779e-08,-1.3233575902761137e-07,1.5248777734252224e-09,5.435847789990428e-09,-8.192063634272165e-10,3.1653928700711694e-06,-1.3304228834486213e-07,nan,MODEL_NOT_IDENTIFIED
7.6000000000000005,5.2562037274313214e-08,-1.1584487066281823e-08,0.0,-5.958432849989486e-07,-7.733066127994767e-09,-1.0468790939859306e-07,1.2397385251814065e-09,4.3001796727090714e-09,-3.0026385311135524e-10,2.5040727043687583e-06,-4.876401345084213e-08,nan,MODEL_NOT_IDENTIFIED
7.62,4.0880977344066044e-08,-1.1617176609729534e-08,0.0,-5.708097419097087e-07,4.223661446559773e-09,-7.826840550691106e-08,9.642267535409022e-10,3.2149673091159544e-09,1.6399870881626246e-10,1.8721338401944944e-06,2.6634025906778483e-08,nan,MODEL_NOT_IDENTIFIED
7.640000000000001,2.9782508735936058e-08,-1.1425371286274308e-08,0.0,-5.378454433924081e-07,1.4708869741003078e-08,-5.3436207715761514e-08,7.024560951433205e-10,2.1949554206024235e-09,5.711242901904208e-10,1.2781623965433387e-06,9.27527981818705e-08,nan,MODEL_NOT_IDENTIFIED
7.66,1.9409678474823476e-08,-1.1038836994863599e-08,0.0,-4.984994323085838e-07,2.369459730268215e-08,-3.047835382819529e-08,4.5780048518747904e-10,1.2519344243529376e-09,9.200271879570909e-10,7.290241474275019e-07,1.4941598099069818e-07,nan,MODEL_NOT_IDENTIFIED
7.68,9.875103733728244e-09,-1.048757533989214e-08,0.0,-4.542617383714367e-07,3.118462185384241e-08,-9.612875134798517e-09,2.3291613441415296e-10,3.948602134517991e-10,1.2108540856462747e-09,2.2993427200751435e-07,1.966473963070219e-07,nan,MODEL_NOT_IDENTIFIED
7.7,1.2623732607802237e-09,-9.801226265079922e-09,0.0,-4.065419388595023e-07,3.721069536206885e-08,9.00731593495144e-09,2.977458343900477e-11,-3.699861532402254e-10,1.4448378665636537e-09,-2.1544965509303392e-07,2.3464726915785914e-07,nan,MODEL_NOT_IDENTIFIED
7.72,-6.372162811488286e-09,-9.008547067213213e-09,0.0,-3.566517423537894e-07,4.182868577139863e-08,2.5289753466854955e-08,-1.502950824547071e-10,-1.0388065289558165e-09,1.6241478027501424e-09,-6.049159040462963e-07,2.637678977299066e-07,nan,MODEL_NOT_IDENTIFIED
7.74,-1.2997293967658115e-08,-8.136968799361053e-09,0.0,-3.057914582363129e-07,4.5114709550457285e-08,3.91971410889812e-08,-3.0655672592599676e-10,-1.6100689211147028e-09,1.751739387379658e-09,-9.375723677554692e-07,2.844892655689469e-07,nan,MODEL_NOT_IDENTIFIED
7.76,-1.8604616973528586e-08,-7.212229485536101e-09,0.0,-2.5504015684206004e-07,4.716132959600245e-08,5.0741640972264184e-08,-4.388121466440755e-10,-2.084272905269848e-09,1.83120670481351e-09,-1.2137099581361377e-06,2.973950659045257e-07,nan,MODEL_NOT_IDENTIFIED
7.78,-2.3206041661216397e-08,-6.258082176843798e-09,0.0,-2.0534927774792908e-07,4.807388311543235e-08,5.997888779959771e-08,-5.473422522462644e-10,-2.4637037418095054e-09,1.8666398475513444e-09,-1.4346594238072295e-06,3.031495456101883e-07,nan,MODEL_NOT_IDENTIFIED
7.8,-2.6831201053975697e-08,-5.296074686626279e-09,0.0,-1.5753940639720925e-07,4.7966994123025686e-08,6.700187342247201e-08,-6.328459730338004e-10,-2.752181180997129e-09,1.862489501468175e-09,-1.6026450747046587e-06,3.0247551332115923e-07,nan,MODEL_NOT_IDENTIFIED
7.82,-2.9524826161523713e-08,-4.345396848411123e-09,0.0,-1.1229991162704385e-07,4.6961315320287566e-08,7.193483342489945e-08,-6.963783433792535e-10,-2.9548083463554467e-09,1.823440437706856e-09,-1.7206385523161942e-06,2.961337940273834e-07,nan,MODEL_NOT_IDENTIFIED
7.84,-3.1344139427731065e-08,-3.4227903413600005e-09,0.0,-7.019111809063279e-08,4.518053456370173e-08,7.492725150943929e-08,-7.392890230722782e-10,-3.077725457732572e-09,1.7542952781195983e-09,-1.7922154181510598e-06,2.849043521307486e-07,nan,MODEL_NOT_IDENTIFIED
7.86,-3.235631417687879e-08,-2.5425155159179203e-09,0.0,-3.1648677344878465e-08,4.274867200058191e-08,7.614808189404443e-08,-7.631623753205079e-10,-3.1278725094204265e-09,1.6598695469343717e-09,-1.8214169568990947e-06,2.695692474289704e-07,nan,MODEL_NOT_IDENTIFIED
7.88,-3.263604064171654e-08,-1.716369217342702e-09,0.0,3.0102012702211652e-09,3.978768539715849e-08,7.578027410896749e-08,-7.697600586097292e-10,-3.112764369713194e-09,1.544898689083249e-09,-1.812619212819988e-06,2.508975345317546e-07,nan,MODEL_NOT_IDENTIFIED
7.9,-3.226323240956807e-08,-9.537473344181419e-10,0.0,3.3578994733251134e-08,3.641539328921403e-08,7.40156690187645e-08,-7.6096693049167e-10,-3.0402811289756365e-09,1.4139574291239234e-09,-1.7704109056166841e-06,2.2963216643711826e-07,nan,MODEL_NOT_IDENTIFIED
7.92,-3.1320900518034155e-08,-2.6174568090125995e-10,0.0,5.995291021358235e-08,3.2743718427335045e-08,7.105031983381608e-08,-7.387409055880924e-10,-2.918475904658386e-09,1.2713915667412412e-09,-1.6994815118059859e-06,2.0647891785650478e-07,nan,MODEL_NOT_IDENTIFIED
7.94,-2.989321607835128e-08,3.5470716712745094e-10,0.0,8.211903851183153e-08,2.887724761657241e-08,6.708027754625535e-08,-7.050672602451662e-10,-2.7554017230949372e-09,1.1212620573892736e-09,-1.6045204548455334e-06,1.8209730369433435e-07,nan,MODEL_NOT_IDENTIFIED
7.96,-2.8063776293643807e-08,8.926913199002306e-10,0.0,1.0014590773380953e-07,2.491209849359565e-08,6.229786681390193e-08,-6.619177344997134e-10,-2.5589585470304398e-09,9.67301010875523e-10,-1.4901280264862045e-06,1.5709343304754708e-07,nan,MODEL_NOT_IDENTIFIED
7.98,-2.591408314547266e-08,1.3511173126573802e-09,0.0,1.1417270543518254e-07,2.09350790539502e-08,5.688846597067498e-08,-6.112146500816238e-10,-2.3367610107417617e-09,8.128790570112343e-10,-1.3607383665309173e-06,1.320147092607353e-07,nan,MODEL_NOT_IDENTIFIED
8.0,-2.3522238902979384e-08,1.7305338142707273e-09,0.0,1.2439841256009038e-07,1.702312183150456e-08,5.102779367346066e-08,-5.548001424365527e-10,-2.0960269658490003e-09,6.609833756118424e-10,-1.2205545610369298e-06,1.0734626191306934e-07,nan,MODEL_NOT_IDENTIFIED
8.02,-2.0961858006559457e-08,2.0329265912845828e-09,0.0,1.3107106585956662e-07,1.3242971520485483e-08,4.4879694778792086e-08,-4.944104962007226e-10,-1.8434865335819076e-09,5.14205567309174e-10,-1.0734956817991884e-06,8.350897699119082e-08,nan,MODEL_NOT_IDENTIFIED
8.040000000000001,-1.8301190819675908e-08,2.2615135639655635e-09,0.0,1.3447733782135588e-07,9.651102483804217e-09,3.8594409420684395e-08,-4.3165547783925696e-10,-1.5853110051051316e-09,3.74738450518211e-10,-9.23155383718715e-07,6.08589767042016e-08,nan,MODEL_NOT_IDENTIFIED
8.06,-1.5602451241934776e-08,2.420540302407786e-09,0.0,1.349325951152904e-07,6.293840965240664e-09,3.230730194670184e-08,-3.680024765962377e-10,-1.327060631064131e-09,2.44380806760706e-10,-7.727715017071777e-07,3.96883901426097e-08,nan,MODEL_NOT_IDENTIFIED
8.08,-1.2921337235477206e-08,2.5150797964423647e-09,0.0,1.3277156873362925e-07,3.207665864523105e-09,2.6138020349600734e-08,-3.0476519553610493e-10,-1.0736500942459327e-09,1.2454905932961706e-10,-6.252059447903155e-07,2.0227249938695653e-08,nan,MODEL_NOT_IDENTIFIED
8.1,-1.0306730925875897e-08,2.550839805816543e-09,0.0,1.2833974188868676e-07,4.196615839450116e-10,2.019005207041482e-08,-2.4309657806455203e-10,-8.293302636655988e-10,1.6294856672953112e-11,-4.829340711811858e-07,2.6463478761952257e-09,nan,MODEL_NOT_IDENTIFIED
8.120000000000001,-7.800563079454378e-09,2.53398056836598e-09,0.0,1.2198553575347122e-07,-2.0519033512079597e-09,1.4550638489672287e-08,-1.8398561146398526e-10,-5.976846821918472e-10,-7.967246060594138e-11,-3.4804264296078776e-07,-1.2939116381780983e-08,nan,MODEL_NOT_IDENTIFIED
8.14,-5.437825404739979e-09,2.4709451239178887e-09,0.0,1.1405334865570067e-07,-4.196897525470248e-09,9.29100799426968e-09,-1.2825761703800724e-10,-3.816391400445035e-10,-1.6295950419319356e-10,-2.2223540089945952e-07,-2.6465255048440383e-08,nan,MODEL_NOT_IDENTIFIED
8.16,-3.2467132435723985e-09,2.368304009292186e-09,0.0,1.0487748165172411e-07,-6.012572266823486e-09,4.466886123036962e-09,-7.657761565190356e-11,-1.8348262962683564e-10,-2.3345954710140745e-10,-1.0684526683623667e-07,-3.7914735247397695e-08,nan,MODEL_NOT_IDENTIFIED
8.18,-1.24888076905434e-09,2.2326156025063423e-09,0.0,9.477696273702306e-08,-7.502754808517992e-09,1.1924085895196426e-10,-2.945634688158267e-11,-4.897959284575174e-12,-2.913211953018077e-10,-2.85217062660256e-09,-4.731169116431858e-08,nan,MODEL_NOT_IDENTIFIED
8.2,5.402092489172922e-10,2.0703029482820967e-09,0.0,8.405126345241482e-08,-8.677010412175902e-09,-3.7247784519060693e-09,1.2741481347972159e-11,1.5299967948778718e-10,-3.3691585416752094e-10,8.909449147299771e-08,-5.471644047122114e-08,nan,MODEL_NOT_IDENTIFIED
8.22,2.11085875888933e-09,1.8875474870346774e-09,0.0,7.297688541845422e-08,-9.54979298095488e-09,-7.0507489216461875e-09,4.9787128892178294e-11,2.896178495149681e-10,-3.7080474800243726e-10,1.6864973253815836e-07,-6.022012817014358e-08,nan,MODEL_NOT_IDENTIFIED
8.24,3.458647879882576e-09,1.6901997392853977e-09,0.0,6.18047804188485e-08,-1.0139601637840165e-08,-9.85576726345722e-09,8.157634757096558e-11,4.048372948580424e-10,-3.937061711874387e-10,2.3574410767024136e-07,-6.393940805236994e-08,nan,MODEL_NOT_IDENTIFIED
8.26,4.5839046988212975e-09,1.4837066692930783e-09,0.0,5.075855605187196e-08,-1.0468158597417963e-08,-1.2147164526681793e-08,1.081168757069089e-10,4.989591470377739e-10,-4.0646356612193187e-10,2.905529712216138e-07,-6.601125843241759e-08,nan,MODEL_NOT_IDENTIFIED
8.28,5.491146565243543e-09,1.2730551669842665e-09,0.0,4.003340962841896e-08,-1.0559621471367375e-08,-1.3941175963726536e-08,1.2951526039263334e-10,5.726502882450609e-10,-4.100149381772243e-10,3.3346466080101697e-07,-6.658801501792973e-08,nan,MODEL_NOT_IDENTIFIED
8.3,6.188506813569031e-09,1.062730846331999e-09,0.0,2.9795725830759773e-08,-1.0439840964776367e-08,-1.52615965181535e-08,1.459633360497327e-10,6.268881239243967e-10,-4.0536403311041696e-10,3.650483373461182e-07,-6.583269000998656e-08,nan,MODEL_NOT_IDENTIFIED
8.32,6.687159499109228e-09,8.566911606699243e-10,0.0,2.018326854019462e-08,-1.0135672783132602e-08,-1.613844914871742e-08,1.577246561394215e-10,6.629058826089837e-10,-3.9355361940095693e-10,3.8602213222427396e-07,-6.39146330510141e-08,nan,MODEL_NOT_IDENTIFIED
8.34,7.000753307211098e-09,6.583516797534199e-10,0.0,1.1305894052083386e-08,-9.674350513725512e-09,-1.660668979356459e-08,1.6512114123251786e-10,6.82139420793815e-10,-3.756411381360171e-10,3.972221707442293e-07,-6.100557667179837e-08,nan,MODEL_NOT_IDENTIFIED
8.36,7.144864322159618e-09,4.705842577635677e-10,0.0,3.246711460793907e-09,-9.0829242998399e-09,-1.6704969312903354e-08,1.6852017190939736e-10,6.861763682668521e-10,-3.5267690753549555e-10,3.9957295855906356e-07,-5.727609662187449e-08,nan,MODEL_NOT_IDENTIFIED
8.38,7.136475857052137e-09,2.9572574342852645e-10,0.0,-3.936383861831208e-09,-8.387768315592235e-09,-1.6474469299475976e-08,1.6832231992533877e-10,6.767083076474954e-10,-3.256849989071718e-10,3.940595349431374e-07,-5.289250605052674e-08,nan,MODEL_NOT_IDENTIFIED
8.4,6.9934920774896625e-09,1.3559584011766022e-10,0.0,-1.0208876239018904e-08,-7.614158392264227e-09,-1.5957825277658624e-08,1.6494987644346723e-10,6.554865435162928e-10,-2.9564683648376553e-10,3.8170171635319507e-07,-4.8014192056766266e-08,nan,MODEL_NOT_IDENTIFIED
8.42,6.7342907265176115e-09,-8.477288068264028e-12,0.0,-1.5557564925402414e-08,-6.785919657137404e-09,-1.5198147578616338e-08,1.588363025174399e-10,6.24281883704107e-10,-2.634875157448724e-10,3.6353067634277135e-07,-4.279139373178859e-08,nan,MODEL_NOT_IDENTIFIED
8.44,6.3773188978715705e-09,-1.3562505197146898e-10,0.0,-1.9988334679817768e-08,-5.925142731980906e-09,-1.4238147126348057e-08,1.5041669491990058e-10,5.84848729920151e-10,-2.300647838117815e-10,3.4056803488286874e-07,-3.736341253238427e-08,nan,MODEL_NOT_IDENTIFIED
8.46,5.940734527517788e-09,-2.4540146188443184e-10,0.0,-2.352382318713262e-08,-5.051965904972282e-09,-1.3119370534624282e-08,1.401193302916053e-10,5.388936584542003e-10,-1.9616058149596055e-10,3.1380756233435617e-07,-3.185723867683322e-08,nan,MODEL_NOT_IDENTIFIED
8.48,5.442095094289683e-09,-3.3774242641067223e-10,0.0,-2.6201041643644e-08,-4.184419737468093e-09,-1.1881546326260769e-08,1.2835832277354995e-10,4.880485653601595e-10,-1.6247500960310206e-10,2.841995414007412e-07,-2.63865712492975e-08,nan,MODEL_NOT_IDENTIFIED
8.5,4.898093950122692e-09,-4.129225323927604e-10,0.0,-2.8068999157583354e-08,-3.3383297927171995e-09,-1.0562041764405466e-08,1.1552740504015059e-10,4.338483551588721e-10,-1.2962255202874105e-10,2.5263777485469594e-07,-2.1051204815911858e-08,nan,MODEL_NOT_IDENTIFIED
8.52,4.324343746642303e-09,-4.715104200603514e-10,0.0,-2.918637564998832e-08,-2.52727257131805e-09,-9.195427743603957e-09,1.0199482015625153e-10,3.7771306822411525e-10,-9.813036479533805e-11,2.199491779903986e-07,-1.5936751557774983e-08,nan,MODEL_NOT_IDENTIFIED
8.540000000000001,3.7352055922205725e-09,-5.143237645950022e-10,0.0,-2.9619281820272608e-08,-1.7625792993860991e-09,-7.813147432578375e-09,8.809929204193655e-11,3.2093426989291024e-10,-6.843842314138043e-11,1.8688585275532582e-07,-1.1114665158789607e-08,nan,MODEL_NOT_IDENTIFIED
8.56,3.1436618638103226e-09,-5.423847651227566e-10,0.0,-2.9439138599522185e-08,-1.0533819293355213e-09,-6.44328289097239e-09,7.414702558749258e-11,2.6466546397234647e-10,-4.0901307665679176e-11,1.5411950536120856e-07,-6.6425308824187075e-09,nan,MODEL_NOT_IDENTIFIED
8.58,2.5612300100848155e-09,-5.568769276644281e-10,0.0,-2.8720702471903953e-08,-4.066955675482012e-10,-5.110412693404385e-09,6.040967359734814e-11,2.0991624447920526e-10,-1.5791404875390302e-11,1.2223804073582475e-07,-2.564585353088261e-09,nan,MODEL_NOT_IDENTIFIED
8.6,1.9979142136213782e-09,-5.591038124717692e-10,0.0,-2.754025720390511e-08,1.7246847557130165e-10,-3.835552675947031e-09,4.7123196684851106e-11,1.5754986173153982e-10,6.6967032426902326e-12,9.174414521393229e-08,1.087570560422196e-09,nan,MODEL_NOT_IDENTIFIED
8.620000000000001,1.4621914251297808e-09,-5.504503008494459e-10,0.0,-2.5973986969879373e-08,6.809647239778866e-10,-2.6361712585608375e-09,3.448753387283882e-11,1.0828385173575307e-10,2.6440882370616742e-11,6.305565304079273e-08,4.294101771533314e-09,nan,MODEL_NOT_IDENTIFIED
8.64,9.610280355081385e-10,-5.323468241088278e-10,0.0,-2.409654067234061e-08,1.1173561823620983e-09,-1.5262703747582441e-09,2.266699582402005e-11,6.269336046824967e-11,4.338533604404013e-11,3.6507482161738134e-08,7.045946718189471e-09,nan,MODEL_NOT_IDENTIFIED
8.66,4.999233039961255e-10,-5.062368895218822e-10,0.0,-2.19797924831795e-08,1.4817428362120117e-09,-5.165228370353882e-10,1.1791289145918492e-11,2.1216786322981502e-11,5.7533946555883735e-11,1.2354919921830153e-08,9.34373589980767e-09,nan,MODEL_NOT_IDENTIFIED
8.68,8.297560408797074e-11,-4.73548136545246e-10,0.0,-1.9691799319531533e-08,1.7755809096018493e-09,3.855430383101122e-10,1.9570788799757613e-12,-1.583663620584174e-11,6.894325699582018e-11,-9.221960817996092e-09,1.11966521332897e-08,nan,MODEL_NOT_IDENTIFIED
8.700000000000001,-2.870324263363182e-10,-4.3566706237686636e-10,0.0,-1.7295952143814484e-08,2.0014973896902613e-09,1.1753205533799386e-09,-6.770003130744847e-12,-4.8277681554595183e-11,7.771526950288136e-11,-2.81129705761594e-08,1.2621260961334843e-08,nan,MODEL_NOT_IDENTIFIED
8.72,-6.085336479469147e-10,-3.939174700201362e-10,0.0,-1.4850314657317183e-08,2.163103892164961e-09,1.8508721830061462e-09,-1.4352994030496825e-11,-7.602676358586886e-11,8.399021792796173e-11,-4.427176489975255e-08,1.3640336904820057e-08,nan,MODEL_NOT_IDENTIFIED
8.74,-8.810647556800976e-10,-3.4954261512667783e-10,0.0,-1.2407140145077896e-08,2.264813480313034e-09,2.41265579742615e-09,-2.0780966215134827e-11,-9.910268986109922e-11,8.793945518136518e-11,-5.77092957733002e-08,1.4281708340475726e-08,nan,MODEL_NOT_IDENTIFIED
8.76,-1.10514663818596e-09,-3.0369096038443545e-10,0.0,-1.0012554920884207e-08,2.311663573915634e-09,2.8632372363877646e-09,-2.6066205466571755e-11,-1.1761085528205068e-10,8.975857703948798e-11,-6.848693656181843e-08,1.4577140780441528e-08,nan,MODEL_NOT_IDENTIFIED
8.78,-1.2821599619325355e-09,-2.574053883012126e-10,0.0,-7.706395000421093e-09,2.3091476035501145e-09,3.2069962830494623e-09,-3.0241276455045074e-11,-1.3173116462108067e-10,8.96608855231139e-11,-7.67094490808902e-08,1.4561275299568171e-08,nan,MODEL_NOT_IDENTIFIED
8.8,-1.4142188991490427e-09,-2.1161567488981851e-10,0.0,-5.522181275684124e-09,2.263057590743292e-09,3.449832391278436e-09,-3.335604446160834e-11,-1.4170594492192837e-10,8.787127651081946e-11,-8.251794476816279e-08,1.427063586014517e-08,nan,MODEL_NOT_IDENTIFIED
8.82,-1.5040456143768367e-09,-1.671339877940907e-10,0.0,-3.4872175462879607e-09,2.179339373145495e-09,3.5988757853298027e-09,-3.547471499329295e-11,-1.4782807857741116e-10,8.462061834037812e-11,-8.608297435901564e-08,1.3742716374982551e-08,nan,MODEL_NOT_IDENTIFIED
8.84,-1.5548478057314391e-09,-1.2465314245438512e-10,0.0,-1.6227952497679406e-09,2.0639617536357716e-09,3.6622087950074943e-09,-3.667294544728483e-11,-1.5042955684163517e-10,8.014067105641656e-11,-8.759786238887976e-08,1.3015155573539203e-08,nan,MODEL_NOT_IDENTIFIED
8.86,-1.570201271774628e-09,-8.474732851515725e-11,0.0,5.5511413854323154e-11,1.922800438942393e-09,3.6486015290948357e-09,-3.703507531012612e-11,-1.4987062230358863e-10,7.465957991371231e-11,-8.727238465846447e-08,1.2125005129393005e-08,nan,MODEL_NOT_IDENTIFIED
8.88,-1.553939150090793e-09,-4.7875005238198256e-11,0.0,1.537476087972116e-09,1.761537251687663e-09,3.5672652400595695e-09,-3.6651513717042844e-11,-1.465296380507524e-10,6.839796192562469e-11,-8.532686886377617e-08,1.1108094100538989e-08,nan,MODEL_NOT_IDENTIFIED
8.9,-1.5100491553804138e-09,-1.4383658532375722e-11,0.0,2.8177922551175724e-09,1.585574753309755e-09,3.427626006802508e-09,-3.561631568945314e-11,-1.4079379142037958e-10,6.156559079475066e-11,-8.198678122169084e-08,9.998490549279934e-09,nan,MODEL_NOT_IDENTIFIED
8.92,-1.442579838412906e-09,1.548388738659571e-11,0.0,3.895601573160414e-09,1.3999661065603962e-09,3.2391206705874928e-09,-3.4024971140234704e-11,-1.3305071182651114e-10,5.435867357442705e-11,-7.747784537842509e-08,8.82805926149974e-09,nan,MODEL_NOT_IDENTIFIED
8.94,-1.3555565969689306e-09,4.15819045051964e-11,0.0,4.773992592376955e-09,1.2093597367040814e-09,3.0110163113750804e-09,-3.197242389132921e-11,-1.236810555369117e-10,4.695770194256208e-11,-7.202172439050322e-08,7.626112785206035e-09,nan,MODEL_NOT_IDENTIFIED
8.96,-1.2529078995698803e-09,6.385323130689282e-11,0.0,5.459482822720833e-09,1.0179581207141093e-09,2.7522539548052087e-09,-2.955133157214924e-11,-1.1305208575256509e-10,3.9525852045296114e-11,-6.583228228847705e-08,6.419151558939096e-09,nan,MODEL_NOT_IDENTIFIED
8.98,-1.1384019351619505e-09,8.232005308698914e-11,0.0,5.961495927813609e-09,8.294898434147187e-10,2.471316659448431e-09,-2.685057142659576e-11,-1.0151225413553106e-10,3.220789947712785e-11,-5.911242880221052e-08,5.230687700339239e-09,nan,MODEL_NOT_IDENTIFIED
9.0,-1.0155936790565656e-09,9.707424771952467e-11,0.0,6.291844544437593e-09,6.471939076785601e-10,2.176121653384456e-09,-2.3953991799942016e-11,-8.938677019135942e-11,2.5129610068412744e-11,-5.205153933181e-08,4.081146067675485e-09,nan,MODEL_NOT_IDENTIFIED
9.02,-8.877821686801419e-10,1.082675308412793e-10,0.0,6.464227897809403e-09,4.738151708586379e-10,1.8739357708107125e-09,-2.093940443628382e-11,-7.69741277277902e-11,1.8397562688568514e-11,-4.4823432241454215e-08,2.987835482399392e-09,nan,MODEL_NOT_IDENTIFIED
9.040000000000001,-7.579776127528975e-10,1.1610161100428523e-10,0.0,6.493752034786031e-09,3.116096995021674e-10,1.5713130839418669e-09,-1.7877808709176954e-11,-6.454354301127565e-11,1.2099357161924882e-11,-3.758487705142008e-08,1.9649824954848524e-09,nan,MODEL_NOT_IDENTIFIED
9.06,-6.288778145066288e-10,1.208185406591523e-10,0.0,6.396479157298955e-09,1.6235878653364451e-10,1.2740533323652265e-09,-1.4832835535025238e-11,-5.2333247203595705e-11,6.304158534813586e-12,-3.0474600092918626e-08,1.0238197785128775e-09,nan,MODEL_NOT_IDENTIFIED
9.08,-5.028532730490176e-10,1.2269142348441991e-10,0.0,6.189011231217132e-09,2.7390356659917488e-11,9.871795195802117e-10,-1.1860395970935617e-11,-4.0549566113224753e-11,1.0635282167092667e-12,-2.3612748630606368e-08,1.7272110421405743e-10,nan,MODEL_NOT_IDENTIFIED
9.1,-3.8194023611589176e-10,1.2201561313013596e-10,0.0,5.888111792525138e-09,-9.239350633260467e-11,7.149328720298353e-10,-9.008517355569734e-12,-2.9366713131588525e-11,-3.587507174348967e-12,-1.7100770285607904e-08,-5.826250688925493e-10,nan,MODEL_NOT_IDENTIFIED
9.120000000000001,-2.6784091096609986e-10,1.1910051339197307e-10,0.0,5.510368690719655e-09,-1.9648414566594818e-10,4.6078323609106547e-10,-6.317348283351821e-12,-1.8927216301737837e-11,-7.629197226100614e-12,-1.1021661725359175e-08,-1.2390111973109444e-09,nan,MODEL_NOT_IDENTIFIED
9.14,-1.6192999649253622e-10,1.1426206560536047e-10,0.0,5.071899412829942e-09,-2.8473021541534376e-10,2.274529191548625e-10,-3.819312672121121e-12,-9.342897618903296e-12,-1.1055665393618764e-11,-5.44053892810223e-09,-1.795482907369802e-09,nan,MODEL_NOT_IDENTIFIED
9.16,-6.526667692352348e-11,1.0781598601156617e-10,0.0,4.588099631338848e-09,-3.572989790004797e-10,1.6951957535988815e-11,-1.5393926489261555e-12,-6.963217015953351e-13,-1.3873406275300592e-11,-4.054807703711622e-10,-2.2530949470193527e-09,nan,MODEL_NOT_IDENTIFIED
9.18,2.1388786238998497e-11,1.0007179429866917e-10,0.0,4.073434723306369e-09,-4.1463605836575317e-10,-1.6937718839443106e-10,5.044801092653772e-13,6.957368302973637e-12,-1.609972273133649e-11,4.051401891944933e-09,-2.6146573678136527e-09,nan,MODEL_NOT_IDENTIFIED
9.200000000000001,9.75547142909276e-11,9.132765469607219e-11,0.0,3.541273221079185e-09,-4.5742457877053513e-10,-3.308074578753807e-10,2.30094463402072e-12,1.3588307514290588e-11,-1.776113953458387e-11,7.912718196648706e-09,-2.8844778956644177e-09,nan,MODEL_NOT_IDENTIFIED
9.22,1.6300474591948254e-10,8.186603307753702e-11,0.0,3.0037604793661985e-09,-4.865445556412123e-10,-4.671693939246312e-10,3.844661922998677e-12,1.9189535286426438e-11,-1.8891826420352217e-11,1.1174414833227021e-08,-3.0681058280144715e-09,nan,MODEL_NOT_IDENTIFIED
9.24,2.1774242869892326e-10,7.195015762401682e-11,0.0,2.4717302790538246e-09,-5.030332668453671e-10,-5.787894798388013e-10,5.135715649981868e-12,2.3774462306858513e-11,-1.9532059398714664e-11,1.3844301088503845e-08,-3.1720821449937945e-09,nan,MODEL_NOT_IDENTIFIED
9.26,2.6197439954346396e-10,6.18212567808923e-11,0.0,1.954651632708668e-09,-5.08047248531154e-10,-6.664262294854339e-10,6.17897959377645e-12,2.7374245429643923e-11,-1.9726745107524776e-11,1.5940520164330383e-08,-3.2036998586304145e-09,nan,MODEL_NOT_IDENTIFIED
9.28,2.9608282779609334e-10,5.169653653421871e-11,0.0,1.4606077062400976e-09,-5.028264475779146e-10,-7.312055068460165e-10,6.983467675497653e-12,3.003513084916405e-11,-1.9524028903550767e-11,1.7490002059414898e-08,-3.170777961456111e-09,nan,MODEL_NOT_IDENTIFIED
9.3,3.2059773025057186e-10,4.1767849404581677e-11,0.0,9.963035201169984e-10,-4.886609607098662e-10,-7.745563932266463e-10,7.561680975246095e-12,3.181581976996516e-11,-1.8974003390022487e-11,1.852692955103778e-08,-3.0814516863747997e-09,nan,MODEL_NOT_IDENTIFIED
9.32,3.361696989390439e-10,3.220099995551296e-11,0.0,5.670989350555425e-10,-4.66860691145197e-10,-7.981487567383101e-10,7.928964484354897e-12,3.2784903999336384e-11,-1.812753022788865e-11,1.9091244894046214e-08,-2.9439811642445075e-09,nan,MODEL_NOT_IDENTIFIED
9.34,3.435435117452496e-10,2.3135625944987994e-11,0.0,1.7706335345378185e-10,-4.3872815972833576e-10,-8.038335119615168e-10,8.10288468013461e-12,3.3018412042391146e-11,-1.7035184431125962e-11,1.922722086746307e-08,-2.7665799733440764e-09,nan,MODEL_NOT_IDENTIFIED
9.36,3.4353302443622216e-10,1.4685590396047683e-11,0.0,-1.7095142942841197e-10,-4.0553461999635865e-10,-7.935863916511149e-10,8.10263732440601e-12,3.259749945835223e-11,-1.574632694906629e-11,1.8982115827014105e-08,-2.5572645231487844e-09,nan,MODEL_NOT_IDENTIFIED
9.38,3.369976719821018e-10,6.939817687940783e-12,0.0,-4.75223720396377e-10,-3.684995464756787e-10,-7.694558899880301e-10,7.948493219018159e-12,3.1606310568059375e-11,-1.4308308226411809e-11,1.8404928538583374e-08,-2.3237247093901164e-09,nan,MODEL_NOT_IDENTIFIED
9.4,3.248208383112564e-10,-3.649388155129084e-14,0.0,-7.35063136809807e-10,-3.287734933607382e-10,-7.335158808978375e-10,7.66128803064829e-12,3.0130032195375565e-11,-1.276580263034348e-11,1.754526483649472e-08,-2.07321582243868e-09,nan,MODEL_NOT_IDENTIFIED
9.42,3.0789028799897773e-10,-6.2003499037278836e-12,0.0,-9.507037186608054e-10,-2.874242570308102e-10,-6.878232675545197e-10,7.261960748771577e-12,2.8253154070474054e-11,-1.1160271160918989e-11,1.6452324624758907e-08,-1.8124712893905046e-09,nan,MODEL_NOT_IDENTIFIED
9.44,2.8708079170211923e-10,-1.1529192982053406e-11,0.0,-1.1231919168839833e-09,-2.4542622084115284e-10,-6.343808821726372e-10,6.7711438857531646e-12,2.605794489493058e-11,-9.529547724614091e-12,1.5174014462105814e-08,-1.5476354832867153e-09,nan,MODEL_NOT_IDENTIFIED
9.46,2.6323902013985803e-10,-1.6018953207459415e-11,0.0,-1.254272181981611e-09,-2.036527143163289e-10,-5.751057299567731e-10,6.208807183314229e-12,2.3623147924395023e-11,-7.907542452771362e-12,1.3756187976089047e-08,-1.2842155408797865e-09,nan,MODEL_NOT_IDENTIFIED
9.48,2.371707296215366e-10,-1.9681974273781188e-11,0.0,-1.3462726056597858e-09,-1.6287118114258733e-10,-5.118025586317786e-10,5.593955367877124e-12,2.102289530579206e-11,-6.3240540816831095e-12,1.2242013661924854e-08,-1.0270508924318662e-09,nan,MODEL_NOT_IDENTIFIED
9.5,2.0963021591370676e-10,-2.2544869101334973e-11,0.0,-1.4019927817693005e-09,-1.2374092092147276e-10,-4.4614263596901264e-10,4.944379407404055e-12,1.8325836339115717e-11,-4.8046822681268575e-12,1.0671467253506408e-08,-7.802990214179073e-10,nan,MODEL_NOT_IDENTIFIED
9.52,1.8131197284739985e-10,-2.4646353907702756e-11,0.0,-1.4245957586153226e-09,-8.681314810213464e-11,-3.796475324697915e-10,4.2764597696713554e-12,1.5594471331974987e-11,-3.3708298776222857e-12,9.080943814810127e-09,-5.474358361474626e-10,nan,MODEL_NOT_IDENTIFIED
9.540000000000001,1.5284445758363403e-10,-2.6035104379688654e-11,0.0,-1.4175056591433793e-09,-5.2533097346331116e-11,-3.136776348867413e-10,3.6050193685983296e-12,1.2884679778900528e-11,-2.039784732731041e-12,7.502982990138825e-09,-3.312689460054e-10,nan,MODEL_NOT_IDENTIFIED
9.56,1.247858358478548e-10,-2.67676721009889e-11,0.0,-1.38431225439457e-09,-2.124389720806388e-11,-2.494250583119148e-10,2.9432232105118677e-12,1.0245429216982582e-11,-8.248700224743683e-13,5.966099465473189e-09,-1.3396208852425258e-10,nan,MODEL_NOT_IDENTIFIED
9.58,9.762155757214401e-11,-2.6906493805786506e-11,0.0,-1.3286834939638357e-09,6.808067221070032e-12,-1.8791057966411719e-10,2.3025212127678684e-12,7.718649265236687e-12,2.643474738486017e-13,4.4947096193072954e-09,4.293105426069635e-11,nan,MODEL_NOT_IDENTIFIED
9.6,7.176359601474517e-11,-2.6518020475207097e-11,0.0,-1.2542867292419174e-09,3.1466577830570176e-11,-1.299841829006389e-10,1.6926302574750591e-12,5.339254019820339e-12,1.2218020313354448e-12,3.109144563789909e-09,1.984253851169097e-10,nan,MODEL_NOT_IDENTIFIED
9.620000000000001,4.755117124942527e-11,-2.567098787323604e-11,0.0,-1.1647191144698113e-09,5.2658059348683466e-11,-7.632878533646909e-11,1.1215512558570485e-12,3.135295117001064e-12,2.0446368278376615e-12,1.8257392760700528e-09,3.32056945055543e-10,nan,MODEL_NOT_IDENTIFIED
9.64,2.525277155958067e-11,-2.4434844918800056e-11,0.0,-1.0634474398460826e-09,7.0383360744553e-11,-2.7466704129171678e-11,5.956168252503597e-13,1.1282273516693773e-12,2.7328848276079635e-12,6.569872727800963e-10,4.438310875989931e-10,nan,MODEL_NOT_IDENTIFIED
9.66,5.069283312783632e-12,-2.2878351384390806e-11,0.0,-9.537574421636342e-10,8.470907911000377e-11,1.6231578759324345e-11,1.195651109396465e-13,-6.667312914910588e-13,3.289131900088869e-12,-3.882497372765576e-10,5.341677679665463e-10,nan,MODEL_NOT_IDENTIFIED
9.68,-1.2861959124924352e-11,-2.1068351857899224e-11,0.0,-8.387124531165763e-10,9.575864407787596e-11,5.453678708204059e-11,-3.033646917690862e-13,-2.2401630195148916e-12,3.718170640679319e-12,-1.304487602251649e-09,6.038453222252207e-10,nan,MODEL_NOT_IDENTIFIED
9.700000000000001,-2.846238742672786e-11,-1.9068728748713524e-11,0.0,-7.211210843044341e-10,1.0370336000983627e-10,8.734877519032229e-11,-6.713194549024347e-13,-3.5879542314607187e-12,4.026652551750749e-12,-2.0893308976238717e-09,6.539439801387656e-10,nan,MODEL_NOT_IDENTIFIED
9.72,-4.170685385989354e-11,-1.6939533394233075e-11,0.0,-6.035135113122292e-10,1.0875358103886257e-10,1.1468340488577864e-10,-9.837060391015154e-13,-4.710756469586326e-12,4.2227453822193595e-12,-2.7431590282803795e-09,6.857902157861806e-10,nan,MODEL_NOT_IDENTIFIED
9.74,-5.2617893006346246e-11,-1.4736291049408694e-11,0.0,-4.881258068101599e-10,1.1115017115488241e-10,1.3665874548953414e-10,-1.241055949437475e-12,-5.613419570874675e-12,4.315801534934727e-12,-3.2687961423577587e-09,7.009028956365017e-10,nan,MODEL_NOT_IDENTIFIED
9.76,-6.125974536899015e-11,-1.2509472729404335e-11,0.0,-3.7689168371409127e-10,1.1115637839846818e-10,1.5348093803592033e-10,-1.4448843750174573e-12,-6.304411022074101e-12,4.316042553289595e-12,-3.6711730111388187e-09,7.009420379514255e-10,nan,MODEL_NOT_IDENTIFIED
9.78,-6.773228410405584e-11,-1.0304124523770462e-11,0.0,-2.7144094302850633e-10,1.0905022934272666e-10,1.654300312104661e-10,-1.59754694370201e-12,-6.795234154102172e-12,4.234263809873136e-12,-3.956988233089761e-09,6.87660853078086e-10,nan,MODEL_NOT_IDENTIFIED
9.8,-7.216497152537414e-11,-8.159643100680576e-12,0.0,-1.7310387570263314e-10,1.0511752780452435e-10,1.728460613942297e-10,-1.7020971790289974e-12,-7.09985636340618e-12,4.0815626564816315e-12,-4.134375276776269e-09,6.628615939572058e-10,nan,MODEL_NOT_IDENTIFIED
9.82,-7.471095672440852e-11,-6.1096846553217595e-12,0.0,-8.292084207000152e-11,9.96455204802881e-11,1.7611561284724076e-10,-1.7621472855214841e-12,-7.234157055605347e-12,3.869092469852725e-12,-4.212581008422337e-09,6.283556121971151e-10,nan,MODEL_NOT_IDENTIFIED
9.84,-7.554141001315935e-11,-4.182193504607532e-12,0.0,-1.6562444285228555e-12,9.291727223687264e-11,1.756590574779058e-10,-1.781734519746348e-12,-7.215403503930098e-12,3.607844252286856e-12,-4.201660474762315e-09,5.859278891682429e-10,nan,MODEL_NOT_IDENTIFIED
9.86,-7.484017426167625e-11,-2.399535862977105e-12,0.0,7.018388386053466e-11,8.520677533457966e-11,1.719186375275618e-10,-1.7651950357112996e-12,-7.0617613313977945e-12,3.3084567298002223e-12,-4.112191847923363e-09,5.373061952071712e-10,nan,MODEL_NOT_IDENTIFIED
9.88,-7.279879786474599e-11,-7.787240190956313e-13,0.0,1.3233142771164778e-10,7.677480009205206e-11,1.6534751948157824e-10,-1.717046731442522e-12,-6.791844887267427e-12,2.9810552394010435e-12,-3.955014601470932e-09,4.841349242858911e-10,nan,MODEL_NOT_IDENTIFIED
9.9,-6.961199929002535e-11,6.682838642533709e-13,0.0,1.8473359956353826e-10,6.786547954379041e-11,1.563999141377604e-10,-1.6418822749269617e-12,-6.424311417166192e-12,2.635119116245339e-12,-3.740993188304576e-09,4.2795355717194527e-10,nan,MODEL_NOT_IDENTIFIED
9.92,-6.547359914871307e-11,1.934222821872108e-12,0.0,2.2752888671335718e-10,5.870360756419871e-11,1.4552232646292653e-10,-1.5442731571329628e-12,-5.977501640601297e-12,2.2793767836734973e-12,-3.480807742416824e-09,3.701796236437766e-10,nan,MODEL_NOT_IDENTIFIED
9.94,-6.057294266624648e-11,3.016112998881255e-12,0.0,2.6102216377231624e-10,4.9492618766778496e-11,1.3314597000190845e-10,-1.4286853117021138e-12,-5.469128163839644e-12,1.921727315596843e-12,-3.184772636055345e-09,3.120959639183131e-10,nan,MODEL_NOT_IDENTIFIED
9.96,-5.50918234523751e-11,3.91481764431045e-12,0.0,2.8565954017692726e-10,4.041320922303441e-11,1.1968035443509895e-10,-1.2994065583865696e-12,-4.916012081251341e-12,1.5691868809933782e-12,-2.862683097902586e-09,2.5484203102951625e-10,nan,MODEL_NOT_IDENTIFIED
9.98,-4.920190867855e-11,4.63457952915248e-12,0.0,3.020034514057202e-10,3.1622549637589266e-11,1.0550803159416267e-10,-1.1604858727777085e-12,-4.333867161692143e-12,1.2278581926273753e-12,-2.5236895408876124e-09,1.994089291820378e-10,nan,MODEL_NOT_IDENTIFIED
10.0,-4.3062656232789226e-11,5.182547106057249e-12,0.0,3.107084387352472e-10,2.3254036988704453e-11,9.098046494770587e-11,-1.0156842599120806e-12,-3.737130182742982e-12,9.029208636074253e-13,-2.176198762733059e-09,1.4663784761887268e-10,nan,MODEL_NOT_IDENTIFIED
